CaseID,Feature__GLSZM_SmallZoneEmphasis(IBSI:5QRC),Feature__GLSZM_LargeZoneEmphasis(IBSI:48P8),Feature__GLSZM_LowGrayLevelZoneEmphasis(IBSI:XMSY),Feature__GLSZM_HighGrayLevelZoneEmphasis(IBSI:5GN9),Feature__GLSZM_SmallZoneLowGreyLevelEmphasis(IBSI:5RAI),Feature__GLSZM_SmallZoneHighGreyLevelEmphasis(IBSI:HW1V),Feature__GLSZM_LargeZoneLowGreyLevelEmphasis(IBSI:YH51),Feature__GLSZM_LargeZoneHighGreyLevelEmphasis(IBSI:J17V),Feature__GLSZM_GreyLevelNonUniformity(IBSI:JNSA),Feature__GLSZM_NormalisedGreyLevelNonUniformity(IBSI:Y1RO),Feature__GLSZM_ZoneSizeNonUniformity(IBSI:4JP3),Feature__GLSZM_NormalisedZoneSizeNonUniformity(IBSI:VB3A),Feature__GLSZM_ZonePercentage(IBSI:P30P),Feature__GLSZM_GreyLevelVariance(IBSI:BYLV),Feature__GLSZM_ZoneSizeVariance(IBSI:3NSA),Feature__GLSZM_ZoneSizeEntropy(IBSI:GU8N)
1,0.6363738419093383,9.519963479299085,0.0035566048271684,687.1215015626647,0.0019865422886488,467.39673763655367,0.0658291288536255,4626.031499104541,831.2602802261474,0.0291905846903166,10777.666783720197,0.3784691780637074,0.4737323662496673,104.64937159821208,5.0640793908074535,7.295887870737466
2,0.5979220621252813,22.85577841451767,0.0068889051301125,573.1107927411653,0.0035033922014939,401.01577425971976,4.46944616304425,5532.469675262655,123.93553008595988,0.0295930110042884,1401.0496657115568,0.3345390796827977,0.3772293280490001,123.3832204898884,15.828468613193277,7.489841108492912
3,0.6958483387606075,11.443027027027028,0.0071373772530996,1020.5669189189188,0.0035769913997203,774.9306910558334,0.2943666032496113,7957.474162162162,90.01924324324324,0.0194636201607012,2070.705945945946,0.4477202045288532,0.5008663634394629,259.52285872899944,7.456852897005116,7.456115084416768
4,0.7202802191881614,5.233898305084746,0.012066548244502,526.3898305084746,0.0074039559329143,418.0739319354473,0.0831329095973515,1587.7060532687651,57.16852300242131,0.0276845147711483,991.9084745762711,0.4803430869618746,0.5833333333333334,135.69105429474294,2.2951227948806645,6.855832180608439
5,0.609274875736525,1025.778084439803,0.0082463161758818,722.1567954647173,0.003546452134231,479.9692877836192,62.8225933500773,24222.86299666816,998.8612561539608,0.0248361742541638,14003.443930578347,0.3481884710969801,0.357255163224517,150.5571313401981,1017.9430128012538,7.693278953581774
6,0.6531389274479213,7.416897787999729,0.0029576948946403,735.1659000202936,0.0017335984177586,503.4883064343694,0.039030603695818,4136.107657444361,887.1217614827842,0.0300047947467626,11764.50848948116,0.3979066660854076,0.5071529040447357,95.72060264905426,3.5289343997805407,7.158290028127255
7,0.5957887781279722,11.230334275735906,0.0064524251769981,354.8933699207273,0.0035179002229821,224.6187625590813,0.1008235717540357,2997.245634458673,1465.016076279173,0.0406069093707847,12117.9345861744,0.3358815507005488,0.4332340650367453,54.19231546550809,5.902449737476952,7.007839647722198
8,0.7185113775511159,10.040819355796348,0.0187637722465403,663.5848300430458,0.0103495565316708,487.325484651892,5.59577582384629,2871.168175745881,151.6822027608728,0.0225147992817088,3222.120083123052,0.4782722403329452,0.578035178035178,161.43773448394637,7.047924491611271,7.110543126063363
9,0.5220591356550388,59.55272911051213,0.0046846566303784,660.6088274932614,0.0018721341344248,376.4994566956403,1.1149345069343932,15461.841559973043,323.43092991913744,0.027243171320682,3105.3308625336927,0.2615676265611264,0.2734475769301639,106.93270582529904,46.17902096758954,8.00126538951267
10,0.6009230860368128,15.29079716193656,0.0060411220865768,448.8185517529215,0.0031069069476834,296.83243274303777,0.1659268209092446,3935.188021702838,340.2072203672788,0.0354974144790566,3254.9497078464105,0.3396233000674468,0.4111716504354541,78.74999180212369,9.375811807502629,7.213616352011132
11,0.5658664128151372,40.82876326415626,0.0083099015556351,372.6566813785332,0.0038137958813333,237.1885394711745,1.152512627503893,4435.512512912011,1518.207812940182,0.0356420277242037,12963.642126021225,0.3043394245004512,0.3456681922939592,76.17607954610655,32.459616900353645,7.39678198159755
12,0.5543521167542587,20.220768601798856,0.0061941750299385,371.54118969746526,0.0031249690728232,225.04205114706588,0.1711498104304251,5547.325889206868,800.2213818479149,0.0408943878703963,5763.601287816844,0.2945421753790292,0.3630426716141002,59.86208580188996,12.63351411753067,7.273454777980077
13,0.6516081903528533,9.448054100643107,0.0041333394030215,721.5948750248624,0.0023386609723841,503.78099745799767,0.0941991491763251,3878.4464297553536,759.8180733275874,0.0251878960859108,11942.98097195518,0.3959086710851681,0.4909830729166666,132.34926547171366,5.299784626944945,7.344731188444237
14,0.6545704434129482,8.044729592576482,0.0072882572196478,668.0223285486443,0.0043333430825848,472.02189585408,0.0909835463290122,3341.6817456865306,724.7462664926779,0.0262703445879613,11008.108670436422,0.3990180031331166,0.4994026284348865,168.81054793929326,4.0351544912738655,7.359732007169676
15,0.7068329827287818,5.060498621194214,0.003972865667404,977.7009961168328,0.0025280841908788,711.738193404016,0.0280267688876144,4320.465923799876,421.445832629861,0.0237180388671203,8224.785356519782,0.4628727197095943,0.5806862745098039,137.75171168292627,2.0948692226511656,7.166834902528131
16,0.6980299732001832,7.298047722342734,0.0127895480833594,535.349240780911,0.0066938717194146,408.3494260690631,0.3360819261429074,1880.6275488069411,125.26247288503254,0.0271719030119376,2080.8039045553146,0.4513674413352092,0.5414611228564717,138.5013577011213,3.8871755732374673,7.016892702399205
17,0.6441405746553284,14.174801362088536,0.0052791864947305,538.7873628452517,0.0028486576968965,383.6953206131269,0.1827990814292601,3895.81195611048,96.14642451759364,0.0363777618303419,1018.7919031403708,0.3854679921075939,0.4318627450980392,107.49048829932056,8.813027194100192,7.024829915955835
18,0.6427962645941488,10.298141195861184,0.0095305143690657,492.9437780423038,0.00501053595331,352.46425962627575,0.2339974709738967,2403.229557732808,321.2457650398315,0.0294154166321611,4215.647926014101,0.386012995697656,0.4762340833769405,124.46620680856697,5.888948777235678,7.218885326875749
19,0.5984269845030348,16.61932753350576,0.0103025403142675,479.21349635551377,0.0052465779145769,303.6474191748528,3.672818142719439,5280.557018575123,138.07688690336232,0.0324657622627233,1435.1523630378556,0.3374447126823079,0.4145224171539961,97.79342292454618,10.799582530061771,7.298997787137171
20,0.6097204083758797,14.558925143953935,0.0114653231499044,720.9953934740882,0.0054788488451258,460.2379702708234,2.0670825121686205,6412.722840690979,58.90172744721689,0.0226110278108318,909.5857965451056,0.3491692117255683,0.4196198453608247,164.30714534650272,8.879714707800222,7.589214552956089
21,0.6667876581201797,6.661217720919214,0.0052584566197922,590.2365158335308,0.002893415870743,419.5721591948457,0.0641859153476888,2742.606728263445,417.8394535260207,0.0329968770059244,5243.639658848614,0.4140914205834805,0.5268566673600998,111.29972647788688,3.0586260618379115,7.023862668421875
22,0.6646002151846867,7.395230942546001,0.0051539759166849,674.7936537739391,0.0031993580560855,477.40402662466425,0.0436056918616661,3996.876549004882,281.2093503567405,0.0263996761506515,4372.952497183627,0.4105287736747678,0.5121153846153846,138.73987836824264,3.5822524606331823,7.258024071079952
23,0.7332437591353252,4.514705882352941,0.0048019627961298,912.7668067226892,0.0032654021825413,695.2452458115962,0.0335319138494525,3005.5504201680674,62.25910364145658,0.0217994060369245,1420.81162464986,0.4974830618521919,0.6123499142367067,167.60680105375474,1.847843058792144,7.052148566103956
24,0.6307980762353391,9.694840437079383,0.0031205314869231,730.3527028004921,0.0017814893521025,485.1697576026224,0.043547487440416,5473.87249439178,395.34647948476737,0.0286089065406156,5151.091178811781,0.3727542643325697,0.4707866316901168,93.023148810162,5.183020536443371,7.253658878185607
25,0.5711785771421962,16.975723946592684,0.0055864485805294,690.4864747702445,0.0025717608465703,429.27851152935983,0.5428259028910815,7691.372984220565,304.44113057048725,0.0263951040896902,3571.768337090341,0.309672996106324,0.3824270557029178,118.03915553954084,10.138138284864851,7.731605227231856
26,0.6635556047325629,9.831847990583489,0.0116196299913947,358.3117538254582,0.0066833325225741,258.8181402602308,0.5252570573469374,1753.3736337649234,221.6487304523289,0.037270679410178,2431.775517067429,0.4089079396447669,0.4897068511198946,94.24242260589588,5.66192878752505,6.870768732256619
27,0.6250695544706332,14.202020202020202,0.0061871100765906,568.3405264768901,0.0032320952153258,377.4446284344895,0.4011874314427379,4312.380930517295,948.865564738292,0.0290439413755216,11965.999265381084,0.3662687256008902,0.4485912011863568,95.25073039903644,9.23268264918153,7.31729473257566
28,0.6484674419482338,7.235643030466433,0.0076680869135169,460.3692369911027,0.0045516911776261,327.62648656371886,0.065177264323073,2255.3813696414127,247.80695605284444,0.0334061682465414,2915.323806956053,0.3930067143375644,0.5066939890710382,110.00129211762638,3.340633761879047,7.038001792905208
29,0.5928756297804608,19.91373801916933,0.008254610288179,452.9164004259851,0.0040822032346846,288.9015443867445,0.3865669801293083,5131.931043663471,119.20500532481364,0.0317372218649663,1241.3434504792333,0.3304961263256745,0.3849149415863906,91.20785288089998,13.164255756639577,7.331983197918285
30,0.6729609014886787,19.75224646983312,0.0087024481074655,622.1559691912709,0.004412414971354,462.7545053900592,0.9287404625942042,2872.50513478819,77.90115532734275,0.0250003707725746,1311.3793324775354,0.4208534443124311,0.4838509316770186,146.22729883116006,15.48078162154502,7.192234824247161
31,0.6717250110563834,7.327815548329885,0.0071687726591511,519.2397280520248,0.0041715140663459,370.0838577185745,0.0934228349451056,2473.385161099616,97.40260124150164,0.0287917828086023,1422.2231746970144,0.4204029484768,0.5230364873222016,101.2590475809348,3.67240612654481,6.957096988776659
32,0.6830012649180087,6.790042101409482,0.0065888582238672,823.4678747940692,0.003581739582773,614.5339403970967,0.0730384093886416,3615.25169320886,117.22771371041551,0.0214584868589448,2367.086399414241,0.4332942338301742,0.5360086342229199,182.7376891768092,3.309423563285926,7.331657844470946
33,0.6915462518314286,5.667287399130975,0.005235598179866,845.1452513966481,0.0028386412985666,633.6770626782367,0.0367277866128317,3200.269397889509,39.502793296089386,0.0245206662297264,714.2650527622594,0.4433675063701175,0.5559006211180124,163.54961024089124,2.431308497099201,7.081269992893393
34,0.6083822963105705,11.673503793200338,0.0083517979521236,435.725203708907,0.0045129423699097,291.6352899973187,0.132791305275788,3276.4169710592864,120.17111548187694,0.0337654159825447,1237.713683618994,0.3477700712613077,0.4346604787493893,85.77559386857318,6.38053063040951,7.154729985723715
35,0.7153289603140631,4.668087867272222,0.0037399235637834,721.5043099453146,0.0024483078087797,529.1565361244661,0.0208683464617313,2940.8421540457875,300.78478079525445,0.0278788377787797,5117.556678098063,0.474330955426644,0.5954194260485651,103.10925288293365,1.8474066897571733,6.90476810175247
36,0.6888586009228765,66.40121634916376,0.0075508086864214,588.1608979518827,0.0040723784333258,434.1496435969181,6.9449096533853325,2955.9236204275107,316.13585546909934,0.0282743811348805,4918.490206600483,0.4398971654235295,0.5099890530925014,122.83105997378983,62.55637617065076,7.061286809548596
37,0.6424969623676956,1291.7586534804109,0.0172881548280575,599.9648155192089,0.0094422321520543,409.19750711995295,1281.3132526002078,6467.398535564854,246.81019399011032,0.0234699689986791,4040.972232788132,0.3842689456816405,0.388187523071244,148.5437555639825,1285.1224933774774,7.492844005474832
38,0.7345357085760403,4.6552375809935205,0.0094824391343717,690.4303455723542,0.0051686532692324,531.5997577734657,0.1668703466523134,2236.863930885529,86.37365010799137,0.023319020007557,1851.030777537797,0.4997383308687356,0.612737799834574,155.45242898926608,1.991750133531433,6.981808730778057
39,0.6667893462504245,7.79518244013683,0.0047210699675944,630.0086944127709,0.0030585010030081,449.5494954476743,0.0547619281704847,3220.5406214367163,204.53506271379703,0.0291526600219209,2900.321265678449,0.4133867254387756,0.5109606001019591,115.21166083241556,3.964949617521897,7.125112466984212
40,0.7157871387518571,5.443402126328956,0.0062185394683889,699.4010318949344,0.0038849782857025,526.6925303248082,0.0624736226197421,2743.6241400875547,160.3680425265791,0.0250731773806408,3032.838023764853,0.4741773020270252,0.5788235294117647,146.08500825347775,2.4586542910457285,7.055722679921514
41,0.6480247271258051,11.762440419447092,0.0059379704533958,700.0245948522403,0.0033007605591286,496.0947836015698,0.0846647826132933,5206.444804575786,132.48598665395616,0.0252594826794959,2047.2703527168733,0.3903279986114153,0.4596844872918492,158.30229801681372,7.030052862547379,7.424962207067248
42,0.6339890457548593,10.300384729209826,0.0030701813070037,865.3865048831016,0.0015697189048738,561.8076235458996,0.1222225910553475,6456.440366972477,87.99260136134951,0.0260410184555636,1269.8718555785736,0.3758129196740377,0.4679407284309652,128.56689030597474,5.733518333603239,7.312516030891764
43,0.6702688988716171,6.790276700284458,0.0073537099378315,483.7772174812516,0.0041161266709625,350.57425865786865,0.0946228271346696,2131.6488880268944,496.0729247478666,0.0320709157452719,6463.523532454099,0.4178642056150827,0.5263372805226623,102.97736795917044,3.180571496438101,6.990261347798401
44,0.7149798896433329,249.9408585055644,0.0103902608709848,852.5141494435612,0.0062335285995307,613.9048057359458,244.65898756237863,4531.211446740858,67.49220985691574,0.0214601621166663,1487.264546899841,0.4728981071223659,0.4963699494949495,173.1535443495491,245.88213900986,7.173346383010808
46,0.4708195196140058,632.828743545611,0.0066287215439618,805.914543889845,0.0018811076889539,428.0988493840596,104.03399564962116,27979.83296041308,260.0036144578313,0.0223755262011903,2545.8235800344232,0.2190898089530484,0.2002895752895752,153.57810525356916,607.9009804450158,8.468648227781669
47,0.7103109874943069,6.295825049701789,0.005722302140701,945.0992047713718,0.0030725029954475,701.7500088154625,0.195123192590073,3724.200894632207,218.66958250497015,0.0217365390163986,4699.455864811133,0.4671427301005103,0.5732193732193732,158.22420807164957,3.2524303483275263,7.218051124364479
48,0.5630918893329699,27030.30757097792,0.0311766447439294,455.6090956887487,0.0140215491993667,272.0438430954255,27003.974913055783,37206.56782334385,109.03838065194532,0.0286641379211212,1144.8496319663511,0.3009594195495139,0.1797901502977597,151.46246431339642,26999.371282484204,7.645808250926187
49,0.7027850173396893,9.2,0.0075968721791686,776.7184466019418,0.0037435700163038,568.8710551740928,2.044618992182727,3206.821888790821,132.93892321270962,0.0234667119528172,2590.638481906443,0.457305998571305,0.5489341085271318,135.72152364007175,5.881364411473494,7.133357927270864
50,0.596612175155143,16.467437614120513,0.0078842773650525,572.2901196997362,0.0035479766341265,379.134362354717,0.4649307760171974,4362.350983972408,133.3347534996957,0.0270510759788386,1655.0900791235545,0.3357861795746712,0.4060800790904597,117.455966507733,10.403194133321293,7.488497487145306
51,0.6675238007260762,7.532545728230625,0.0028757131463571,873.7618026729918,0.0016974995378863,604.6218036582773,0.0994929518286845,4984.951922638325,607.1852848606486,0.0276962680682684,9081.11266706199,0.414227645261232,0.5195516162669447,107.79312085130316,3.827934833450626,7.2063383333637665
52,0.5943629578861271,13.108650256280454,0.0049267965947846,724.5342656457634,0.0026601123024153,439.1625041410412,0.1394386685712464,8603.26172245776,418.25938113016514,0.0264670873334281,5261.494589634879,0.3329427697041624,0.4150165449866064,116.93344709507446,7.302755235855003,7.640186079268849
53,0.6639004451090198,6.5461030510435245,0.0053158646432755,712.4127825709742,0.0029943488008865,496.7406411409247,0.0687446919241567,3607.767002458186,533.2848604617535,0.0257041914716225,8518.582397455053,0.4105934543526801,0.5269748539497079,118.69063081741,2.945127143732328,7.250626841256579
54,0.6783346124921549,7.623080298376481,0.0043746731217743,776.1770513383062,0.0025831570213715,555.5604557100121,0.0934996202930296,3953.472795085564,117.91575252303642,0.0258700641779369,1947.2391399736728,0.4272135015299853,0.5215102974828375,113.76407407350368,3.946244600094612,7.129051524500082
55,0.6853602694744193,6.029980826215792,0.0044005593101853,806.4742896984486,0.0028413704109447,572.061195521574,0.0324933234709767,3991.905176921736,147.87641624542445,0.0257759135864431,2501.374760327697,0.4360074534299629,0.54711043295823,119.47153888463306,2.689184441644017,7.115920892977116
56,0.5073105138698933,71.90639886700141,0.0109276195626774,365.2544096819879,0.0042946643310334,216.04296245045325,5.031013916844327,6790.183983520021,566.9087163641045,0.0364947029975604,3894.0051499935626,0.2506762681855004,0.2729285262492094,84.96033714256811,58.48177458752682,7.753749252997001
57,0.6942753494971339,638.6774031202818,0.0158322067325684,860.1253145445395,0.0082055742268817,612.5122526403151,632.7419474209518,5128.936587820836,40.539003522898845,0.0204021155122792,886.3085052843483,0.4460536010489925,0.4153428093645485,197.4321013107593,632.8806259306523,7.284998757821637
58,0.6353626290737845,11.8253621325105,0.0051707621350543,647.8988600325705,0.0026654855492251,457.1433409734178,0.1197937094771052,4039.887203222765,619.5315848118626,0.0265505950463642,8786.400359989715,0.3765492568779341,0.4526918226792123,121.05727782571032,6.945644400976566,7.416245073631531
59,0.6730329014481803,6.60793593010557,0.008438373743723,497.09264652348014,0.0050009204370465,361.8455838679144,0.0784941450461533,2327.676920276665,172.8045140152894,0.0314533152557862,2311.2264288314523,0.4206819127833003,0.5268507863444573,95.74458872895585,3.0052638421183957,6.96991473056466
60,0.6747280898919997,9.723512030392572,0.0051621894313593,686.8746306458421,0.0028962487461754,489.5939817109725,0.2349175482191426,3448.875263824398,122.97931616715914,0.0259559552906625,2004.41663149008,0.4230512096855382,0.5131037470218757,114.0311217016048,5.925208845576593,7.103339804195838
62,0.7642892993156689,3.8109504132231407,0.0047947745777182,693.6203512396694,0.0032036923314589,550.1164181746435,0.0238796010619944,2040.450929752066,107.5206611570248,0.0277687657946861,2096.0098140495866,0.5413248486698312,0.6525109538254129,127.81451248847412,1.462267508623044,6.680194068369282
63,0.6830859304325264,6.557618292959022,0.0075153747209787,784.0910119990945,0.0040889401818962,574.9380214517998,0.0796563619066565,3226.3199003848767,96.44260810504868,0.0218344143321368,1915.508942721304,0.4336674083589096,0.5399095465102066,167.06856128192217,3.1271138446764137,7.285579611481132
64,0.6800511328353622,9.824421296296295,0.0047381994813931,888.5142361111111,0.0024330097293269,649.107196562133,0.1415762666283544,9040.633796296295,186.5488425925926,0.0215913012259945,3706.9752314814814,0.4290480591992455,0.5132165132165132,169.39924756462196,6.027787087941533,7.374390653200944
65,0.7336812457456241,4.500298151460942,0.0056253820165419,670.3700059630293,0.0037222731569777,517.5124716336917,0.0341147094650756,2362.5166964818127,85.58378056052474,0.0255169292070735,1671.8223017292785,0.4984562616962666,0.6129385964912281,124.60295443740746,1.8385555175087984,6.855271690592219
66,0.6266936311565797,11.60041194644696,0.0039371716332995,638.443254376931,0.002050450742868,440.69319510979017,0.2983180666209469,4257.1018194301405,479.9731548232063,0.0329538726277518,5348.24380363886,0.3671983387324998,0.4528354682253451,94.94038669180576,6.723789549056755,7.231716802118181
67,0.658522274170586,6.864141846177774,0.0049423440277489,482.8703631697644,0.0030431511645351,338.6565207903745,0.0400284522435799,2470.113694688545,468.8534878295357,0.0364611157811288,5195.539233221868,0.4040391347089095,0.5165916760404949,80.14078262850084,3.116956353748966,6.895219624240859
68,0.7032882629111795,6.132897959183674,0.0076504529005642,629.3551020408163,0.004330571940702,474.9698597961439,0.0850881001295724,2431.7879183673467,160.17551020408163,0.0261511037067888,2805.620081632653,0.4580604214910454,0.5569194398981633,146.6186028887963,2.908747915035403,7.069463207132838
69,0.6760871765071512,6.761889663918833,0.0050935132553917,829.7441344324667,0.0030002771313778,603.298643073519,0.0610226271306952,3735.632213062777,144.7263792010146,0.0229433067851957,2676.5405833861764,0.4243089066877261,0.530976430976431,181.44922573181617,3.2149850277189285,7.313642062032224
70,0.6765699728571488,6.767316466196599,0.0054479108458976,755.1090833678971,0.00300904699506,533.2850807798002,0.1050730037797049,3481.627333056823,122.4661965989216,0.0253973862710331,2053.061800082953,0.4257697636007783,0.5348269742679681,117.45756118137504,3.271300607732327,7.1303116622971086
71,0.6504040180753141,10.28973177360274,0.009253720414994,470.9994091929576,0.0043196187690653,333.92602770992056,0.9314430749744986,2571.869904289259,276.36736381897674,0.0326559569678573,3335.812477844736,0.3941643008205998,0.4857093663911845,92.90533079127816,6.050891586677336,7.055872968967921
72,0.5892794291902645,15.144023793920452,0.0087768603603214,414.8254776427887,0.0041759592856029,279.7403529276683,0.291493809453778,3208.515400514191,672.8935322881484,0.0339211338553283,6521.835509401623,0.3287712612492626,0.4039793092212447,93.1569038177862,9.016545866099635,7.349036203888652
73,0.6565230238200475,6.964733616218765,0.0043637447916755,634.2111268269684,0.0025991774982204,431.4075915044469,0.0443668040977077,3571.0129184347006,659.5752946723244,0.0310973736290582,8525.128335690712,0.4019391011641071,0.5138081395348837,91.06403840626524,3.176837671643501,7.09986118998422
74,0.6984379465661749,5.211253196930946,0.0036188609709017,921.354219948849,0.0021977956202344,664.2026972055617,0.0275648198678237,3950.468286445013,90.55038363171356,0.0231586658904638,1770.929923273657,0.4529232540341834,0.5743243243243243,141.77354995061515,2.179557695200838,7.130614936376914
75,0.7298614162901677,4.88448275862069,0.0033911932584435,971.2896551724136,0.0020670825513782,730.7623133765354,0.0230399968022589,3717.401724137931,82.91954022988506,0.0238274540890474,1715.6862068965518,0.4930132778438367,0.5989672977624785,135.3154574580526,2.097118179416039,6.981209704556279
76,0.6263254496711932,9.77777777777778,0.0061726829097021,496.95726495726495,0.0034342825178294,334.22784814838815,0.1322647138368508,3000.214357369287,798.7629308615224,0.0320518009253851,9178.237350026082,0.3682933008316713,0.4690040650406504,91.98221842198672,5.231596112404246,7.1887859578485225
77,0.6171970752265153,13.989619139282278,0.0044006888992598,535.3693111508319,0.0024629755860616,347.15223842591047,0.2473610953886223,4625.884133095009,2384.1490719098038,0.0327808204579926,25982.743324625328,0.3572493238639533,0.4383041552415102,80.90523451926313,8.784282466813668,7.243245487937439
78,0.6036095563286105,13.321194249907853,0.0055481343766919,555.7880943604865,0.0029737396366219,384.24447665900186,0.0969740402036649,4949.979561371176,2111.239439734611,0.0389096837400407,18574.3137117582,0.3423205623250682,0.419177404900961,145.93381524893644,7.629988708446548,7.325691594158714
79,0.6594459050227157,7.669259465036908,0.0028680500824689,799.2895467894277,0.001732398338328,548.7535988416398,0.0382553649650132,4655.785141677911,682.4749583300262,0.0270844891789041,10204.0938169696,0.4049564972207953,0.5091122156220956,105.00741091425824,3.811164043353045,7.222649055177168
80,0.5507472469251847,1248.3012185833968,0.0268806653661205,443.3848057882712,0.0114004574024007,280.1052383098046,1228.204230514688,5855.989146991622,151.59253617669458,0.0288637730724856,1533.6504188880426,0.2920126463990942,0.3120617944147356,145.37545117545616,1238.032439823454,7.667946814148136
81,0.6471279805656653,8.087544617696787,0.0049208507805414,633.4290813451062,0.0029069520958728,436.5263799186551,0.0555930812445606,3665.362765357881,304.61149727597217,0.0286127651020075,4160.047717452564,0.3907615740609209,0.4951627906976744,123.4567841715962,4.0090114715615845,7.23128791606778
82,0.6736020828421087,6.473958048085875,0.0062484464296823,483.631195574785,0.0037609836180167,344.4750907382935,0.0765461766469886,2277.271099183964,607.5470179089764,0.0332738385403897,7700.6018401884,0.4217428030115778,0.5334521444431459,91.52222490919009,2.959898882237937,6.929757922300511
83,0.6186755220796085,17.68406489749717,0.0101848331599897,604.8535194734415,0.0051178833029017,395.8476959449252,6.981612057769818,5100.450760910578,603.8339412233262,0.0253148007052918,8545.790843919003,0.3582690162209786,0.4410687869822485,131.89997748000957,12.543778114364011,7.565907403135381
84,0.6866808335248656,7.889387144992527,0.0043250354752092,913.9331625026692,0.0025262759517721,667.2203892851311,0.0404147199145174,9464.913730514629,112.47597693786037,0.0240179322950801,2044.4840913944051,0.4365757188542399,0.5268901890189019,146.83361406122762,4.287253877467119,7.244732091179393
85,0.7337288579330107,84.32023658639628,0.0232645410117035,560.4486692015209,0.0119992745689972,442.83131134744497,75.2233873634844,1803.5259822560204,58.28601605407689,0.0246244258783594,1180.1187156738488,0.4985714895115542,0.4981060606060606,171.22427998412903,80.28976050607126,6.927584208125011
86,0.5372757072277021,32.77322221546323,0.006696728946356,599.2004379828456,0.002936243180581,350.6979684081067,1.120499337170369,8532.015633554352,935.8532149157492,0.0284644204305538,9181.84859176349,0.2792702899131178,0.3388785817357246,92.39870309182608,24.06535579439932,7.769122377556394
87,0.571105317443139,15.004946628482166,0.0073087657746891,457.86592033324655,0.0035207620149277,283.3877976262568,0.2235531290293843,4154.955219994793,131.85029940119762,0.0343270761263206,1196.18614944025,0.3114257093049336,0.3977837613918807,75.42467048516197,8.685109298738368,7.274304096288105
88,0.5814211756609113,75.7437523312197,0.0155920699757599,405.50329479050106,0.0066163310635199,267.02778885925244,11.31405721307057,3809.643540967301,244.68245679472832,0.0304217899782081,2571.6179286335946,0.3197336725890333,0.329725740991268,104.02783762874454,66.5457335044946,7.462522209773879
89,0.6517481244793469,7.617286392405063,0.0066888938862615,447.14260284810126,0.003713911643551,319.56841850323286,0.0692718799441493,2312.8198180379745,177.43314873417722,0.0350935816325508,2006.0803006329115,0.3967722113593575,0.5056505650565056,89.79353077024668,3.706185618227748,6.921933636887781
90,0.687612277211404,5.735550798616829,0.006203578709378,821.1961139469785,0.0034562277534489,599.3990386573064,0.0721345897217027,3357.0908941215216,135.29672320105385,0.0222784000001735,2669.2621439156924,0.4395294160901848,0.5567473414008067,165.8765809659409,2.5094071854080973,7.264125605549399
91,0.6729686977763901,6.871862615587847,0.0065107064991776,571.1487073032648,0.0034166284378853,414.4624977550822,0.1012471174417811,2620.3094923570484,164.61917342894887,0.0310660829267689,2229.08831855067,0.4206620718155633,0.5255901606824043,108.7648044201512,3.251887816267874,7.01799303825763
92,0.6717321275967293,8.305792546026044,0.0072888858012968,942.053210597216,0.0036804788414808,686.3546421935304,1.1755609832762786,4577.3136506511,94.9164795689268,0.0213103905632974,1863.4602604400536,0.4183790436551535,0.5098443223443223,205.382938026978,4.45876916941104,7.459537449983031
93,0.699200630188304,5.193087616375462,0.0032812710688989,767.5821323810738,0.0021275461761845,553.1625525466324,0.0208866338088758,3413.7786634357863,446.362453768652,0.0284633626940857,7110.763678102283,0.4534347454471549,0.5743060133304035,99.4938043215138,2.1611987882946,6.965412350058715
94,0.6556754828401509,8.44577629171661,0.0067994303448166,644.8717431076903,0.0036171755432534,454.9521849169333,0.1208149691896671,3545.5649485836857,407.6678443000442,0.025718746091732,6338.6178159106685,0.399887566457048,0.4949416099419222,124.54487627850666,4.363597080711105,7.309745827912135
95,0.7131915250964906,5.376309052827554,0.0064784029602672,657.1729113334885,0.0042305291153729,496.66878327647214,0.0549245436810395,2370.153828252269,111.20758668838724,0.0258802854755381,2024.922271352106,0.4712409288694684,0.5794228694714132,129.25357831467352,2.397732716305368,6.9904568058299805
96,0.6663955179202932,10.139159663865549,0.0116591792963715,541.4312605042016,0.0057098290397852,404.5345305511234,0.9742065160226188,2366.520336134454,86.07966386554622,0.0289343407951415,1228.8104201680671,0.4130455193842242,0.4918981481481481,142.77466845561753,6.006309836875922,7.101484227971611
97,0.62477191929607,33.76498729256989,0.0137137525935926,782.7449544027507,0.0070151899373355,520.1525213309818,23.286960533764656,5623.898340559127,139.31305127821798,0.0208271866165671,2442.1645985947075,0.3651015994311119,0.4343506493506494,214.33348865841177,28.464460308527052,7.717224977713935
98,0.6856935784691015,5.290912111646453,0.0045303232584484,658.5206844990862,0.0029504605694868,467.3443016145628,0.0313131264197803,2808.810267486293,166.21714570526666,0.0276154088229384,2631.1222794484133,0.4371361155421853,0.5637879355563882,104.97760414830802,2.144841661481732,6.991918988839721
99,0.6459342659725337,9.14474965906877,0.0082870209705692,600.6892655367232,0.0046437814133315,405.1860135992139,0.1539127113777533,3630.515682836548,135.7975842587181,0.0264557927642154,1998.808688875901,0.3894036019629653,0.4841539332201471,115.41978038377478,4.8786296209887645,7.252001561645215
100,0.6212935558673481,10.306528516412984,0.0060224221720215,435.9909224280213,0.0032960126613139,285.0190053754,0.1241464040485089,3172.658353200073,816.4670823399963,0.0374320136777918,7904.864569961489,0.3624089753329125,0.458081317204301,60.52123701232431,5.540958649391025,7.005829222155994
101,0.6304583549847264,9.005286501500828,0.0030973688693352,741.1419739258994,0.001674400232075,490.6441879210454,0.0575071185267857,5218.204157519825,731.1068948523812,0.0327542177703678,8318.279691770082,0.3726660853801389,0.4761813333333333,87.73392184066546,4.595117152623599,7.202237373033178
102,0.6043635547512861,11.951942618051405,0.0072702564090648,432.2044231918709,0.0037799044344116,280.12243849911374,0.1296766867510165,3559.063478780633,288.6514046622833,0.0345070418006316,2881.6357441721457,0.3444872377970288,0.433509535655058,73.52203037661904,6.630827062780087,7.167072359755389
103,0.6300531011264092,29.18030536970321,0.0056552374548796,604.6724995711099,0.0028425895084835,418.02974106048873,0.8390389165799039,4132.985360553554,462.9154800709098,0.0264719780448853,6486.69886201178,0.3709440648488465,0.4214141122035859,116.2238266491384,23.54935305076712,7.37788576350589
104,0.6490737407258971,9.96451051292353,0.0054641533946684,813.0941475826972,0.0028100448796463,559.3676761782814,0.1948398993781315,4515.388911209321,170.70028123744476,0.0228606242450039,2936.9833935985,0.3933284309091335,0.4859113685169519,145.3558794986499,5.729193918174568,7.4274990877159075
105,0.5571605036889496,245.4254702521945,0.0069018693209775,410.08935488365614,0.0029857788668512,254.3382489757536,47.42710950105928,8769.979253169848,2502.677023826111,0.0348707959290248,21196.499651665043,0.2953392733964754,0.3178251319658483,69.73081263958998,235.52573619508803,7.485681127078445
106,0.6032867819593398,945.170388648982,0.0107679101794479,505.2953423812461,0.0049339572301084,350.09406959973967,100.04054003342624,12429.683867982729,958.981122763726,0.0295799235892574,11077.839543491673,0.3416977033772878,0.3468121523320496,139.74146572058356,936.8563624939632,7.522321883702102
107,0.6783520669279212,9.073202901736645,0.0045851953861852,925.9428445812266,0.0024596194998704,677.7640974128652,0.0810598480596781,4730.316772917125,94.99824137173005,0.0208833241089756,1937.1204660364915,0.4258343517336758,0.4971584699453552,183.71875952145308,5.027347897042152,7.426685403998555
108,0.6995286962508765,5.969365426695842,0.0079841459243449,563.4387308533917,0.0045771882277166,419.6863102119568,0.061827174481857,2394.9230488694384,78.57476294675419,0.0286560039922517,1241.7002188183808,0.4528447187521447,0.5546116504854369,128.62041594644938,2.7183275955355306,6.9370444571812016
109,0.6429329072873984,9.973148602256009,0.0041844832244962,634.7951814615008,0.0023752540483057,434.9237639255856,0.1399505679424907,3711.961378126533,479.2463217263364,0.0293799853927376,6306.410617949976,0.3866117347934021,0.4851873884592504,107.021174573592,5.7251829876505775,7.232393708593621
110,0.6002729954469314,13.6783995600165,0.0062449392775854,495.54241715935655,0.0035080599271325,326.6318588035243,0.121401192647685,3975.508799670012,487.2803519868005,0.0334992679765434,4939.943214629451,0.3396083606922488,0.4209399236022688,112.39395445020594,8.034753565777443,7.34361962109393
111,0.6705053219947464,6.334620334620334,0.0059221327676305,697.4323037323037,0.0032745451675041,503.8432612657475,0.0700820884230338,3026.728185328185,200.11917631917632,0.0257553637476417,3251.512483912484,0.4184700751496118,0.5332875772134523,132.35760616104233,2.818392026886236,7.203146406234579
112,0.6157733434425283,17.576989619377162,0.0023736010298863,726.7660780336475,0.0013542514731067,472.3746732902027,7.2517223463534,5829.200423577139,1139.436463429185,0.033988678660935,11925.893449469037,0.3557419594758691,0.4465758169151048,81.79638973364911,12.562697891447156,7.227274850922612
113,0.5274468328655088,1845.8579653899988,0.0332110043149703,447.75286295966407,0.0128948335161204,278.5244653666662,1815.7133473429703,7116.308945158417,872.6220893243416,0.0277586871524475,8433.4559740425,0.2682738253608124,0.2881683762799182,141.99811364974772,1833.8157230953068,7.979774890132549
114,0.6309488437119887,27.70897048797117,0.0094917267683312,540.6078698743547,0.004562073030463,392.7294471301514,1.2710737533236145,3001.81318788351,288.6945553715789,0.0281186866048094,3817.072659978572,0.3717807207537325,0.4169509421702404,145.2732551823742,21.956822100904205,7.364700869612492
115,0.5000219782597213,90.42880523731588,0.0055466351531936,785.9443535188216,0.0018531626973885,431.4795956282456,4.601040698226843,18836.66644844517,236.2848881614839,0.0257812207486616,2238.295362793235,0.2442220799556176,0.2607100187745349,122.987209398882,75.7163702015156,8.132316249192836
116,0.6761851580028592,5.7842068237777,0.0035883488362583,664.7900105522335,0.0023506562027126,477.5829623898448,0.0243205372388062,2966.7453394301792,175.74041505451987,0.0309075650816953,2420.832922968695,0.4257532400578078,0.5478369785143077,104.13489748224868,2.4522657423327403,6.969272937017908
117,0.6272397062426577,12.208374124557572,0.0049886483396353,632.0596430454101,0.0027636113822883,422.44490676729714,0.1285191794145557,4816.023345131411,375.0140070788463,0.0282411331484935,4885.051058061601,0.3678779319272235,0.4534712973397534,101.83610332747564,7.345417530121524,7.331508928230444
118,0.6775434212934996,7.40259484961667,0.0084490722314419,670.7464124238254,0.0050011506353443,483.7473413993174,0.1335807508497648,3109.111952034598,251.9339492824848,0.0247625269591591,4333.664831924513,0.4259548684808839,0.5222256441843753,171.8954606980275,3.735825339698641,7.283826579434628
119,0.5912589650612714,24.26047780441432,0.0066098880895339,457.0384392824668,0.0031757092153326,292.43746391498826,0.849547821043077,4345.488840208316,806.317434074564,0.0333271651679988,7989.5808878234275,0.3302298457395812,0.4018936877076412,77.81779048718833,18.06923794174872,7.327066960244708
120,0.6804556305702373,6.717071660733633,0.0101260914946967,459.36805448073056,0.0061037179880087,338.9754079120577,0.1161111117255673,1936.647732549141,204.8263426714131,0.031701956766973,2773.912552236496,0.4293317678743996,0.5315508021390374,107.5893201888698,3.1778281513878204,6.957185044386277
121,0.7036159031974679,5.245136186770428,0.0032419225935437,980.0190062855432,0.0021902941335683,713.1129018262421,0.0251849776747648,3965.7066746483088,148.86321460640528,0.022278242233823,3064.816821310985,0.4586675877448345,0.5730703259005145,156.67601552496308,2.200158193473181,7.199942198836075
122,0.605140372200878,13.070075325268204,0.0166258088178289,308.25245377767635,0.0084529173808557,209.3397226474941,0.5251244914495501,1886.907783611048,163.54279844784296,0.0373300156237943,1513.804839077836,0.3455386530650162,0.4355736726983495,75.30166698440131,7.799272668009199,7.014029100401402
123,0.6520767796259483,95.3901151631478,0.0118605739408332,608.8654030710172,0.0066108258541057,427.6961223340365,86.43250824840841,4189.508157389635,105.9352207293666,0.0254163197527271,1649.3483685220729,0.3957169790120136,0.4510822510822511,145.09760448633406,90.4755112529058,7.337700914358717
124,0.7157426822019846,4.786244752986762,0.0071229169848006,600.0941233451728,0.0046794446557224,467.7244049913489,0.0432429532920649,1908.175815305134,188.09396189861155,0.0303671233288039,2940.667742977075,0.4747606947008516,0.5939777522056003,152.64937250095377,1.9518545189763028,6.8851406971817255
125,0.6944443267408738,5.623161764705882,0.0052662993012532,674.6698069852941,0.0032903797691919,490.113773418473,0.0556174909156425,2782.629136029412,228.73023897058823,0.0262787498817311,3894.525505514706,0.4474408898799065,0.5626373626373626,123.66106644468736,2.4642109590418197,7.067831487328604
126,0.601488059453519,19.8059124458156,0.0036622395984699,708.1104385519584,0.0018745925682894,484.9377994855152,0.110414784813898,15514.207599484516,729.6868434412465,0.0284956005561466,8706.531221931504,0.3400059054919164,0.400722982066289,138.63755221564614,13.578444528407648,7.578050475273653
127,0.6484223598460833,7.874003890318128,0.0067135695340522,669.0976971826567,0.0039167668931994,462.0009841775577,0.0915602911863286,3536.259270879086,400.2966053836983,0.0251174377476123,6252.437033318693,0.3923220827833778,0.49803125,124.2295579205172,3.842316861866794,7.326980190962673
128,0.5962737441233028,16.621418005435345,0.0037813590213803,716.1125425711239,0.0018967075752375,476.8446990026871,0.1752154120412849,6356.727063194468,1618.9497746740517,0.0278466712765153,19445.34098180192,0.3344686948605374,0.4018607608936076,120.04406125603762,10.429163531864322,7.611830015821118
129,0.5899710928749291,17.864947337336353,0.0088255868338265,457.6280637858057,0.0041921384447477,308.02133331511413,0.3923115632195353,3413.878039177084,626.0159464514223,0.0308109039497697,6679.803130229353,0.3287628275533691,0.3961395983622539,106.11631744164332,11.492540628807538,7.459634592389096
130,0.7564239935083852,3.5843888537048767,0.0038055731454221,906.7628245725142,0.0025893098917708,693.2811607922376,0.0141165271095304,3157.1684610512984,162.055414819506,0.0256579187491301,3348.508233058898,0.5301627981410542,0.6540333436885161,129.92813821447666,1.2466272564505412,6.827865785949253
131,0.6602964623123201,8.058717349755787,0.0024239466748904,1037.5992779783394,0.0015358371041388,727.9350875072023,0.0213343543180577,7541.090889785517,228.6980250583988,0.0242830776235292,3820.709280101933,0.405681596952849,0.5051220166264414,138.5164364258499,4.139427315775133,7.358352366958756
132,0.5784715718461775,20.328513819219044,0.0080035241357605,444.6073571358316,0.0038462660737918,291.0913383077259,0.3385305759099276,3698.007770237041,333.47250909806235,0.0327994992719644,3228.970689485591,0.3175932614818128,0.3837182971014493,105.64836486116106,13.536868727192452,7.422665071061457
133,0.6169745084980165,19.624161956093072,0.0107311508424957,470.2528592086237,0.0052765554710697,322.9073845925367,0.7912734276911513,3167.924411726042,455.1392138819508,0.0299158152939365,5420.911134481399,0.3563107095097541,0.4255188230687475,114.19376976544734,14.101322132277376,7.36393825742813
134,0.6790220195684374,8.801670976725681,0.0035824133776466,922.042967972946,0.0022150762024963,689.6987018227525,0.0310513165211132,8659.679132683508,126.1824149592202,0.025100937927038,2149.752337378158,0.4276412049688,0.5096309813463098,178.67527169477384,4.951426055021997,7.27470849566656
135,0.6106506522954638,11.653489039915764,0.0038623267710412,536.1922082894611,0.0021540722707328,348.7073537038163,0.0599944784479549,4386.592706040012,368.5669570211544,0.0352796934068301,3659.822054178233,0.3503227772736894,0.4380293501048218,75.46593379139964,6.441619006315106,7.155816087051607
136,0.5719684181198201,21.847263192395936,0.0060647523463866,532.6394624713208,0.0030404150734832,349.60870899054225,1.374855168824657,6965.493280891511,114.12749918059652,0.0374065877353643,941.9360865290068,0.3087302807371376,0.3612360880890362,106.48968024303542,14.183929464803574,7.365272724976172
137,0.6579228805652182,7.119096509240246,0.0044254119689972,571.0885523613963,0.0025108446966116,399.7155353323858,0.0717790095312212,2896.1401437371665,124.22792607802874,0.0318860179871737,1573.180184804928,0.4037936819314497,0.5150713907985193,93.7849412628758,3.3497579784879177,6.958365840002279
138,0.6038020511828881,45.90383192779997,0.0061219266950409,451.34848350347687,0.0032191393001655,295.7794713357054,3.689745273955457,3750.3680722000295,1224.9747299896435,0.0362472179313402,11601.198845983134,0.3432815163776633,0.4174902406483174,76.3752551738974,40.166534768205146,7.200828880110188
139,0.6208287480364036,13.687177724303885,0.0080205329998827,445.54726710209695,0.0040756641641373,302.85378517350074,0.4304723347940857,2817.0225736220923,283.9409877392002,0.0325359215926664,3152.58084106795,0.361244510263315,0.4482280431432974,91.7047416516764,8.709784513182683,7.17077649566439
140,0.6572377421801786,4661.957325746799,0.0135132566090932,595.4633712660028,0.0072881845385185,413.66398854305527,4651.69596134796,8001.061522048364,70.41607396870555,0.0250412780827544,1131.0504978662873,0.4022227944047963,0.2979444797626616,143.4775857734278,4650.692374582415,7.263134961137925
141,0.5698373473139501,16985.25154639175,0.0174637696380572,633.7371870397643,0.0077275119758034,392.06492867048325,16967.40327416186,24506.695139911637,310.2851251840943,0.022848683739624,4204.848306332842,0.3096353686548485,0.2672176308539944,174.9352982652303,16971.246976299288,7.874398404143916
142,0.6184096690346524,70.68632792037717,0.0069828755649279,713.6738606600314,0.0032716603819259,494.7107214110797,6.558617274807319,4892.198952331063,242.37579884756417,0.0253929595440088,3415.3178627553693,0.3578122433478647,0.3979570564936419,183.59379185084788,64.37199348787867,7.567844048256118
143,0.6420833006068185,7.457692307692308,0.0076641668675501,466.8090769230769,0.0043585899126595,319.6674002087331,0.0763476500336968,2621.066153846154,210.39292307692307,0.0323681420118343,2508.3335384615384,0.3858974674556213,0.5005005005005005,83.58327751479294,3.465688307692308,7.016323701787898
144,0.3894940216331385,3841.2986507376095,0.0049474150941712,464.5128151300597,0.0016964904593727,221.86056972033396,818.1633159788596,367040.6463291284,1898.6244966506997,0.0362339834090478,8267.501459951525,0.1577797564829772,0.1267881339527681,76.05074981445165,3779.091146190864,8.597936695272523
145,0.5514239547882528,19.32285916489738,0.0051170773535402,469.1842179759377,0.0025668259281439,280.850214186345,0.1431753829863775,6611.027105449399,565.1650389242745,0.0399975257554334,4125.309129511677,0.2919539369788873,0.3618993955537342,64.38291794072725,11.687591182673872,7.371204811337606
146,0.5809789253671099,15.394148020654043,0.0059776817465613,425.2755733358143,0.0030703029722866,265.9535997653065,0.1131892122138856,4410.158394194539,822.0194910917802,0.0382388003485035,6872.3228822626415,0.3196875323190511,0.3976507584165741,74.17301607250668,9.070082368836848,7.273130760845129
147,0.5553392888608293,22.692264849457786,0.0082189523785437,400.8087999213708,0.0039937805015125,244.67563421749264,0.5503975643583763,4193.487992661272,1043.6522949906628,0.0341923236572637,9040.039347377387,0.2961713903409687,0.3664401651940069,77.38528866346404,15.245050407574832,7.465330648259874
148,0.5514797997010105,20.22168578893559,0.0045840717952559,522.285953652164,0.0022187549797154,319.20535443097816,0.1649765289268282,6473.58948653868,1153.1115528797002,0.0327476869498949,10255.780358968534,0.2912581040261426,0.3599746467930237,82.41240595869353,12.504549476971476,7.575158634113151
149,0.6127403230520551,59.858663104067816,0.0063446646591556,666.1817386096651,0.0031465822632498,441.3700677078236,2.2131849256044376,5308.859676602018,540.631823835629,0.0249058747793628,7683.370203160271,0.3539581795347247,0.4222330285936588,125.45374361200533,54.24953194582121,7.516465204583718
150,0.5722491716479723,14.640802538642646,0.0050408598948429,444.7594943187634,0.0025897061789139,273.1162073588416,0.112675643154852,4736.49744088443,745.666496058962,0.0381649347967531,6098.147302692189,0.3121172741678877,0.3976796254834113,66.72592951274136,8.317654965541868,7.255265145199238
151,0.6894602387117554,23.20439414114514,0.0096207313309842,643.2709720372836,0.004657572572487,471.7044887024285,2.7480551978405394,2573.87483355526,81.9081225033289,0.0272663523646234,1323.994673768309,0.4407438993902493,0.5270175438596492,127.75122606165591,19.604001588649663,7.031406907316533
152,0.6289280350988613,9.68985813462119,0.0094381920313568,379.3549652882584,0.0050287266604242,259.4934625987879,0.2947241048666182,2208.848173860549,472.6823121038334,0.0356687527998666,4914.334892846363,0.3708372240300606,0.471634991814364,82.299907985345,5.194255035705737,7.035340057382035
153,0.6308417475049302,9.038024613442726,0.0069362447111734,425.8263647838435,0.0039347605606737,282.6683269929285,0.1010329628246832,2857.457873146103,443.3725149889555,0.0349773205261088,4723.138687283054,0.3726048191293037,0.4747565543071161,73.97980616572815,4.601345065267716,7.038151678953027
154,0.6799908018275383,5.840501912366638,0.0029732027142916,737.259545058042,0.0018574203196794,515.3276889106154,0.0264117359942877,3594.937395155338,445.9988592900758,0.0299267838213833,6411.176742937663,0.4301937021363258,0.5513707499352547,96.69038006310048,2.551133227013679,7.007571891389802
155,0.5988130396050151,25.26636043484918,0.0049275315112768,572.3379574337773,0.0023736789522605,367.7586515941762,9.874998670635575,5370.856836625326,1178.4033991731742,0.0360864614660289,11035.914653192469,0.3379548201865707,0.4114534114534114,79.41501411885287,19.359473405060797,7.30881136482972
156,0.4911861542518477,245.34572394073305,0.0099047530172733,743.9442422667013,0.003454800409578,431.0878873536415,14.176201018018885,22367.86729919418,172.08786067065245,0.0223665012569082,1799.1728619703665,0.233841027030201,0.2094175285792052,187.6061221262279,222.54367150742303,8.44342048770945
157,0.5737603859565881,177.92269221499157,0.0088415575171647,545.7710291636539,0.0036285493472114,347.2926726787801,95.6766286728033,7179.26428054953,925.9981320800192,0.0278982324680651,10313.610568811762,0.3107257944327477,0.3200277681360639,101.43684048638092,168.1587618269359,7.708924634469705
158,0.6697227192470225,6.402958467665465,0.0036433526523777,753.8163853593779,0.0022445625958152,528.0318021140905,0.0308904287001622,3750.393741703015,689.759567608572,0.026161940739942,11013.144964915607,0.4177183753049728,0.5339854984404747,124.33274228094278,2.895915602814201,7.216760013354784
159,0.6652410056072298,7.714393368500377,0.009522342212768,466.9811605124341,0.0061105069187423,345.0658602534472,0.0924906137084573,2252.210248681236,85.50037678975131,0.032215665708271,1090.8100979653354,0.4110060655483555,0.507262996941896,107.52584970773954,3.828117431196828,6.928951358107081
160,0.4912321295076872,113.86394732341373,0.0204381840255991,350.1591414400547,0.0075496504493115,190.84292873153385,79.64014382777002,10665.752565418165,771.2426030442962,0.0329759963675515,5574.098341029588,0.2383315521220107,0.2790597780694427,77.97404265119928,101.02275025434074,7.854842429910474
161,0.6874191579499229,5.720580611715915,0.0051912860571253,688.7223950233282,0.0037125900384541,506.6868648245332,0.0275391808933605,2980.8755832037327,107.02125453602903,0.0277400867122936,1692.4105754276827,0.4386756286748788,0.5543103448275862,139.99966333345955,2.466007496289348,7.054836941650253
162,0.5719850759755047,68.12263919548688,0.009453479618211,326.4699533971057,0.004450864406632,217.79994095541568,3.7950665596264144,3919.628566756602,533.183795274303,0.0435928211327203,3792.5763224593247,0.310079006005995,0.3475703324808184,70.77335457809306,59.84484544483372,7.176783159874566
163,0.71184774160675,6.111331220285262,0.0043123368447561,788.5437797147385,0.00246914755908,614.5982069226468,0.043561093912109,3069.2323692551504,122.85340729001584,0.0243370458181489,2366.137083993661,0.4687276315359867,0.5623885918003565,142.23805755554903,2.9495850924625957,7.084741336214945
164,0.6190615880805707,11.289853181076673,0.0079045472694708,478.92241435562806,0.0040889106920745,319.07332678357426,0.2117090989687844,3148.9824796084827,922.644176182708,0.0301025832359774,11023.73004893964,0.359664928187264,0.4482566982566983,96.43601989520153,6.313096316087812,7.30219686256728
165,0.6066487003078623,15.072762050497325,0.0063719518286022,546.2612088752869,0.0032768077804888,376.6124933579345,0.3925766113071655,4893.074980872227,421.99846977811785,0.032287564634898,4518.042540168324,0.3456803779776836,0.4208120029621043,117.41319992577192,9.425684364515956,7.389898153224502
166,0.5374666420508789,47.33922685046449,0.0036574066471422,823.7993706922385,0.0015408464666699,485.5190826470542,0.7326050909790495,13788.807012286485,326.9707821396464,0.0244958632109414,3683.142643092598,0.2759321728418188,0.3012820512820512,155.421157396627,36.32247718998463,8.06825204598985
167,0.7015023977141126,4.883010712272129,0.0047975936446146,593.708795339222,0.0031622403610739,427.9752253269037,0.0398389107858851,2531.614734072543,369.6756248825409,0.0347374201167582,4858.710580717911,0.4565599117381987,0.5804832815142094,71.78682015294638,1.9153068103846531,6.708438318335162
168,0.6423428890436089,9.629802338530066,0.0039580597962881,891.5568972717149,0.0021725809285665,604.3959831856397,0.1040466989071294,5514.915541481069,706.0874860801782,0.0245715300000062,11085.939309576836,0.385785749915675,0.4831853645412967,132.7725880195731,5.346561866012578,7.468266851250496
169,0.7122560048137488,6.147731834604577,0.0061280273665187,754.3982336411079,0.003540878012159,577.2197997256696,0.0534000030100474,4122.918105178643,62.31433159373746,0.0250157894796216,1168.3295865114412,0.4690203077123409,0.5555307760927743,152.0514639534924,2.9074427876122817,7.058528244710481
170,0.612145930232473,18.451130940029053,0.0158417913616955,528.2006640381821,0.00661492891973,366.0508986962261,6.456585846039122,3621.5642249429343,127.98651172442416,0.0265587283096958,1691.6972400913053,0.351047362542292,0.419773519163763,123.41365249377544,12.776077917694614,7.453207064700179
171,0.6567334287247231,9.334246575342464,0.0090318772596858,511.3232876712329,0.0048252525074366,377.6382881434585,0.2214761267759674,2475.1859589041096,86.64794520547945,0.0296739538374929,1170.727397260274,0.4009340401576281,0.4871538204871538,118.82205620191402,5.120506192531437,7.083215747731542
172,0.6105665880779672,15.209136064176905,0.0044851318882696,541.7376395037097,0.0024277962717468,350.0767256772489,0.2164819080778012,4558.62867593574,1537.6025728952343,0.0319554954152427,16855.065673254776,0.3502933614575882,0.4302537689790224,83.01395376704677,9.807185154421848,7.28320568386896
173,0.6500819388295818,7.796583850931677,0.0043084457481962,1027.6088897515529,0.0024317934627705,698.7156060055554,0.0536759129220946,6173.157026397515,114.5830745341615,0.0222405035974692,2033.88198757764,0.3947752305080823,0.5006802721088436,155.10141055846358,3.807446031933568,7.437584498526587
174,0.5536454740868539,874.4820197723424,0.0137701410637713,335.7324431840561,0.0052242115008035,213.9253757256816,210.4366218681334,7165.58434755209,962.0380085863956,0.0378919220365668,7423.121469927922,0.292375496078141,0.3138474090189873,78.57283607707656,864.3297557250896,7.431893124044282
175,0.6016392078884188,240.5492146787653,0.004942429352489,639.2307496082504,0.0025220643858882,432.0518727963616,9.143800862726223,10544.085528953026,764.1481360008746,0.0278469493094593,9342.598629787544,0.3404613035161817,0.3840856602981314,118.16665168476366,233.7705552694831,7.533962954759409
176,0.5961110229335124,14.555166879295443,0.0064370489747545,661.0605374706778,0.0033102309161361,437.1941209798544,0.1616428311181139,4904.936910983991,607.1675789127124,0.0249873484058073,8137.238692950327,0.3348795708856466,0.4130796953624371,150.07989880777365,8.69469881228739,7.68100672386193
177,0.7046768527441898,7.794376098418278,0.0040970905787082,1035.4103690685413,0.0022256994876559,768.7378650809108,0.0397580123525335,5538.167838312829,23.90158172231986,0.0210031473834093,523.1107205623902,0.4596755013729263,0.5268518518518519,185.7749582253577,4.19171858253465,7.137398011838068
178,0.5820938895784648,30.14839961202716,0.0042193641347261,673.5951745877788,0.0020440409032677,423.0387072188161,0.6896830528058502,14432.666707080503,242.84044616876815,0.0294423431339437,2624.717507274491,0.3182247220264901,0.3445279866332498,96.2500643103323,21.723766676293845,7.615208393401101
179,0.7251181269240199,4.830432620586773,0.0071570814287834,819.9823470909995,0.0041018842280925,628.6974260422123,0.0659909917968428,2811.6442068622578,86.21979114868225,0.0214370440449234,1956.9408254599705,0.4865591311437022,0.5972675972675973,179.5350023527981,2.027180937464531,7.133016023784382
180,0.6650653168332095,10.825,0.009272908632188,787.0698170731707,0.0049436747979481,549.1953932657161,2.1283498733414192,5396.040548780487,71.0810975609756,0.0216710663295657,1347.0731707317073,0.4106930398572278,0.4880952380952381,166.01175258402748,6.627498512790008,7.400854261029703
181,0.7134425155540632,5.538280329799765,0.0049500365669256,611.6065959952886,0.0035260251589958,458.8169802880007,0.0341967462222052,2467.4405182567725,52.323910482921086,0.0308150238415318,799.6737338044759,0.4709503732652979,0.5752032520325203,101.66614918680747,2.515842791561054,6.723277298237532
182,0.6697734782577683,8.697139652271453,0.0041178567954704,665.9580061693774,0.0023938379087076,475.0931718840663,0.1857304492829506,3351.1996634885027,397.3581043185642,0.0278574105663603,5946.771452607964,0.4169077013886683,0.5156159629843841,114.38327634406431,4.93575895484524,7.139563194608501
183,0.6930513773511534,6.020041878552199,0.0103326755204321,474.2772958420581,0.0064351185055364,360.1331703122382,0.0760003105417982,1890.4205803170803,102.97068501346097,0.0308018800518878,1487.5569847442416,0.4449766631002816,0.5481226430562387,123.3679098189287,2.6915729010458342,6.908644272001181
184,0.6961686569914285,7.789127575624726,0.0128786606552977,916.757124068391,0.0056891215488598,676.1171827520097,0.6504343788469314,3634.318281455502,47.75054800526085,0.0209340412123019,1025.2911003945635,0.4494919335355387,0.5445213654810217,202.26727088671228,4.416486304625387,7.2432779945314
185,0.4706117433756634,263.4784430328423,0.0119391202378907,407.4559737802406,0.0041145718268524,231.61711509186011,156.06325445501156,10999.732936883363,982.1048114610082,0.0331837008873161,6498.695161508312,0.2195801852111201,0.223248095345855,97.1231561591582,243.41412166428984,8.128243494758404
186,0.4494502108388364,14317.12098140767,0.0146726198607056,485.8720255853362,0.0038711538956293,284.96843030709334,14106.73129611793,50193.14021814363,1187.671376405165,0.0283460554286537,8372.535549774457,0.1998266199616806,0.160447732616471,121.40739310104986,14278.276186607594,8.555890111951602
187,0.6495799159334555,8.433254716981132,0.0053826957919541,706.891391509434,0.002859507275367,478.7031494438795,0.0836259070557535,4865.403891509434,241.2004716981132,0.0284434518511925,3331.946933962264,0.3929182705144179,0.4907407407407407,107.17865331023047,4.280887326450689,7.259247709882752
188,0.6872315334015832,12.03479304139172,0.0087178615412016,702.9484103179365,0.0047444258263294,532.406902490633,0.2869359365780253,2635.0911817636475,79.15236952609479,0.0237409626652953,1460.9634073185364,0.438201381919177,0.5033212560386473,170.96400899784047,8.087408313178393,7.185894384469043
189,0.7078925897823319,5.255311738070359,0.0041833249610662,818.3009404388715,0.0027220188804152,616.5280201156418,0.0254006425888788,3193.156043190526,72.38975966562174,0.0252141273652461,1333.314872866597,0.4644078275397412,0.5776659959758551,140.19829785138035,2.2585901775899253,7.03174869063933
190,0.5908799803884734,16.42437722419929,0.0077881244492505,388.3337411032029,0.003921297828276,248.0841991674818,0.4708048888841905,3215.5987173784106,950.1075771055752,0.0352204766127511,8922.368327402135,0.330752088056129,0.4144542772861357,69.69350731552915,10.602718430617644,7.20259544467786
191,0.7247320190616171,163.70987313844458,0.0148012528365891,741.8044677330391,0.0074240458581606,554.5170951692934,130.30581974275313,3202.562603419746,81.853833425262,0.0225741404923502,1763.1472697186982,0.4862513154215935,0.4641577060931899,153.65502298622246,159.06826075938045,7.057546184481464
192,0.6359576493985606,10.607210626185958,0.0038927633094303,718.841827053402,0.0019929483238054,503.219698037364,0.0546051079064709,5286.4093250203305,206.86256438059092,0.0280377560830294,2779.5017619951204,0.3767283494165249,0.4590592334494773,126.07311350199626,5.8619229536706765,7.356192891468218
193,0.7454636513109,325.3409227082085,0.0219499931267755,754.7657279808268,0.0120865659898713,571.4478488468661,320.96255514571817,3426.7249850209705,35.08987417615339,0.0210244902193848,858.5194727381665,0.5143915354932095,0.4795977011494253,218.65873337543127,320.9933604038827,7.025363817397791
194,0.5034146641637223,51.27994737570974,0.0045316256846599,610.9128237086276,0.0020273029279433,353.93952711822413,0.2014503388138833,20554.033374878825,475.21742140977705,0.0329052362144977,3557.074781886165,0.2463007050191223,0.272300469483568,107.20843153233632,37.79332430793328,7.982219020622291
195,0.513934914874998,7189.914243962468,0.0226035657520732,356.5003076449777,0.0089699858992083,210.31496149418453,7160.08342583366,13311.29118597139,831.1230579910783,0.0319613543297599,6727.062067374251,0.2586933574594005,0.2659983633387888,96.44065390079614,7175.780992989592,7.7920887020711485
196,0.6554075771445996,8.484141791044776,0.0045920301147228,661.1585820895523,0.0029310014996816,462.6214920356837,0.0358090764305556,4125.890391791045,66.9598880597015,0.0312312910726219,858.9729477611941,0.40064036742593,0.5028142589118199,95.45543185425488,4.528792604143459,6.975888558625648
197,0.629205728618372,14.343683083511776,0.0078791819415656,464.3759100642398,0.0041651118313165,330.0816308724352,0.2382410677208523,2897.8282655246253,307.7608137044968,0.0329508365850639,3450.28329764454,0.3694093466428843,0.4327680474469465,111.52743965766278,9.004317916080128,7.215968855260016
198,0.6660165822893491,6.81360008746037,0.0030834691530123,785.1311358915491,0.0017231021218638,547.6092935729339,0.0727818705131754,3743.016726795671,535.1158849896141,0.0292508956482788,7573.758609380125,0.4140023291450817,0.5359779678893707,100.26503971507064,3.3325832461639937,7.088820763953868
199,0.750644138459731,3.652398143372873,0.00601856103569,668.3470861268695,0.0040748940848572,511.4755349739556,0.0224051812143909,2137.397111913357,52.56781846312532,0.0271107882739171,1011.7158329035584,0.5217719612705305,0.6441860465116279,136.82939930915092,1.2426182687491971,6.728711882272702
200,0.6480528351840812,9.156119610570236,0.0134891150596693,396.787899860918,0.0085069100646085,287.67645977604604,0.169291940798704,1848.4348052851185,217.51286509040332,0.0378151712605012,2255.4857440890123,0.392122000015475,0.4831989247311828,117.66790809654891,4.873119538998104,6.986760700660127
201,0.5710350643663671,24.43089782389393,0.0154399817857892,514.5366767545756,0.0063526625600355,317.17099970563066,7.603473700755204,6765.150021616948,180.46879953883845,0.0260078973250956,2148.432194840755,0.3096169757660693,0.3698433002878158,119.5360889007021,17.120104808083934,7.667575759682994
202,0.6361673781572881,12.131648936170214,0.0169532146865844,396.5390625,0.0096582563983596,284.4305338844508,0.3217739832036902,2004.044049202128,233.02327127659572,0.0387339214223064,2270.8583776595747,0.3774698101162856,0.4506367041198502,141.21414876707334,7.207322030436567,7.055692916277089
203,0.6555930613351887,6.981434151516613,0.0029277021061885,694.0668370545402,0.0018222388461578,476.1110821753103,0.0233582545802241,3832.479866904567,655.4056517336162,0.031605615649979,8318.335969523074,0.4011349746599351,0.5161539227399442,102.7213342823396,3.227889941902176,7.079072973626962
204,0.7340406775160018,4.644273127753304,0.0083909961768028,623.6404185022027,0.0048485322322411,486.261353461638,0.2244503337206544,1824.5759911894272,48.35352422907489,0.0266263899939839,906.0022026431718,0.4988998913233325,0.6114478114478115,132.7105025204253,1.9695353587300364,6.806295676060674
205,0.6316773269855553,12.892111368909513,0.0037258236755794,805.6702436194896,0.0019918736066903,566.0354495195595,0.0819289344365639,5362.44373549884,87.93503480278422,0.0255032003488353,1284.3457076566126,0.3724900544247716,0.4405826731408127,146.29185208076493,7.740475328513517,7.414982350006017
206,0.5072892681736486,32.791179906542055,0.0103300754019477,314.01720210280376,0.0044370139967475,176.39205957685866,0.6988268709393461,5669.710981308412,1318.4009929906542,0.0385047018980915,8626.857710280374,0.2519526200432352,0.3070301291248206,59.803793705202125,22.18307002795001,7.578755957159445
207,0.6518687660687089,7.977741137675186,0.0046868371185401,720.4674361088211,0.0026406765265302,506.214441087079,0.0529332906461482,3763.371118439132,184.7952734267656,0.0253909416634742,2891.656499038197,0.3973147154490515,0.5035284350352843,151.03066071272545,4.033604078922424,7.320591759659833
208,0.6885881862981589,21.7798459563543,0.0131022889658014,768.0770218228498,0.0073771128422513,522.1873391119251,14.750775603835852,5423.875802310655,65.65853658536585,0.0210714173893985,1368.1347881899871,0.4390676470442834,0.5032299741602068,181.21240283698688,17.831029050443195,7.31008262177432
210,0.638680568026717,18.352343592838466,0.011933936314495,444.1870850935425,0.0060034140411422,315.5818809407411,0.943917690619138,2511.5702072017702,299.6214041440354,0.0301369346352882,3780.0867028766847,0.380213910971302,0.4363396971691902,110.96119249846664,13.100031206950822,7.2085056384958355
211,0.5645398473671095,41.44070512820513,0.0140205622472283,538.635016025641,0.0061829381618675,327.1795294732944,25.69891794692532,6764.293669871795,204.96955128205127,0.0273730704169406,2274.7852564102564,0.3037907660804295,0.3697777777777777,106.99110869057164,34.12732102132651,7.632031372109151
212,0.6279933603662604,13.398252674977911,0.008560671399833,489.6490625306764,0.0045201717106836,335.5529371631682,0.2941965725146022,2809.0228722882102,301.8198684598017,0.0296279442877983,3764.824678511829,0.3695714811536104,0.451231396172927,109.1597493418668,8.486897066671249,7.268655526463577
214,0.6006353041555621,39.0783887681765,0.0113764872098775,782.8102958382083,0.0053001872049338,451.70225192848136,20.715585896909115,19277.769012201235,127.99883001838542,0.0213937539726534,2030.4333946180843,0.3393671059030728,0.3821538068472151,168.02229074639575,32.23102154527804,7.763385557704504
215,0.6255379590872815,11.02531089978054,0.0058208944089526,594.1536210680322,0.0030744037104453,405.48449643289206,0.1378095355189072,3832.1788588149234,390.5770299926847,0.0285718383315789,5011.94762253109,0.3666384508069561,0.4571294810058855,110.65561227149075,6.23987460727815,7.356800721987343
216,0.5191767023923787,1915.300095389507,0.0149830553927686,376.7093481717011,0.0056549014125264,232.35753384686475,317.5440843476872,33340.49987281399,1014.987027027027,0.0322730374253426,8118.126677265501,0.2581280342532751,0.2055716788244829,97.82996810239584,1891.6368975470189,7.88448548060606
217,0.6625268306542402,83.90068674062334,0.0135909084248717,623.0394083465399,0.0072087729528992,442.4624326332361,75.85225451671187,3746.6226096143687,226.54949815108293,0.0239354990122644,3858.554358161648,0.4076655423308661,0.4643347723704866,149.56203929789424,79.26261368865586,7.386920810885373
218,0.580035154682492,17.480290285337293,0.0050081391434219,598.9219858156029,0.0023610606634943,370.5307890506954,0.1793355669831021,6656.891142998516,398.3555995381825,0.0328513606744336,3864.634504370773,0.3187064575598526,0.389402697495183,78.18208160077621,10.885483309303114,7.397181614041599
219,0.617901807082549,9.260526923203743,0.0041103676960689,564.1209153559535,0.0023773879849487,365.0593587317375,0.0534475134885889,4113.534803970059,1009.471131335114,0.0332862179356716,10894.64421142876,0.359239100848378,0.4647103892123812,72.71521700111052,4.629948579009142,7.155207729140794
220,0.6868684882517591,5.442994406998422,0.0036815207639509,860.7265165638893,0.0022562346669711,615.7922923414125,0.0226686285633666,3830.980639609924,178.46651369568335,0.0255939357085448,3057.3137817295283,0.4384502770299051,0.5603503696560591,119.65023974692988,2.2582053343817883,7.12339100961412
221,0.5321757559097808,159.2885685884692,0.0096037359355274,446.1645129224653,0.0035491950239721,269.47342621527895,45.85890723870669,6131.313618290258,344.1763419483101,0.0342123600346232,2747.357654075546,0.2730971823136726,0.3058215534275725,78.42861000003957,148.59644869352474,7.6170791918106335
222,0.6220450987535125,16.023965841788716,0.0048016310432248,561.8650199715348,0.0025361611595241,383.2384626635151,1.5420743104861596,4030.116110371425,682.6934025067719,0.0313435288786911,7886.329966484551,0.36207382427274,0.4371061609472205,101.31816798354284,10.790057120840604,7.305294605703526
223,0.6535241650542609,9.584298118668595,0.0114681125633906,428.231005788712,0.006659318054706,312.8045525561617,0.1710891678303925,2051.043958031838,187.87843704775688,0.0339866926642107,2198.4468162083936,0.3976929841187397,0.4853380158033362,116.78640612794015,5.338968854258076,7.043374143743494
224,0.5328402704968616,38677.428062015504,0.0202506762883194,553.3836434108528,0.0069820468059488,334.54517795269203,35040.354064768304,65644.71868217054,317.33674418604653,0.0245997476113214,3494.696279069768,0.270906688299982,0.1565344011649071,131.40605763475747,38636.61676401658,8.088132130141327
225,0.636093237338561,11.067178741955574,0.0058917395572577,594.1209674070999,0.0032112884316863,407.04217352398746,0.1385997763244901,3804.702117500519,1305.33207390492,0.0270984445485762,18206.007058335064,0.3779532293613258,0.4628081704809669,113.45562311814405,6.398457273386777,7.334767850382158
226,0.6318770896838077,13.914456619554285,0.0087960035601328,506.3398443703351,0.0046663668736099,351.5416475840784,0.3970919775913606,3074.9174209941243,546.6759303371977,0.0289384326047958,7046.786670901488,0.3730234858346031,0.4491013693419551,124.58231853418869,8.956402745571026,7.316431418057808
227,0.6750101147594962,6.52801865183246,0.0049719122175771,689.7747464005236,0.0031497006207538,491.2139255543546,0.0398237359483362,3328.0965723167537,624.3626472513089,0.0255383936212086,10361.6988710733,0.4238260336662834,0.5344175574354603,135.1942087158143,3.0266441520259417,7.239254364519192
228,0.6351190361825122,9.437754492643466,0.0064933871601449,488.56436288615015,0.0036026984411391,330.7483539328972,0.1144314209487965,2935.0458765405288,578.0153645691948,0.0313814737265429,6949.809598783864,0.377317422161022,0.472791211047795,99.21405582435456,4.964112660630364,7.181644054097263
229,0.6739764460779833,8.18237734229724,0.0042134864550398,766.8789872693463,0.0024055394709626,583.1147585992593,0.0513510939073967,3648.161636389644,185.3272779287656,0.0265094089441804,2939.68430839651,0.4204955383201988,0.5021187962364433,172.35215573669805,4.216063806908204,7.271538634924815
230,0.5364954119832369,829.4713019768235,0.0188446912981182,508.2895705521472,0.0076349325123874,305.7638367149796,803.5244088189592,10224.5224267212,190.6676209952284,0.0259942223579043,2028.838582140423,0.276596943713759,0.2960526315789473,131.38453355785944,818.0619192607742,7.881851095716046
231,0.6977175329332862,5.245231267921706,0.0043170227206538,578.4566138885426,0.0028207698149574,422.04906217609147,0.0274250919757552,2507.847649918963,529.571624485725,0.0330115711560731,7245.056601421269,0.4516305075066244,0.5712962962962963,101.47722197207024,2.181312951395616,6.849570020605761
232,0.5364612469702016,24.303827567691958,0.0034428736831164,637.5777402776713,0.0017390504907272,366.59325180393904,0.0798625157249621,12041.490066733144,443.6409450026847,0.034029373705813,3607.1438981360734,0.276685119132935,0.3350983164117723,72.9968367242709,15.398384977883062,7.625271854743925
233,0.5655330523211999,22.45781476121563,0.0152592321953457,463.81772793053545,0.0069361332046027,290.8369133572096,0.8450697940443597,4454.356295224313,397.6101302460203,0.028770631711,4221.377134587554,0.3054542065548157,0.3683859789417566,120.50938568759788,15.089064879021372,7.609878250063083
234,0.6263431763578879,1109.9809759492691,0.0163484974357708,575.5870388987704,0.0086860556368128,375.6923013387166,1099.9876151663275,6438.030314747506,321.4352331606217,0.0248577243183529,4741.650529734746,0.3666886188024705,0.3951534042293118,136.91926545325643,1103.5767220029577,7.513232035705249
235,0.7001354779522443,4.721004810261892,0.0073869577542883,619.4048637092463,0.0046375105732801,455.51500393001663,0.0633627855490886,2304.7520042757883,102.60555852485302,0.0274199782268447,1704.0090860502405,0.4553738872395084,0.5861528822055138,123.27745440049404,1.810433860541543,6.960296077630004
236,0.6246816450890534,35.6591369823342,0.0068929946892451,615.6704315088328,0.0032948566644181,427.2566712149565,0.2580070527191464,15579.95192586157,104.8395598030698,0.0303618765719866,1248.7549956559512,0.3616434971491315,0.3476291150709755,106.86944143980044,27.38414247372498,7.428014967476727
237,0.6618746753005239,64.85986215950115,0.0184607523328679,864.7676403019364,0.0088559342012371,586.2872553108076,57.45772347149568,5997.823761076469,62.22612405644897,0.0204220951941086,1241.0361010830325,0.4072977030137947,0.4713799504950495,236.15231884590287,60.35939302960543,7.473107720094416
238,0.6373611049841379,10.34627683873915,0.0036442666358651,749.3153266331658,0.0019708388025972,506.4704372191193,0.1023988158109549,5172.0245545911375,246.39584285061676,0.0281402287403628,3319.602558245774,0.3791231793336882,0.4683354728284125,105.98389663911998,5.787105718383851,7.288155118754683
239,0.5678200154834357,150.6205390982687,0.0067981160173417,673.8236863648767,0.0027806846483516,426.055350540784,34.39588425154345,7964.070343531124,862.2089384797307,0.0261425953876392,10091.328310239229,0.3059739944282838,0.3376986402359109,113.08858111086802,141.8517146388321,7.789424974370237
240,0.4638094094905006,451.3202404131042,0.0089775232770401,740.2616185558284,0.0030881178355344,413.3977560303028,385.3733135322004,23631.35587911623,546.3911792093456,0.0231266900537266,5127.60856683315,0.2170324458999894,0.2368521303258145,167.64746879059783,433.4945890010695,8.51817208575471
241,0.7165188608721667,5.524049041182018,0.0071927386760545,515.1672430053442,0.0046962795856399,395.8505233305027,0.0670939517856837,1860.4976422508648,97.30745048726816,0.0305902076351047,1511.0037723986168,0.4750090450797286,0.5752260397830018,110.13421959467168,2.5018509677222323,6.796663815730192
242,0.7226112990956556,5.462848751835536,0.0091411101684886,737.5165932452276,0.0054935541373703,572.6061326884151,0.113630938832183,2590.5080763582964,77.60734214390602,0.0227921709673732,1645.0881057268723,0.4831389444131783,0.578589634664401,168.17915296887838,2.4756872613264167,7.081043486690387
243,0.6185344174041396,12.17279027817336,0.0032707181233978,720.0938320832938,0.0017644104401125,489.1076956928254,0.0614286473863465,5356.381752587107,883.5919174657425,0.0279626544341828,11323.415329599038,0.3583472682552941,0.4377441609176294,115.61000880362364,6.95412699274136,7.449806432914647
244,0.6019766676023781,4161.20668202765,0.0239640939030248,403.81370967741935,0.0113502800905169,259.1827562278056,4150.979318510472,7687.032258064516,250.3725806451613,0.0288447673554333,2971.563133640553,0.3423459831383125,0.3329497506712696,103.17087099694191,4152.185932754995,7.344169858657962
245,0.6082512212340997,13.97034345824004,0.0051871494398747,592.0346415445059,0.0027177430644456,391.2507467619416,0.1381964036004067,5026.144311604918,709.4635207638038,0.0299718440608256,8234.459422922564,0.3478712104652344,0.4240139003331781,99.46883262304,8.408230408584567,7.422532594245457
246,0.6725470672202332,6.857003416300635,0.0056614031874386,923.457784285017,0.0028190835675074,644.6065892874343,0.0592871951407444,5077.129819424109,43.504636408003904,0.0212321309946334,862.8965348950708,0.4211305685188242,0.5272774060730828,179.78438838977033,3.2601588080795514,7.296156369797371
247,0.6766079305831868,5.7908452605995135,0.0051003766239806,623.3717256278693,0.0032175525660643,436.2236407309588,0.0343765279416699,3106.3124493653795,414.740885768296,0.0280003298520318,6309.672697812584,0.4259838440327156,0.547416660507059,99.9531982228393,2.453785546150878,7.053209956458975
248,0.6506656320070235,7.805229411274877,0.0050603327974455,566.8039387126322,0.0030461115518819,391.0590702649447,0.0591426234250299,3249.955450079108,757.0383046048797,0.031519622974639,9486.454575734866,0.3949727111222777,0.5008758758758759,101.06699783535235,3.819206687498327,7.142098021194227
249,0.6254196845581518,10.64061042814752,0.0057289243595912,376.99728698601103,0.0032736560419609,250.80444699006208,0.1058255300954523,2674.8381941500634,965.6922424756252,0.0409365087950667,8659.122594319628,0.3670675114166862,0.4608141897171433,58.56468449909345,5.931397663310323,6.867649527251485
250,0.5645676535277415,17.14029278494249,0.0052583159982014,636.7265597769258,0.002701778392619,380.7325690297955,0.093948591260699,8662.083827117462,164.09132101777624,0.0285973023732618,1739.8455907981877,0.3032146376434624,0.37688013136289,97.7310212070934,10.09995470262335,7.609886251366474
251,0.5929708450857727,17070.15647103085,0.0219343381463714,516.6434913468773,0.0104213284022167,331.57081604352624,17054.491850710292,23616.51057185854,691.5298720842738,0.026016925210093,8799.155154251317,0.3310442119733377,0.2919499577122898,134.8365962232786,17058.42417083937,7.674381968670857
252,0.663596376057066,8.65725561627201,0.0033470872357343,728.853825136612,0.0021081612608888,509.3881122347323,0.0381808678382209,5236.421523982999,408.710686095932,0.0310193295458357,5383.197935640558,0.4085608633606981,0.4938530734632683,106.53006761663758,4.557060932851001,7.165573190284279
253,0.6036456300301514,1893.919099355232,0.0053190352127325,790.2936487790018,0.0023389230646606,531.7088787803801,50.19522442415014,108958.327562573,955.366807127989,0.0242515816400464,13441.861552520688,0.3412159606163549,0.294805690466747,148.29120348277672,1882.4129958737549,7.7173551126129984
254,0.6847990889828643,6.264300381343502,0.0077029321935848,863.182898210619,0.004897548614116,614.7452794105855,0.1537855692655738,4119.191991786448,148.06600176004693,0.0217169260428346,2970.3464359049576,0.4356624282641474,0.54544,161.02617760038677,2.903010003802509,7.304109525776919
255,0.6857757452979668,5.709452656168191,0.0033174817998276,744.3861613435902,0.0021123890383525,527.6129924909565,0.0227631067840912,3547.2648918603245,696.5199162269927,0.0280526769594825,10843.612429014458,0.4367317422777582,0.5537490521432713,97.58955666116265,2.4482783776331583,7.04134286904314
256,0.6030279883621457,22.18904766565528,0.0073813546570244,482.2663697758638,0.0037751076245009,321.1666382305951,0.6054395060660649,3800.216648722717,636.8790251541549,0.0311676140331875,6982.714299696584,0.3417203826806589,0.4033795921590303,99.65370155355112,16.043336367488884,7.38836976862268
