CaseID,Feature__INTENSITY-HISTOGRAM_IntensityHistogramMean(IBSI:X6K6)[Intensity],Feature__INTENSITY-HISTOGRAM_IntensityHistogramVariance(IBSI:CH89)[Intensity],Feature__INTENSITY-HISTOGRAM_IntensityHistogramSkewness(IBSI:88K1)[Intensity],Feature__INTENSITY-HISTOGRAM_IntensityHistogramKurtosis(IBSI:C3I7)[Intensity],Feature__INTENSITY-HISTOGRAM_IntensityHistogramMedian(IBSI:WIFQ)[Intensity],Feature__INTENSITY-HISTOGRAM_IntensityHistogram10thPercentile(IBSI:GPMT)[],Feature__INTENSITY-HISTOGRAM_IntensityHistogram25thPercentile(IBSI:No)[],Feature__INTENSITY-HISTOGRAM_IntensityHistogram50thPercentile(IBSI:No)[],Feature__INTENSITY-HISTOGRAM_IntensityHistogram75thPercentile(IBSI:No)[],Feature__INTENSITY-HISTOGRAM_IntensityHistogram90thPercentile(IBSI:OZ0C)[],Feature__INTENSITY-HISTOGRAM_IntensityHistogramStd(IBSI:No)[Intensity],Feature__INTENSITY-HISTOGRAM_IntensityHistogramMode(IBSI:AMMC)[Intensity],Feature__INTENSITY-HISTOGRAM_IntensityHistogramInterquartileRange(IBSI:WR0O)[Intensity],Feature__INTENSITY-HISTOGRAM_IntensityHistogramMeanAbsoluteDeviation(IBSI:D2ZX)[Intensity],Feature__INTENSITY-HISTOGRAM_IntensityHistogramRobustMeanAbsoluteDeviation(IBSI:WRZB)[Intensity],Feature__INTENSITY-HISTOGRAM_IntensityHistogramMedianAbsoluteDeviation(IBSI:4RNL)[Intensity],Feature__INTENSITY-HISTOGRAM_IntensityHistogramCoefficientOfVariation(IBSI:CWYJ)[Intensity],Feature__INTENSITY-HISTOGRAM_IntensityHistogramQuartileCoefficientOfDispersion(IBSI:SLWD)[Intensity],Feature__INTENSITY-HISTOGRAM_IntensityHistogramEntropyLog10(IBSI:No)[Intensity],Feature__INTENSITY-HISTOGRAM_IntensityHistogramEntropyLog2(IBSI:TLU2)[Intensity],Feature__INTENSITY-HISTOGRAM_AreaUnderCurveCIVH(IBSI:No)[Intensity],Feature__INTENSITY-HISTOGRAM_Uniformity(IBSI:BJ5W)[Intensity],Feature__INTENSITY-HISTOGRAM_RootMeanSquare(IBSI:No)[Intensity],Feature__INTENSITY-HISTOGRAM_MaximumHistogramGradient(IBSI:12CE)[Intensity],Feature__INTENSITY-HISTOGRAM_MaximumHistogramGradientGreyLevel(IBSI:8E6O)[Intensity],Feature__INTENSITY-HISTOGRAM_MinimumHistogramGradient(IBSI:VQB3)[Intensity],Feature__INTENSITY-HISTOGRAM_MinimumHistogramGradientGreyLevel(IBSI:RHQZ)[Intensity]
001,28.823745674740398,121.56896435693348,0.2267607644195684,-0.1132818384778229,28.0,15.0,21.0,28.0,36.0,43.0,11.025831685498082,28.0,15.0,8.8436832488812,6.251135340502481,8.827704950758584,0.3825259843019131,0.2631578947368421,1.6370541137898378,5.438176053449398,73.41047726535457,0.0272507799122766,0.000673300410498977,583.0,16.0,-528.0,33.0
002,35.21284453251656,80.10557092142557,-0.0962117800036936,1.4075640738404005,35.0,25.0,30.0,35.0,40.0,46.0,8.950171558211919,33.0,10.0,6.662774905796179,4.489070041732915,6.647360835885426,0.2541734891637928,0.1428571428571428,1.5273264387132517,5.073668606825812,138.65057534678428,0.0378491627771775,0.0018464073793501,209.5,32.0,-166.0,34.0
003,30.33863980940012,297.718223231102,0.3470329531250403,-0.9556022210815384,29.0,9.0,16.0,29.0,41.0,58.0,17.254513126457727,37.0,25.0,14.79984356388555,11.9419630823249,14.772471301711068,0.5687306100358392,0.4385964912280701,1.7350591614042106,5.763741774560352,79.63892949967504,0.0214056460644521,0.0015225418363842,120.0,36.0,-141.5,18.0
004,21.20225988700566,171.4048536499724,0.6832924637397598,-0.215615238111408,18.0,7.0,9.0,18.0,30.0,40.0,13.092167645198115,8.0,21.0,11.038647898113744,8.7740970121638,10.93728813559322,0.6174892542102072,0.5384615384615384,1.5961217248420252,5.302201600612801,40.08552259886991,0.0341584474448594,0.0031063288523956,157.0,7.0,-190.5,9.0
005,28.72922940262044,200.3691083335627,0.1144736000530829,-0.8597857611561368,30.0,10.0,15.0,30.0,39.0,46.0,14.155179558506584,10.0,24.0,11.96459607168686,9.41877392383024,11.933972906950922,0.4927100327033299,0.4444444444444444,1.679692468842951,5.579817603020113,89.77884188318909,0.0246572451785172,0.0004680058685913102,1864.5,7.0,-1190.5,42.0
006,30.24870492984328,113.1922712137992,0.0589478996236427,-0.073187786845239,30.0,17.0,23.0,30.0,37.0,44.0,10.639185646176085,34.0,14.0,8.44127066382101,5.907927858253756,8.436978970119043,0.3517236744796798,0.2333333333333333,1.6274940972485763,5.406418365913396,71.368038193849,0.0280880787632477,0.0006941194103769786,549.0,26.0,-914.0,35.0
007,22.20517315913356,80.3397186632743,0.3019096277894828,-0.1029135941792649,22.0,10.0,15.0,22.0,28.0,33.0,8.963242642217955,17.0,13.0,7.312955872552884,5.625856572108976,7.303376723185551,0.4036556066454785,0.3023255813953488,1.537647884563902,5.107955707776946,56.55380038966844,0.0335128054051521,0.0006343741302034082,995.0,9.0,-718.0,11.0
008,36.57177177177188,159.02614439407168,-0.4112476671052238,-0.679356147534885,38.0,18.0,27.0,38.0,46.0,51.0,12.610556862964922,46.0,19.0,10.580788665110132,8.07002345414291,10.51943371943372,0.3448166783294444,0.2602739726027397,1.660837071752114,5.517181329683805,117.71539039039104,0.0244418641844639,0.0014481415829058,137.5,45.0,-166.5,47.0
009,36.07540998710182,90.94746424594962,-0.0528443719021152,-0.6323111408087754,36.0,24.0,29.0,36.0,43.0,49.0,9.536637994909402,28.0,14.0,7.930148442162394,6.055526387602326,7.928137092316197,0.2643528652430859,0.1944444444444444,1.5722097672876831,5.222767797009279,120.0634738633214,0.029877037695389,0.00082955247468703,491.0,27.0,-388.5,29.0
010,29.09644343386673,82.92673195592546,0.3396345700612465,0.0999714433165084,29.0,18.0,22.0,29.0,36.0,40.0,9.106411585027631,33.0,14.0,7.427291238453497,5.497829132746524,7.42151100433309,0.312973357232666,0.2413793103448276,1.5549920243847892,5.165571693129604,93.65417730275873,0.0325594851896207,0.0011818896889857,223.0,27.0,-241.5,38.0
011,22.467158438017485,111.07053664912549,0.5094553097727015,-0.4318439019919817,21.0,10.0,14.0,21.0,30.0,37.0,10.539000742438796,12.0,16.0,8.829329190314546,6.721989672001017,8.724307787191222,0.4690847207720481,0.3636363636363636,1.5866184739566025,5.27063248450375,58.27419219860736,0.03031066058561,0.000495955831097162,1808.0,11.0,-2086.0,13.0
012,24.4315213358071,70.7743644758888,0.610548133341634,0.6922142645891793,24.0,15.0,18.0,24.0,30.0,35.0,8.41275011371958,15.0,12.0,6.808596162068781,4.978428808535665,6.775899814471243,0.3443400023309135,0.25,1.511834866896846,5.022206719174931,69.47713879870045,0.0365053700076758,0.0008229699824289728,983.5,14.0,-532.5,32.0
013,29.87615559895848,160.378168423704,0.1719492666893506,-0.9450289647918662,29.0,14.0,19.0,29.0,40.0,47.0,12.664050237728214,18.0,21.0,10.867607097102027,8.558624501611165,10.867236328125,0.4238848668390821,0.3559322033898305,1.6685803955097884,5.542904094422234,67.68816502889003,0.0238172107272677,0.0006226153822230791,870.5,11.0,-686.0,19.0
014,25.895713406466,187.16734015666887,0.6139843486625414,-0.8560204075657243,21.0,11.0,15.0,21.0,37.0,47.0,13.680911525065458,17.0,22.0,11.766125651496116,9.270822076182968,11.257068896853845,0.528307960098501,0.4230769230769231,1.640072537838468,5.448203041098823,58.26535516454885,0.0284297458531415,0.0007173841744980927,1263.0,12.0,-1044.5,18.0
015,33.18078431372544,172.76333010380577,-0.4399928608272878,-0.5907682084703119,36.0,12.0,25.0,36.0,43.0,49.0,13.143946519360377,38.0,18.0,10.782175060873492,8.077486821099612,10.610849673202614,0.396131278726986,0.2647058823529412,1.673354036571966,5.558761786781589,59.10327205882369,0.0245222606689734,0.0008951988983536073,343.5,6.0,-497.0,45.0
016,24.044162555790496,185.31493949718268,0.4545531875848147,-0.611766540800379,21.0,6.0,14.0,21.0,34.0,44.0,13.61304299182158,18.0,20.0,11.374476694109235,8.723215682065376,11.175475687103594,0.5661683146682597,0.4166666666666667,1.65951573614147,5.51279194779603,48.46401515151474,0.0262618757956123,0.0017562892722844,222.0,17.0,-239.5,19.0
017,25.370424836601284,101.43582465611529,0.8659327915483692,1.4853220009500836,24.0,15.0,19.0,24.0,31.0,37.0,10.07153536736655,19.0,12.0,7.639774338929043,5.064902382883252,7.488071895424836,0.3969793739061316,0.24,1.547878230715821,5.141940182079431,64.61530075571967,0.036766254432056,0.0024510320099367,114.5,18.0,-94.5,20.0
018,22.99197627769056,159.71483183477588,0.59396149498176,-0.531542620427834,20.0,8.0,12.0,20.0,33.0,42.0,12.637833352073285,12.0,21.0,10.561656317315384,8.235768455007555,10.370399441828011,0.5496627692825151,0.4666666666666667,1.6445154366020898,5.46296203132444,53.16894514215922,0.0264861858548783,0.0010747037011672,299.5,11.0,-368.5,13.0
019,35.27231968810923,85.22272307908595,-0.4507254431145024,1.148634917754504,36.0,24.0,31.0,36.0,40.0,45.0,9.231615410050722,37.0,9.0,6.878551539123741,4.3712990726350265,6.825925925925926,0.2617240797225713,0.1267605633802817,1.541843374833637,5.121892824775808,131.1689388401561,0.0369559674581732,0.001897879381315,120.5,30.0,-100.0,38.0
020,35.87532216494842,156.16518997352964,-0.3285741529183465,-0.7669344022699067,38.0,19.0,25.0,38.0,46.0,50.0,12.496607138480814,47.0,21.0,10.660308821675002,8.352033128994202,10.510953608247425,0.3483343530971962,0.2957746478873239,1.6534440399533814,5.492622209645201,127.80583521262784,0.025639098868105,0.0020322424763349,61.5,40.0,-61.0,50.0
021,30.890493030996453,98.93404525307184,0.584526844315709,0.541515095635658,30.0,20.0,25.0,30.0,36.0,45.0,9.946559468131271,26.0,11.0,7.558128775951136,4.960058172864373,7.492365300603287,0.3219941960185159,0.180327868852459,1.5730884235146412,5.225686629815356,82.05287211358363,0.034274108527588,0.0011941558775708,501.5,25.0,-439.0,27.0
022,26.005961538461406,151.60400292159878,0.5786081846418718,-0.6128886009478207,23.0,12.0,16.0,23.0,36.0,44.0,12.312757730159348,18.0,20.0,10.456701867602844,8.276089839285367,10.242692307692309,0.4734590456095787,0.3846153846153846,1.642189367673978,5.455234997601503,52.01192307692312,0.0265441151997041,0.0011296722465393,190.5,12.0,-225.0,19.0
023,29.8228987993139,210.0153761595703,0.0694964776926042,-0.9159517154015768,29.0,11.0,18.0,29.0,41.0,50.0,14.491907264386228,18.0,23.0,12.223757057451152,9.426824277361876,12.21140651801029,0.4859322147691299,0.3898305084745763,1.7135339040894433,5.692236417536745,56.84990083619165,0.0211356685564993,0.0021287699157751,62.5,23.0,-65.5,21.0
024,31.738527578101213,100.079862336452,-0.080741721790468,-0.5866602758464672,32.0,18.0,24.0,32.0,39.0,45.0,10.003992319891694,31.0,15.0,8.296373937159176,6.451642971529216,8.294654720130822,0.3152002655219014,0.238095238095238,1.5958383892203012,5.301260380050713,72.89943053095087,0.0289598947112506,0.0009932812604150853,379.5,30.0,-483.5,32.0
025,37.26982758620731,86.64934161483318,-0.2416595408432517,0.2569743100026707,37.0,26.0,32.0,37.0,44.0,49.0,9.30856281145662,37.0,12.0,7.3150685424822735,5.094798482906487,7.3092175066313,0.2497613596393856,0.1578947368421052,1.5739909628796225,5.2286848006886295,138.59717133620728,0.03190024994899,0.001028445718123,237.0,33.0,-245.0,40.0
026,24.879611330698204,107.951415659213,0.7471873387640993,0.5040283666462342,23.0,13.0,17.0,23.0,31.0,40.0,10.389967067282408,17.0,14.0,8.129137059284503,5.787064643297815,8.053030303030303,0.4176097017425083,0.2916666666666667,1.5743510388246855,5.2298809470868255,71.91762650279945,0.0328148705433784,0.0016438207882476,172.0,11.0,-221.5,18.0
027,30.11767452078877,124.8733389542044,-0.2190932013258294,-0.4654747789824549,31.0,14.0,23.0,31.0,38.0,44.0,11.174673997670109,27.0,15.0,9.053339549027358,6.705796839264084,9.012220574504312,0.3710337592617508,0.2459016393442623,1.6310307709592038,5.418166941675175,76.2353636307463,0.0272110804352196,0.0006112567968431795,773.5,26.0,-791.5,34.0
028,20.46796448087432,126.79788082933877,1.0344584744856915,0.6670160769365387,17.0,8.0,12.0,17.0,27.0,37.0,11.26045651069879,13.0,15.0,9.01040210031392,6.526460440199062,8.728346994535519,0.5501502858880172,0.3846153846153846,1.58313959443149,5.259075896870553,42.53498868681697,0.0325990903729583,0.0014922177533086,273.0,7.0,-183.0,14.0
029,27.17554826808776,114.20478436326688,0.2097767227299514,-0.601588613505665,27.0,13.0,19.0,27.0,35.0,42.0,10.686663855631789,20.0,16.0,8.830276688482643,6.848229108235089,8.819122771059643,0.3932455658376223,0.2962962962962963,1.61990064281429,5.381193456290889,80.25279097919818,0.0266317605881979,0.0016520360957782,143.0,10.0,-68.5,12.0
030,23.87437888198757,211.7539398316041,0.2811858745512627,-0.7572095452479077,24.0,4.0,11.0,24.0,34.0,44.0,14.551767584441558,4.0,23.0,12.24834945604062,9.912313012999798,12.244565217391305,0.6095139754785572,0.5111111111111111,1.7101720404916656,5.681068548400108,60.80505871506189,0.0218242930442498,0.0018408871175446,84.0,3.0,-92.5,5.0
031,24.227581941867637,150.50015451168431,0.1850885453501679,-0.8054978539150537,24.0,9.0,13.0,24.0,34.0,41.0,12.2678504438098,11.0,21.0,10.380348867495783,8.124444676618952,10.379715522572663,0.5063588464274165,0.4468085106382978,1.6447871786429356,5.463864738844485,52.99783549783665,0.0259575804235226,0.0020033051085635,144.0,10.0,-88.0,12.0
032,28.06436420722141,226.9799624293624,0.2126612830624833,-1.0520736718777617,28.0,9.0,13.0,28.0,40.0,49.0,15.06585418850728,9.0,27.0,12.94650650986109,10.645122874958211,12.944662480376769,0.5368321932135771,0.5094339622641509,1.7181514812236087,5.707575676749043,57.44424548665608,0.0216027314802264,0.0014558768026668,162.5,8.0,-141.0,13.0
033,34.6086956521739,132.65916524139573,0.2612698772944647,-0.2985551395734034,34.0,23.0,25.0,34.0,43.0,51.0,11.517776054490543,25.0,18.0,9.525849911483627,7.254274641289452,9.489302967563836,0.3328000618759831,0.2647058823529412,1.6122808677178049,5.355881111321151,113.01902173913136,0.0308541956305031,0.003262931254163,64.0,23.0,-58.5,39.0
034,22.60857352222759,102.59605253282167,0.4910257888433963,0.0958280505003754,22.0,11.0,15.0,22.0,29.0,36.0,10.128970951326776,23.0,14.0,8.17026176379136,5.876060130983781,8.153761602344895,0.4480145968240097,0.3181818181818182,1.586973339975582,5.271811323902117,53.34210315400538,0.0305085915762196,0.0019302882297103,130.0,11.0,-104.5,21.0
035,30.59922737306829,115.0625601094508,0.0619429538043021,-0.40894680744882,31.0,16.0,23.0,31.0,38.0,44.0,10.726721778318424,36.0,15.0,8.703859991520131,6.466779317667156,8.694039735099338,0.3505553146011613,0.2459016393442623,1.6208156853043787,5.3842331616467325,58.80789010761632,0.0273983719037664,0.0012296550042868,194.5,27.0,-185.0,25.0
036,29.809888706440347,153.7666309126273,-0.0534108358948636,-0.3403939329805387,30.0,13.0,22.0,30.0,38.0,46.0,12.400267372626582,34.0,16.0,9.896721523372715,6.9663033368124,9.8856048166393,0.415978318293672,0.2666666666666666,1.6626611642516085,5.5232408338055485,81.0456349206351,0.0247986392826876,0.0010635404911573,209.0,3.0,-261.0,35.0
037,30.47578442229602,257.97632390480004,-0.5007846325536521,-0.8724765195605544,34.0,4.0,19.0,34.0,43.0,49.0,16.06164138264829,1.0,24.0,13.484437484061724,10.80998643203486,13.120228866740495,0.5270296298230023,0.3870967741935484,1.6469369598610404,5.471006157470771,121.42695355758649,0.027797398469834,0.0010129723097528,574.5,3.0,-2273.0,1.0
038,31.64747725392882,179.018986605149,-0.0446776913680604,-0.7746743831969396,32.0,13.0,21.0,32.0,42.0,50.0,13.379797704193775,32.0,21.0,10.960106343312892,8.223728239727631,10.946401985111663,0.422776121990348,0.3333333333333333,1.70009354075113,5.64758849695771,89.50302160876733,0.022177397120165,0.001915389639817,48.0,7.0,-48.5,34.0
039,26.009540455902748,131.60175880855513,0.5546651781748106,-0.1100481550689012,23.0,13.0,18.0,23.0,34.0,42.0,11.471780978058948,19.0,16.0,9.379972270237246,6.89765178077464,9.19292112737601,0.4410605022994737,0.3076923076923077,1.631976847216123,5.42130973897294,54.45747532954617,0.0286276793540243,0.0014439161985202,262.5,18.0,-157.0,23.0
040,32.62054298642536,138.01501689973668,0.2519898417103908,-0.6668003076999272,31.0,19.0,23.0,31.0,41.0,50.0,11.747979268782212,23.0,18.0,9.75212237259803,7.438951872773567,9.700904977375563,0.3601405186195396,0.28125,1.6533497794478993,5.492309083023797,97.35193297511276,0.0251932270019041,0.0015099437226006,131.0,22.0,-122.5,24.0
041,27.84408413672221,150.9081179385826,0.646529544076126,-0.1314924375683457,26.0,14.0,18.0,26.0,35.0,45.0,12.28446653048404,22.0,17.0,9.999562571385727,7.193279764335213,9.89070990359334,0.441187667375371,0.320754716981132,1.6555932912402904,5.499761867878155,70.91540178571364,0.0259571343310179,0.0015082924256526,124.0,21.0,-124.0,23.0
042,39.9408669159396,90.77160367997575,-0.0622632685482702,-0.2138988189220017,39.0,28.0,33.0,39.0,48.0,53.0,9.52741327328545,34.0,15.0,7.932789469603554,6.123709153840999,7.918847805013156,0.2385379689764132,0.1851851851851851,1.5596647886726127,5.1810942800981135,135.4245018868583,0.0305553546650824,0.0020570506819167,81.0,47.0,-68.5,49.0
043,24.82142371035796,128.01758648536577,0.5243652172217805,-0.1765644141953273,23.0,11.0,17.0,23.0,32.0,42.0,11.314485692481377,18.0,15.0,9.160981022986444,6.674615177206834,9.012113787940656,0.4558354840765983,0.3061224489795918,1.6211818498746218,5.385449534019972,55.4603686028309,0.0291122071604592,0.00099529666971607,467.0,17.0,-489.5,22.0
044,35.67992424242423,296.9496348427442,-0.7384072199393306,-0.6195060707084763,42.0,5.0,25.0,42.0,49.0,54.0,17.232226636240142,1.0,24.0,14.39533175026627,11.425829254540062,13.793876262626265,0.4829670186281012,0.3243243243243243,1.6349862564648432,5.431306780105278,110.384765625,0.0289235274142944,0.0021365745166351,107.0,4.0,-519.0,1.0
046,28.37484487038047,202.7809095526053,0.1151993609837037,-1.0081415312565774,28.0,8.0,17.0,28.0,40.0,49.0,14.24011620572688,8.0,23.0,12.116991346047984,9.963665239361728,12.101161748483175,0.5018570593346803,0.4035087719298245,1.7171316459403103,5.7041878572692974,83.35110680674327,0.0204160221867775,0.000593214384313669,532.0,16.0,-600.0,9.0
047,34.26729344729341,203.06365392813453,-0.4015735446284064,-0.5788640027484404,36.0,11.0,25.0,36.0,45.0,52.0,14.250040488648954,41.0,20.0,11.692039019167382,8.687004458093755,11.636410256410256,0.4158496062890688,0.2857142857142857,1.7085156734993574,5.67556621635292,72.8179985754997,0.0220667364712948,0.0011213223896356,174.5,24.0,-253.5,34.0
048,17.03294262217599,317.28537853258183,0.5864550026801619,-1.1616461340836572,9.0,1.0,1.0,9.0,34.0,43.0,17.812506239509975,1.0,33.0,16.1068172832651,13.80352702716019,15.53951224123263,1.045767994093929,0.9428571428571428,1.2267896810897598,4.07530710812998,66.80107184634716,0.2074988919516333,0.0031316310076854,258.0,3.0,-9471.0,1.0
049,33.775000000000006,192.88619670542627,-0.4739839327118905,-0.5465267958779805,35.0,12.0,25.0,35.0,45.0,50.0,13.888347515288716,47.0,20.0,11.423929263568292,8.45372049279035,11.375581395348837,0.4112019989722787,0.2857142857142857,1.698125297784659,5.641050135349824,92.88125000000036,0.0227871672375458,0.0014859538488282,140.0,21.0,-128.5,23.0
050,27.096885813148937,146.4671331589829,0.0785641844898488,-0.561485998353632,27.0,10.0,18.0,27.0,36.0,43.0,12.10236064406374,32.0,18.0,9.98536324767844,7.668957377798934,9.98418190805734,0.4466328982421659,0.3333333333333333,1.6767531893839671,5.570053528006588,75.78660250865103,0.0234951162091812,0.0013912822106189,143.5,16.0,-65.0,44.0
051,34.18179448288922,120.90256077641968,-0.3915005955252815,0.296944778432366,35.0,20.0,28.0,35.0,41.0,47.0,10.995570052362892,35.0,13.0,8.534457388799291,5.7495291365110965,8.489548772395487,0.3216791341328517,0.1884057971014492,1.6271370009208963,5.405232117589888,91.32948213397044,0.0293974799077161,0.0008346788505047067,604.0,38.0,-637.5,36.0
052,40.212090971164685,78.7747033278199,-0.3422380422914134,0.1297750490539653,40.0,28.0,35.0,40.0,47.0,52.0,8.875511440352039,39.0,12.0,7.014060178481997,5.1734988311934575,7.012132990178055,0.2207174813843054,0.1463414634146341,1.5488229604655088,5.145078506376992,139.4856905562264,0.0336954407370149,0.000940694285723915,450.0,37.0,-210.0,48.0
053,29.97889255778495,147.3960746689253,-0.1041660407838381,-0.5231505530075742,30.0,13.0,21.0,30.0,39.0,46.0,12.140678509413108,37.0,18.0,9.946427922532768,7.454419936504426,9.945872491744984,0.4049742159758468,0.3,1.6743126328618778,5.561946174728701,67.45250825501675,0.0242459697822621,0.0007847603864665869,511.0,24.0,-415.5,22.0
054,31.842906178489677,138.45026432300568,-0.1931878541444797,-0.6364837990748535,33.0,15.0,24.0,33.0,41.0,47.0,11.766489039769072,36.0,17.0,9.745881347234466,7.411591687509362,9.723455377574371,0.3695168077252163,0.2615384615384615,1.655126369223233,5.498210786511574,76.1244475829524,0.025012043839576,0.0016916825686265,131.0,23.0,-98.0,37.0
055,29.551783330154446,151.79147259696165,-0.2156467963402215,-0.5433433832122914,30.0,11.0,21.0,30.0,38.0,45.0,12.320368200543426,32.0,17.0,9.892910118497872,7.114685475997264,9.858287240129696,0.4169077738185703,0.288135593220339,1.6649631682518062,5.530887925568348,57.71832681670784,0.0247411614712462,0.0015360491599757,70.5,3.0,-131.5,33.0
056,24.14421252371926,108.33548217733606,0.4022404002407391,0.0122826031623408,24.0,11.0,16.0,24.0,31.0,37.0,10.40843322394567,18.0,15.0,8.38672484221721,6.017973730545407,8.379295804343244,0.4310943342517562,0.3191489361702128,1.6123930364267507,5.356253727706766,81.86397058823579,0.0280772988922039,0.0007023611435595076,504.5,13.0,-498.0,19.0
057,30.565426421404737,379.5697160389001,-0.2793299419509882,-1.4198511362266004,36.0,4.0,8.0,36.0,47.0,54.0,19.482549012870468,4.0,39.0,17.459156287401584,15.367950321148866,17.069188963210703,0.6374047835703344,0.7090909090909091,1.6001549337374386,5.31559963055502,114.1427642924341,0.0386347398239393,0.0028417993493196,306.0,3.0,-384.0,1.0
058,29.22822776214985,130.8816981008036,0.2211569370640867,-0.5644961662887678,29.0,14.0,20.0,29.0,38.0,44.0,11.440353932497176,33.0,18.0,9.486639067763436,7.349300506402522,9.486041323115725,0.3914145608004422,0.3103448275862069,1.6452272290476593,5.465326554647106,84.48784587496391,0.0254692903248304,0.0007029349710152385,457.0,13.0,-429.0,15.0
059,24.95109321058688,110.469798382949,0.396357849371018,0.2196388902921167,25.0,13.0,17.0,25.0,32.0,38.0,10.510461378214991,31.0,15.0,8.482566741838282,6.138178892016583,8.482163406214038,0.4212425198970981,0.3061224489795918,1.604128548366949,5.328799692631048,58.86898554372876,0.0296780532010171,0.0016870081988325,145.5,30.0,-129.0,29.0
060,30.176088369070868,165.95686379812545,-0.2486259490216407,-0.8771417338092959,32.0,12.0,19.0,32.0,40.0,46.0,12.882424608672292,35.0,21.0,10.919985087739676,8.527769135976323,10.80441845354126,0.4269083670193714,0.3559322033898305,1.6731266763488029,5.558006512468608,70.72520711500997,0.0238382940239921,0.0016067290686964,86.0,43.0,-109.0,16.0
062,23.97708122682853,175.0443011538327,0.5785090998329563,-0.3473716200585239,21.0,10.0,14.0,21.0,33.0,43.0,13.230430875592551,14.0,19.0,10.866141192030662,7.920414312604264,10.67340748230536,0.5517948890621726,0.4042553191489361,1.6344282714019718,5.4294531938484,34.46705426356515,0.0273638037738798,0.0021474074858598,140.5,14.0,-123.0,12.0
063,29.231145336755908,187.5051832499937,0.1185876830338849,-0.943647405945979,29.0,11.0,17.0,29.0,40.0,48.0,13.693253201850672,27.0,23.0,11.557436958977268,9.247356393870868,11.55690013445789,0.46844737159965,0.4035087719298245,1.6968881514858438,5.636940424302306,66.22681365358768,0.0224500047147145,0.0016565518046592,88.5,26.0,-87.5,28.0
064,32.332877932878105,196.41488280749255,0.054979595150962,-0.8808864010136865,33.0,13.0,21.0,33.0,43.0,51.0,14.01480941031638,14.0,22.0,11.838066214925265,9.450950971696354,11.822572022572023,0.4334538187231778,0.34375,1.7109040768269062,5.683500320468629,92.45182283932256,0.0213679214451415,0.0011266125345908,184.0,10.0,-111.5,14.0
065,26.09192251461986,168.40876516358713,0.1993214711339422,-0.7837487473124298,26.0,9.0,15.0,26.0,35.0,44.0,12.977240275327691,33.0,20.0,11.07390321487787,8.953232430180716,11.071820175438596,0.4973661970694673,0.4,1.6731763970986815,5.558171681224526,52.99921760782214,0.024059686634349,0.0020968720889569,72.0,9.0,-71.0,35.0
066,32.45090784728273,90.8561585465375,-0.0065180029051639,0.796945706265487,32.0,21.0,27.0,32.0,38.0,45.0,9.531849691772186,30.0,11.0,7.207919030915882,4.823746661789681,7.192357915682129,0.293731372220156,0.1692307692307692,1.5738606017378145,5.228251750349178,102.93022332809988,0.0339597143145297,0.0010275358601366,308.0,26.0,-392.5,36.0
067,23.795195243451683,87.99589849554565,0.8244604775011642,0.7389344581480524,22.0,14.0,17.0,22.0,30.0,36.0,9.380612906177594,17.0,13.0,7.476127169873878,5.200302168898079,7.305399325084364,0.394222985363362,0.2765957446808511,1.5399642593162448,5.115650538145043,52.05198959505217,0.0361529249714059,0.001205151994314,501.5,16.0,-247.5,34.0
068,27.90461902164027,167.96826198888044,0.4262288261099624,-0.7611000130490968,25.0,13.0,18.0,25.0,39.0,46.0,12.960257018627386,21.0,21.0,11.113376827492656,8.693414652982646,10.920621931260229,0.464448448788231,0.3684210526315789,1.6605376142239356,5.516186553307728,57.98928640434542,0.0258794429088447,0.0015339832024022,148.0,20.0,-218.5,22.0
069,27.854040404040425,227.6137126313637,0.3219311102515404,-1.1145119542876225,25.0,10.0,14.0,25.0,41.0,49.0,15.086872195102726,14.0,27.0,13.27669838111632,10.827892412806404,13.12845117845118,0.5416403500626168,0.4909090909090909,1.7099867398734447,5.680452993070449,56.5785195707065,0.0223183575372127,0.0013706384002881,90.0,5.0,-147.5,15.0
070,29.89873558118904,152.45148021135935,-0.1854398973748634,-0.8261725631536203,31.0,13.0,19.0,31.0,39.0,46.0,12.347124370126,34.0,20.0,10.31952881360908,8.075006514073213,10.221051464063889,0.4129647669078777,0.3448275862068966,1.6553683508342751,5.499014632023742,68.67365828804357,0.0253070751081189,0.0016753826956942,114.5,30.0,-91.0,35.0
071,28.59590220385682,110.2941774229414,0.0024049781258076,0.1240716325481918,29.0,15.0,21.0,29.0,35.0,41.0,10.502103476110936,34.0,14.0,8.301542317901115,5.782383099696178,8.284148301193756,0.367259035971052,0.25,1.6068444255442642,5.337821641328636,77.74510911673448,0.0293753362365621,0.0012984268629551,151.0,19.0,-243.0,35.0
072,25.6209677419356,108.16315272916412,0.4635514617018852,-0.0939988840509098,24.0,13.0,18.0,24.0,33.0,40.0,10.400151572412977,22.0,15.0,8.40253898243636,6.136365004676452,8.339239165852069,0.4059234482150466,0.2941176470588235,1.608011665423863,5.3416991282781465,80.46585181451672,0.0290527497459591,0.0007691927569018486,688.0,21.0,-558.5,23.0
073,28.107776162790696,110.2521197638513,0.1263786895176621,0.0044144777582109,28.0,15.0,21.0,28.0,35.0,41.0,10.500100940650585,27.0,14.0,8.36620638830659,5.884908602299518,8.358551356589148,0.3735656951242804,0.25,1.6196455302711013,5.380345990766308,59.28984034338679,0.0285765825464966,0.0008320229408444742,487.5,18.0,-461.5,28.0
074,34.029377203290274,166.17716283186564,-0.1469421939992729,-0.7826090973882112,34.0,17.0,25.0,34.0,45.0,50.0,12.8909721445617,26.0,20.0,10.843228951630977,8.236915122846025,10.84283196239718,0.3788189265866223,0.2857142857142857,1.686430181874317,5.602199801234296,81.35147987661527,0.0234045865719599,0.0018541322736642,67.5,25.0,-95.5,27.0
075,34.00654044750418,144.94040472685091,-0.139274909784004,-0.6993113137898619,35.0,17.0,25.0,35.0,43.0,49.0,12.039119765450083,39.0,18.0,10.066954535624973,7.709148890574259,10.040963855421689,0.3540236556563243,0.2647058823529412,1.6678826373022826,5.540586191829282,66.95037650602345,0.0242593190564075,0.0020433898742979,80.0,33.0,-53.0,47.0
076,25.067844775670096,117.57295279252574,0.4055467822707171,-0.2670016679901645,23.0,12.0,17.0,23.0,33.0,40.0,10.843106233571897,17.0,16.0,8.912862271693935,6.714055319552736,8.836626769045468,0.4325503979542671,0.32,1.6152576972981882,5.365769925137917,59.536131342216,0.0287544804439479,0.0007356281388931026,1034.5,16.0,-533.0,15.0
077,29.433296170187468,99.82877294518715,0.0568824521961058,-0.2716521510074354,29.0,17.0,22.0,29.0,36.0,42.0,9.991434979280362,29.0,14.0,8.121946710519799,5.88295191270707,8.102793262422033,0.3394602806803722,0.2413793103448276,1.5893966159968718,5.27986127259891,73.1233451728083,0.0309050653845658,0.0004315646198660318,1978.5,25.0,-3012.0,32.0
078,25.00096566855139,121.25390809378328,1.462325482099983,1.884772884319844,22.0,15.0,18.0,22.0,28.0,42.0,11.011535228740057,19.0,10.0,8.08438302365165,4.888889264786958,7.58330243193968,0.4404443962175196,0.217391304347826,1.5377626329311196,5.108336893601848,67.9713754113746,0.0401205440916789,0.0005567272057623123,2457.5,16.0,-2126.5,21.0
079,30.172182486766054,149.2613783660198,-0.1503130281319851,-0.6188241495320774,31.0,13.0,21.0,31.0,39.0,46.0,12.217257399515644,35.0,18.0,10.091325899122213,7.591290169516816,10.065300844546814,0.4049179208323529,0.3,1.6784936848546923,5.575835328809819,62.701566730310525,0.023642023675523,0.000691140029121293,373.5,25.0,-345.0,40.0
080,26.528401663695693,206.76612739184603,-0.0206628111049236,-0.6789909280928526,26.0,4.0,17.0,26.0,37.0,46.0,14.379364637975003,1.0,20.0,11.693744109861289,9.20286519927161,11.683006535947712,0.5420365998775293,0.3703703703703703,1.6526652668277435,5.490035181319599,99.06699996286338,0.026081216908521,0.0012448638844553,350.0,3.0,-1061.0,1.0
081,27.84083720930237,133.65457418280087,0.5159666295137589,-0.5501358829176759,25.0,14.0,19.0,25.0,36.0,45.0,11.560907152243756,23.0,17.0,9.594509412653428,7.344572063478616,9.346046511627907,0.4152499820795959,0.3090909090909091,1.6232812269039374,5.392423513555418,61.77185755813921,0.0283026414277988,0.001147345600451,309.5,22.0,-354.5,24.0
082,25.576019633048844,113.35716947863877,0.4860239848624301,-0.056189345969817,24.0,13.0,18.0,24.0,33.0,40.0,10.646932397580008,19.0,15.0,8.61215265322301,6.267554116266016,8.558314829963772,0.416285745410605,0.2941176470588235,1.6037627674431922,5.327584594703846,55.14829233376146,0.0305360447887909,0.0009445297256399472,651.5,18.0,-700.5,20.0
083,36.78117603550278,104.48510423824376,-0.254974758165371,-0.1243762229041944,37.0,24.0,30.0,37.0,44.0,50.0,10.22179554864231,37.0,14.0,8.226714184654508,5.891184227961588,8.208764792899409,0.2779083392759326,0.1891891891891892,1.603987619818361,5.328331538126122,128.73411612425932,0.0288960559471394,0.0007309723395264191,310.0,36.0,-306.5,44.0
084,32.2098334833483,169.71238305058074,0.0740979428355372,-0.3195153147144016,34.0,15.0,22.0,34.0,41.0,47.0,13.02737053478486,41.0,19.0,10.602925059608673,7.688193446936525,10.552092709270926,0.4044532096547377,0.3015873015873015,1.6901190116446416,5.614453828485599,77.00163317113008,0.0236864032937947,0.0016324787500114,76.0,28.0,-106.5,42.0
085,28.399410774410736,218.8000669928812,0.1240010375681461,-0.9675609560552036,28.0,9.0,16.0,28.0,40.0,49.0,14.79189193419426,7.0,24.0,12.650075743406113,10.035237227217754,12.64436026936027,0.5208520716043334,0.4285714285714285,1.6896140399890327,5.61277634895571,98.51045612373846,0.0222786755036334,0.0021652421260841,109.5,6.0,-92.0,1.0
086,29.158462172748056,124.695215445848,-0.2442927650844987,-0.6122085959633266,30.0,14.0,21.0,30.0,38.0,43.0,11.166701189064208,34.0,17.0,9.2567817460045,6.954191920983237,9.240960626674912,0.3829660536590567,0.288135593220339,1.6369885416578684,5.4379582275419605,82.00817486085373,0.0256415349758401,0.0005140926262490423,1011.5,33.0,-628.5,31.0
087,26.63380281690143,100.11051437039816,0.1010111012837969,-0.2222331979733809,27.0,13.0,20.0,27.0,33.0,39.0,10.005524192684668,31.0,13.0,8.06527649742633,5.770488691291429,8.052609776304887,0.3756701309786414,0.2452830188679245,1.5801198248999833,5.249044439623752,69.91373239436712,0.0310400863438832,0.0017929279264052,170.5,20.0,-142.0,21.0
088,28.084409461731,125.48555736966624,0.3519997057533797,-0.8852113979194955,27.0,14.0,19.0,27.0,38.0,44.0,11.202033626519173,19.0,19.0,9.53612429923096,7.7058578763932015,9.489443692862707,0.3988701860291395,0.3333333333333333,1.601481507781386,5.320006414141558,94.7848819333407,0.0273784199924866,0.0010594283316033,369.5,11.0,-292.5,20.0
089,23.662066206620715,106.66197836905371,0.5960549390058179,0.2072797925566889,23.0,11.0,16.0,23.0,30.0,38.0,10.327728616160174,23.0,14.0,8.14268299517178,5.715078004072469,8.085408540854086,0.4364677423339491,0.3043478260869565,1.5918095854156709,5.287876983503321,57.67628637863824,0.0307725642051153,0.0017542987707141,165.0,25.0,-100.0,27.0
090,30.777319398606497,196.00954426285512,0.058200314871094,-0.9065897743828172,30.0,13.0,19.0,30.0,42.0,49.0,14.000340862380998,18.0,23.0,11.987621493172416,9.320475318394186,11.983773377337734,0.4548914959440844,0.3770491803278688,1.71361503220771,5.692505919312103,65.40180372203879,0.022037515754998,0.0014213752641857,198.0,17.0,-113.5,27.0
091,26.704324538781748,117.87359566059644,0.4739071223753774,0.4312667937439634,26.0,15.0,19.0,26.0,33.0,41.0,10.85696070088662,18.0,14.0,8.512352882125931,5.909699395444237,8.46806189248165,0.4065618916935883,0.2692307692307692,1.609618236932482,5.347036043309077,63.84002585052586,0.030699956449162,0.0017450004092277,194.0,17.0,-126.0,19.0
092,40.07944139194136,127.17889968795824,-0.1837245704231471,0.1667291662873533,39.0,27.0,34.0,39.0,47.0,56.0,11.277362266414883,37.0,13.0,8.707117206473765,6.033991334143591,8.677197802197803,0.2813752356509236,0.1604938271604938,1.6269106561677071,5.404480216595138,159.06528302426912,0.0291161043436112,0.0018256197309325,80.0,34.0,-131.5,38.0
093,30.541163114333884,109.00140015599035,0.085895630379906,-0.2920728123751366,30.0,17.0,24.0,30.0,38.0,44.0,10.440373564005762,26.0,14.0,8.558001981058176,6.361235687786897,8.543653409507067,0.3418459711217017,0.2258064516129032,1.616381300421045,5.369502453919237,63.46835459697445,0.0288119955360068,0.0010272061868042,301.0,23.0,-396.0,40.0
094,28.94545057141088,150.57964473078684,0.0678584232430285,-0.7211194055388348,30.0,12.0,19.0,30.0,38.0,45.0,12.271089793933823,33.0,19.0,10.276790620403045,7.954456629838781,10.27437082370574,0.423938461889201,0.3333333333333333,1.6722096579117602,5.554960243159062,66.93635444638765,0.0237594786778052,0.0008613251014718209,384.0,9.0,-296.0,23.0
095,25.7588996763754,157.3631219823845,0.3526477287929787,-0.4728829684735318,25.0,11.0,16.0,25.0,34.0,44.0,12.544445861909743,26.0,18.0,10.357921994952362,7.862214959371641,10.330906148867314,0.486994631739445,0.36,1.6824912174905151,5.589114844782987,53.530213389968026,0.0235139131810982,0.0017806460252218,69.5,11.0,-56.0,27.0
096,25.60052910052918,169.7375790851311,0.4185949095333801,-0.1576705944507881,25.0,9.0,16.0,25.0,34.0,42.0,13.02833754111134,17.0,18.0,10.758670494947188,8.048182844811247,10.751322751322752,0.5089089170755473,0.36,1.649556708101937,5.479708772753739,66.80138062169289,0.0272346689447383,0.0021220477837264,117.0,1.0,-100.0,36.0
097,36.14948051948063,188.53207115871,-0.1554154462334747,-0.6129324300005461,36.0,18.0,27.0,36.0,47.0,55.0,13.730698130783807,28.0,20.0,11.311695479846762,8.392269198288842,11.304415584415583,0.3798311326599689,0.2702702702702703,1.708376458160645,5.675103753008012,130.47703124999975,0.0215583572271884,0.001183170877955,171.0,27.0,-134.0,43.0
098,26.555826152116964,147.13822851380078,0.0660277645489958,-0.7036727059590739,27.0,10.0,17.0,27.0,36.0,42.0,12.130054761368587,35.0,19.0,10.259184451426648,8.13390421308811,10.250281004121394,0.4567756503557925,0.3584905660377358,1.6638983411700827,5.527350646569375,53.1116523042342,0.0243628678128817,0.0015106363189499,109.0,9.0,-92.5,15.0
099,26.163742690058584,163.14353354933542,0.0064683796836491,-0.7685411765983008,27.0,8.0,17.0,27.0,35.0,43.0,12.772765305498078,33.0,18.0,10.57577793442979,7.975046601291645,10.547066591209203,0.4881857101564959,0.3461538461538461,1.679912381339533,5.580548136520926,57.23318713450363,0.0230865702836747,0.0014756583164345,102.5,10.0,-96.5,12.0
100,24.58675655241942,84.66800253448307,-0.0358802888134154,-0.0108642508602097,25.0,12.0,19.0,25.0,31.0,36.0,9.201521751019396,25.0,12.0,7.26279363192513,5.107146837308699,7.241704469086022,0.3742470761200885,0.24,1.5568666450767994,5.171799048273655,57.24104259860124,0.0332257176757699,0.0008353351000729301,584.5,22.0,-673.0,20.0
101,31.35481599999976,98.07630293947744,-0.1402783148916514,0.5532963526829322,32.0,19.0,26.0,32.0,37.0,44.0,9.903348067167864,32.0,11.0,7.40078768401309,4.7906555795771855,7.388992,0.3158477494228618,0.1746031746031746,1.5742496407140454,5.229544109854321,79.85679699999939,0.0350949444266666,0.0008652699854778789,556.0,27.0,-1143.5,33.0
102,25.4011712271973,93.02837549389864,0.1281253782438871,-0.2468229326690023,26.0,12.0,18.0,26.0,32.0,38.0,9.645121849613858,28.0,14.0,7.866588013969252,5.990822349972905,7.852871061359867,0.3797116976750554,0.28,1.5823164843814514,5.256341584470143,69.05943427394284,0.0296413008203867,0.0012394099667717,158.5,13.0,-166.5,35.0
103,22.88753132832086,199.93079112949,0.2317856245101371,-1.030428376099158,22.0,4.0,11.0,22.0,35.0,43.0,14.139688508927271,6.0,24.0,12.207253557195925,10.081391648717029,12.194548872180452,0.6177900231394081,0.5217391304347826,1.6611182525417014,5.518115392048477,49.708857103695934,0.0247494605457452,0.0007722888258306127,562.0,2.0,-857.0,4.0
104,29.66441075030924,199.69573542261523,-0.1167064082766234,-0.9294282805173552,31.0,10.0,18.0,31.0,41.0,48.0,14.131374151957594,34.0,23.0,11.990349213398588,9.265295632987518,11.923992971952886,0.4763746791029813,0.3898305084745763,1.7089675524457322,5.67706732572037,71.84349478590484,0.0217844535135829,0.0011906353954344,154.0,33.0,-160.0,39.0
105,31.28677330215776,83.92042696043936,-0.0560612132733152,-0.1600449669250716,31.0,19.0,24.0,31.0,38.0,43.0,9.160809296150603,30.0,14.0,7.581439090482122,5.9576122338967314,7.574972544018139,0.2928013447624786,0.2258064516129032,1.5425664159783825,5.124294715468295,105.59285989478148,0.0317425758060143,0.0003749244193860277,2505.0,21.0,-2555.0,23.0
106,21.42613393239214,182.9452070475305,0.6925355796965986,-0.3331110729408801,19.0,6.0,11.0,19.0,31.0,41.0,13.52572390105352,11.0,20.0,11.177439735015966,8.311808131009784,10.904803166452718,0.631272255822375,0.4761904761904761,1.6067876527439773,5.337633046168339,54.90446820175498,0.0319782044317301,0.0005848812316278462,3351.0,8.0,-1572.5,14.0
107,29.73628415300548,212.72182007226297,0.1622817332486299,-0.9764728989277444,30.0,11.0,17.0,30.0,41.0,50.0,14.58498611834317,14.0,24.0,12.44789610916806,9.8863112780136,12.443169398907104,0.4904777625643267,0.4137931034482758,1.727786831247393,5.739583616697125,75.26996926229467,0.0203705574964913,0.0014920758817081,72.0,24.0,-70.0,17.0
108,24.747775080906127,154.62792789763188,0.7364720172729222,0.2004360750882061,22.0,11.0,15.0,22.0,32.0,42.0,12.434947844588327,13.0,17.0,10.075772765000565,7.314458870835331,9.9209142394822,0.5024673047955076,0.3617021276595745,1.6451123312956353,5.464944872576618,63.02948965918272,0.0275606206994061,0.0023610504448135,77.5,12.0,-54.5,17.0
109,29.216448542534057,142.33223985592005,0.0484832397777964,-0.310209273775671,30.0,13.0,21.0,30.0,37.0,45.0,11.930307617824448,31.0,16.0,9.508711470994736,6.817388778861485,9.496638905413445,0.4083421570029636,0.2758620689655172,1.664340998945799,5.528821123870951,71.67160033090417,0.0257502686886824,0.0008751692058489168,311.5,30.0,-261.5,40.0
110,22.260504688042666,131.38826648912607,0.950108240717756,0.165528283091465,19.0,11.0,13.0,19.0,29.0,40.0,11.462472093275782,13.0,16.0,9.380928016431188,6.854156205623597,8.954334992475982,0.5149241786702573,0.3809523809523809,1.5662569146457153,5.202992848573201,46.26011130483875,0.0357785988593333,0.0010175363479182,843.5,12.0,-694.5,14.0
111,27.26142759094028,164.75162816102392,0.2550703979260136,-0.5924491835567238,25.0,11.0,18.0,25.0,38.0,45.0,12.835561076985451,17.0,20.0,10.61377964235806,8.0016751664846,10.493548387096777,0.4708323155186143,0.3571428571428571,1.6775224256212908,5.5726088754749625,59.6343728551817,0.0250228160363737,0.0013105038937302,360.0,16.0,-212.5,18.0
112,40.82059172228211,53.1453959599271,-0.7324925853597911,4.9271324108632655,40.0,33.0,37.0,40.0,45.0,50.0,7.290088885598522,37.0,8.0,5.366054964505801,3.6682176892792207,5.345362266714623,0.1785885156980513,0.0975609756097561,1.416316639935571,4.704902037458444,141.5964275366657,0.0479307345243459,0.0007990550984745959,1471.5,34.0,-713.0,46.0
113,27.106362694680577,177.42445960319685,0.1263780916226034,-0.935387861413612,26.0,9.0,17.0,26.0,38.0,45.0,13.320077312207946,6.0,21.0,11.38844611369265,9.120994427818696,11.378654126447213,0.4914003941525475,0.3818181818181818,1.677997701070275,5.574187706341753,108.00191386161832,0.0227229654100248,0.0004563962037507036,1530.0,8.0,-905.0,25.0
114,25.10798408057181,167.97481604652958,0.5996059132709538,-0.6310569639626706,21.0,11.0,15.0,21.0,35.0,45.0,12.960509868308792,15.0,20.0,11.02865475240575,8.616641339076635,10.693104288499026,0.5161907792644111,0.4,1.6483997160078887,5.475865328210952,69.83158072409039,0.0272394176840737,0.0010517671645647,363.5,14.0,-274.5,16.0
115,31.2398873527906,165.7322646058448,-0.2501537663068221,-0.4878153684574067,31.0,12.0,24.0,31.0,40.0,49.0,12.873704385523414,28.0,16.0,10.316770572000214,7.611545126911156,10.31390453433464,0.4120918952152826,0.25,1.6792676718347692,5.578406457904012,87.86218317972305,0.0238850519850678,0.0008242818197892691,397.5,25.0,-342.5,31.0
116,25.102225647942905,125.48497336810269,0.5836285371967301,0.0277714720276911,23.0,11.0,18.0,23.0,31.0,42.0,11.20200755972351,27.0,13.0,8.852460306275297,6.325529876248245,8.738317757009346,0.4462555518714135,0.2653061224489796,1.6204782533916493,5.383112237095728,48.2433399171399,0.0287175124353622,0.0016633960005034,103.5,27.0,-119.0,28.0
117,31.31349247003376,113.31571693901326,0.019643626309188,-0.6584944412502156,32.0,17.0,23.0,32.0,40.0,44.0,10.644985530239731,35.0,17.0,8.980303452558257,6.873913760242395,8.96940204214049,0.3399488428327412,0.2698412698412698,1.6119404700347355,5.354750334694328,88.06919757196968,0.0274237797107427,0.0009677337157366144,316.5,33.0,-241.0,22.0
118,26.849348116209807,203.25402097942103,0.4764914034904971,-0.8007606368357085,24.0,11.0,15.0,24.0,39.0,47.0,14.256718450590972,15.0,24.0,12.20378941786971,9.673094883838871,11.9752078842008,0.5309893703521144,0.4444444444444444,1.694808271806786,5.630031213562461,58.313427939892975,0.0242382258550033,0.0011154077160442,412.5,14.0,-454.0,16.0
119,24.692142857142706,112.0231143450424,0.1894056218492066,-0.2810442188770419,25.0,10.0,17.0,25.0,32.0,39.0,10.584097238075737,29.0,15.0,8.619862149987494,6.599621869855609,8.617192691029901,0.4286423134399641,0.3061224489795918,1.6148719996575187,5.364488665309246,66.74594866071384,0.0279678590744031,0.0006816027997677351,879.5,18.0,-789.0,30.0
120,24.799588646647543,120.81545026270932,0.6778817624873213,0.1494422048087398,23.0,13.0,16.0,23.0,32.0,40.0,10.99160817454431,15.0,16.0,9.053641472132716,6.756693201328097,8.971287535993419,0.4432173586084935,0.3333333333333333,1.5923957821357566,5.289824286856904,58.12403589058054,0.0320349401608626,0.0016234334007444,318.0,14.0,-242.0,19.0
121,32.54005145797597,194.82987100935867,0.0353988177449564,-0.9662467132165492,33.0,15.0,21.0,33.0,44.0,51.0,13.958147119491136,19.0,23.0,11.979906351777176,9.500734896435189,11.970754716981132,0.4289528287168648,0.3538461538461538,1.71097818070618,5.683746488227122,59.99571987564332,0.021527366287229,0.0013587707051204,118.5,27.0,-109.0,51.0
122,18.635414595347,112.36727632940352,0.5918032201729869,0.013606707138249,17.0,5.0,10.0,17.0,26.0,33.0,10.60034321752855,9.0,16.0,8.741691784784685,6.774206644854001,8.66444621197057,0.568827871432241,0.4444444444444444,1.590458720574322,5.28338950763445,48.6267849597329,0.029372491013644,0.001708891832694,176.0,8.0,-148.0,10.0
123,34.111688311688475,165.96696295046743,-0.673997281285295,0.4594511097574716,35.0,15.0,29.0,35.0,42.0,49.0,12.882816576760977,32.0,13.0,9.664849609264406,6.106285374526299,9.607359307359308,0.3776657566476016,0.1830985915492957,1.6404381951617322,5.449417728434074,135.9137581168843,0.0272582035569048,0.0017175628168914,85.0,28.0,-283.0,1.0
124,27.13828154967398,153.17075163074097,0.9783467333754252,-0.0055645736708278,23.0,15.0,18.0,23.0,35.0,47.0,12.376217177746234,18.0,17.0,10.112248212264852,7.237881939640006,9.334675872650555,0.4560427731981767,0.320754716981132,1.5824324260915856,5.256726734494406,58.94095524069921,0.0356355208433109,0.0018485918931109,261.0,17.0,-153.5,18.0
125,26.71124757595341,160.64415920632115,0.2199352384640553,-0.5865305490198773,27.0,10.0,17.0,27.0,35.0,44.0,12.67454769237629,27.0,18.0,10.342507603807782,7.699938088258103,10.341499676793797,0.4745022731093417,0.3461538461538461,1.682510621149127,5.589179302341671,51.753042178410375,0.0234808159253955,0.0012320020632028,153.0,24.0,-156.5,15.0
126,31.38969046352197,109.90842114609084,0.77707466662239,0.3173290712791949,30.0,20.0,23.0,30.0,38.0,46.0,10.48372172208376,33.0,15.0,8.330952745293233,5.832384232131783,8.2214328190041,0.3339861453640939,0.2459016393442623,1.5940356928033736,5.29527195217677,96.13092704453686,0.029928054219506,0.0006843558996564159,561.0,32.0,-882.5,34.0
127,27.15856249999992,167.74835793359557,0.0265875621622431,-0.9878474383972288,28.0,10.0,16.0,28.0,38.0,44.0,12.951770455563038,12.0,22.0,11.13334751562951,8.968852050884403,11.131875,0.4768945504962965,0.4074074074074074,1.6756936804884548,5.566533915639807,61.53111816406256,0.0235058144531249,0.0008570628341377054,336.5,37.0,-273.5,28.0
128,29.77480784118585,119.49394813549074,0.3411549992492617,-0.0810033339051332,28.0,17.0,22.0,28.0,37.0,45.0,10.931328745193364,27.0,15.0,8.753202015461742,6.3186301023484965,8.679184638354347,0.3671334775189602,0.2542372881355932,1.632132506170997,5.421826826828354,82.81118430829704,0.0281880008591599,0.0004414076903918671,1355.5,20.0,-1422.5,27.0
129,21.952037434197663,129.64020300425202,0.6482405584628111,-0.0782772528056123,20.0,8.0,13.0,20.0,29.0,38.0,11.385965176666051,17.0,16.0,9.305765004356026,7.2460117299317295,9.21399883018132,0.5186746428797808,0.3809523809523809,1.6089688660240171,5.3448788798442415,56.25209592513127,0.0289262502194788,0.000750982332174356,670.0,8.0,-690.5,11.0
130,32.833074453764155,143.52603458832564,0.1208944103099254,-0.3948031965111709,33.0,17.0,25.0,33.0,40.0,50.0,11.98023516414956,33.0,15.0,9.54104519619541,6.899568492963079,9.538365952159056,0.3648831357849305,0.2307692307692307,1.65326185085672,5.492016990566419,47.71056131562622,0.0264152595139944,0.0016538888721958,113.5,33.0,-114.0,34.0
131,38.37468490211824,101.05306791492752,0.1544065548295761,-0.2196278646143814,38.0,26.0,31.0,38.0,45.0,51.0,10.05251550184965,33.0,14.0,8.228274500609437,6.025743035912591,8.215714668812014,0.2619569522848319,0.1842105263157894,1.601675639794709,5.320651306730735,116.32326360954634,0.0289121387807837,0.0012452567831288,211.0,32.0,-154.5,34.0
132,21.5789930555556,134.4030294208454,0.7235140763361216,-0.0867864984456638,20.0,9.0,12.0,20.0,29.0,38.0,11.593232052402186,12.0,17.0,9.53921471112984,7.049658782149699,9.445765398550725,0.5372462015514419,0.4146341463414634,1.5973405958948137,5.3062506026071,52.598795572916615,0.0312446840485629,0.0010859201982436,391.0,25.0,-414.5,15.0
133,22.66325446103944,154.8148342482215,0.4864787063473825,-0.4441477777534768,20.0,7.0,13.0,20.0,31.0,40.0,12.44246094019272,20.0,18.0,10.249000791269594,7.536806971467775,10.119706885942833,0.5490147481502554,0.4090909090909091,1.6411211740162923,5.451686535079253,53.47111599401469,0.0269957054497022,0.0008689304620895427,744.5,5.0,-497.5,21.0
134,37.00070965125713,118.97353964238036,0.6687334850420752,0.1940753676687889,35.0,25.0,29.0,35.0,42.0,54.0,10.907499238706386,36.0,13.0,8.465182031179467,5.708695473582009,8.301601784266017,0.2947916226881285,0.1830985915492957,1.5906322080129407,5.283965820430907,125.4555311612936,0.0313414710952983,0.0017825148511516,99.5,35.0,-194.0,37.0
135,32.134046121593194,68.59372975049432,0.3444893062908063,-0.1026676170838079,32.0,22.0,26.0,32.0,37.0,43.0,8.282133164257523,29.0,11.0,6.689701124693233,4.8200164025839065,6.680461215932914,0.2577370161516062,0.1746031746031746,1.5174169015980772,5.0407498370755865,104.4356498951777,0.0350365711623573,0.0012120390353283,225.0,19.0,-237.0,35.0
136,35.89284868576834,64.44755245804177,-0.1218038661164754,3.052692795549131,36.0,27.0,32.0,36.0,40.0,44.0,8.027923296721374,35.0,8.0,5.685413605869783,3.5844671201812037,5.680440445181151,0.2236635873347238,0.1111111111111111,1.4608957921753845,4.852990775730141,142.44974322164322,0.0449828524365263,0.0023077988739265,121.0,33.0,-150.0,43.0
137,27.1341882601798,105.11829705392864,0.4767463615059741,0.2001790583845153,25.0,15.0,20.0,25.0,34.0,41.0,10.252721446227271,20.0,14.0,8.314744639154412,6.113882183409003,8.173849814912744,0.377852521251702,0.2592592592592592,1.5778480402269437,5.241497734292846,64.01972542636116,0.0331435805609862,0.0020932637470907,162.0,19.0,-133.5,24.0
138,25.831941493304694,114.33146874629008,-0.0425506798640567,0.066730126860929,26.0,11.0,19.0,26.0,33.0,39.0,10.69258943129727,25.0,14.0,8.378288990629892,5.794261860835376,8.367742254286702,0.4139289891961334,0.2692307692307692,1.614754274068884,5.364097589368874,71.84508727825273,0.029391971420722,0.0006025752600073675,1361.0,29.0,-877.0,31.0
139,23.77575757575768,122.17118426172372,0.4298612783095002,-0.5195973722337217,21.0,12.0,16.0,21.0,32.0,39.0,11.053107448212186,16.0,16.0,9.293625935783046,7.004497426343766,9.141653826399589,0.4648898111024733,0.3333333333333333,1.609289466118941,5.345943890306794,61.29687499999981,0.0291727227618168,0.0012240678929556,236.5,11.0,-173.0,19.0
140,22.020343293070503,342.95868765498386,0.1636183475523714,-1.4242638923062865,23.0,1.0,1.0,23.0,38.0,46.0,18.51914381538693,1.0,37.0,16.86155627108189,15.395559126633737,16.827717736808644,0.8410015942491978,0.9487179487179488,1.4108247639795397,4.6866584204264665,82.57628734901462,0.1067433051771027,0.0033630268643448,192.0,3.0,-2894.0,1.0
141,24.824458874459005,338.5919125859718,0.016768342153129,-1.356127137534623,26.0,1.0,4.0,26.0,41.0,49.0,18.400867169401877,1.0,37.0,16.14387053194627,14.925641953510372,16.09348681621409,0.7412394067664397,0.8222222222222222,1.5288394134759955,5.0786946001970295,92.31595643939367,0.0672868854756801,0.0011506622964612,1144.0,3.0,-11779.0,1.0
142,27.474504898895155,209.99452406694456,0.4557250377686747,-0.8212235182682832,23.0,12.0,17.0,23.0,40.0,50.0,14.491187807317402,17.0,23.0,12.33209419288112,9.692731276199762,11.829601834479885,0.5274412718498211,0.4035087719298245,1.6749181664292614,5.563957713698591,77.27204502814243,0.0255858351466887,0.0010328325996656,344.0,16.0,-312.0,18.0
143,23.654962654962628,111.421951771532,0.3440110118994371,-0.188536398242284,23.0,10.0,15.0,23.0,31.0,38.0,10.555659703283922,17.0,16.0,8.704744108915971,6.781878898720666,8.686840686840688,0.4462344691577615,0.3478260869565217,1.6027645332398712,5.324268532458556,57.65897147147177,0.0293466343362393,0.001503227562142,170.5,9.0,-178.5,15.0
144,31.71263792102242,61.069482172226095,-0.489769616382933,3.515866111920115,30.0,25.0,28.0,30.0,36.0,42.0,7.814696550233163,28.0,8.0,5.66190397900338,3.8353194471722447,5.51283633372048,0.2464221541486075,0.125,1.3839520333371793,4.597389141519267,108.02117291848148,0.0547503702544923,0.0003639748165586186,14890.0,27.0,-11500.0,31.0
145,27.492674930847404,69.75629815157662,0.1308382643864724,0.539408980494466,27.0,17.0,23.0,27.0,33.0,38.0,8.35202359620569,25.0,10.0,6.402280454092476,4.2711181485294025,6.393043745517877,0.3037908685573018,0.1785714285714285,1.5165240030424003,5.037783692277595,69.5908334187076,0.0381656945742514,0.000988688387379818,420.5,21.0,-592.5,31.0
146,27.75419903810585,76.6014760787702,0.5648238659835789,0.1221248665081624,26.0,18.0,21.0,26.0,33.0,40.0,8.752226921119574,23.0,12.0,6.968753406864384,4.901102961779462,6.87654458009619,0.3153478473330459,0.2222222222222222,1.5323342591058156,5.090304226082019,86.29821263411131,0.0356457124344512,0.0008120179486876874,990.0,18.0,-258.0,26.0
147,22.93065693430647,112.93189918426566,0.2829303910271757,-0.4984248450965758,22.0,9.0,15.0,22.0,30.0,38.0,10.626942137052676,23.0,15.0,8.698573866203198,6.67657519357445,8.684138494045332,0.4634381896470548,0.3333333333333333,1.6150770544273891,5.365169842510268,59.8346829379564,0.0274167009494091,0.0005737141009584021,895.0,6.0,-817.5,24.0
148,32.510335521069635,74.03800988354092,0.1821338017334735,-0.2674913152589426,32.0,22.0,26.0,32.0,39.0,44.0,8.604534263023242,26.0,13.0,7.10904157885321,5.477401899147043,7.0983254615714895,0.2646707308648576,0.2,1.5324966701551408,5.090843743909696,115.31009630129395,0.0339184566504243,0.0005888553863531989,1015.0,21.0,-618.0,44.0
149,25.52470336510442,207.39687077856595,0.0243373059906722,-1.111853243423025,27.0,6.0,12.0,27.0,37.0,44.0,14.40128017846212,9.0,25.0,12.47841918395806,9.959655794706498,12.421727290410423,0.56420950216215,0.5102040816326531,1.6893211395670005,5.611803354814756,62.6152879425204,0.022570344527847,0.0006625906334652388,902.0,2.0,-686.0,10.0
150,27.73853042947275,69.60385023197684,0.3633640880568017,0.2520425893100713,27.0,17.0,22.0,27.0,33.0,38.0,8.342892198271343,27.0,11.0,6.6697549682831765,4.89834280361007,6.646244657032363,0.3007690771320333,0.2,1.5220781278260074,5.056234095438769,79.74827498473458,0.0352647998644768,0.0008472222048374127,580.0,17.0,-730.0,31.0
151,31.985789473684164,173.96558753462662,-0.3939714547769475,-0.080618031455296,34.0,10.0,25.0,34.0,41.0,47.0,13.189601492639063,34.0,16.0,10.3106158818095,6.862270763441309,10.19280701754386,0.4123581662253675,0.2424242424242424,1.6274657959431689,5.406324351011836,78.96491776315888,0.0275626346568174,0.0021989883900995,92.0,33.0,-63.5,30.0
152,23.99291764538405,107.06383339068368,0.5441606128013211,0.0269899565036761,23.0,12.0,16.0,23.0,31.0,38.0,10.347165476142909,14.0,15.0,8.404569222736587,6.165257056778477,8.337639689657626,0.431259158601479,0.3191489361702128,1.593813860973561,5.294535042788976,58.85762609883255,0.0307960858612054,0.0010469117082598,405.0,13.0,-358.0,23.0
153,25.16250936329593,91.93744838474316,0.3830358613850937,-0.289921476570635,24.0,13.0,18.0,24.0,31.0,39.0,9.588401763836512,18.0,13.0,7.796071994277683,5.943325702971517,7.759737827715356,0.381059044048402,0.2653061224489796,1.5643548166693904,5.196674215866413,60.15412394662836,0.0324893714317777,0.0011031003538678,489.5,20.0,-334.0,19.0
154,30.795256946242795,115.80461548486946,0.1101166091703043,-0.0935247338770728,30.0,17.0,24.0,30.0,38.0,45.0,10.761255293174187,26.0,14.0,8.574900622954395,5.983104820974235,8.569869399533834,0.3494452185269759,0.2258064516129032,1.6247606157996233,5.397337937091258,63.9963933414103,0.0285950057237815,0.0010285611223,520.5,25.0,-313.0,40.0
155,35.62353682353665,81.40011381860613,-0.8721959314959731,2.1959233899873496,36.0,25.0,32.0,36.0,40.0,46.0,9.022201162610273,36.0,8.0,6.368172061127192,3.822005878696333,6.322459522459522,0.2532651714876682,0.1111111111111111,1.5125646826152948,5.024631114514131,134.70149861399716,0.0415020158055501,0.0007231361711848283,1150.0,33.0,-969.0,41.0
156,26.982308111050603,184.09761840697533,0.5143648928150546,-0.5758604379484371,25.0,11.0,16.0,25.0,36.0,48.0,13.568257751346534,16.0,20.0,11.307357221027976,8.649618474619993,11.20261295590637,0.5028575648719116,0.3846153846153846,1.701630694464391,5.652694811063955,83.05491715432669,0.0224247407594866,0.0007812573920736686,375.0,13.0,-246.0,14.0
157,32.3884839369047,138.38128355523023,-0.3485702405318009,-0.5531207198857198,34.0,16.0,24.0,34.0,41.0,47.0,11.763557436219294,39.0,17.0,9.69857469862836,7.1805087625254425,9.606001002738246,0.3632018546819179,0.2615384615384615,1.6482327282489866,5.475310606883156,123.48109500944908,0.0247907218937911,0.0004889018798784737,734.5,8.0,-734.5,10.0
158,29.98219710778965,137.03579518081682,0.3468084108797524,-0.5475062527105181,29.0,16.0,21.0,29.0,38.0,46.0,11.70622890519474,33.0,17.0,9.785323266858631,7.401789300126012,9.753534248794912,0.3904393284824798,0.288135593220339,1.656180606222908,5.501712886019462,60.901337875197264,0.0250524347879154,0.0007123211079249777,451.0,14.0,-394.0,34.0
159,21.93941131498467,132.3241195311263,0.6431749539802265,0.209329153260477,21.0,8.0,12.0,21.0,30.0,36.0,11.503222136911306,13.0,18.0,9.566149691033637,7.435747503680983,9.52198012232416,0.5243177208248326,0.4285714285714285,1.6063645500684127,5.336227529503359,46.62124904434273,0.0292138942662888,0.0023629844238351,61.5,8.0,-99.0,14.0
160,31.189822216919065,110.97493280457266,-0.6457079322216918,-0.2351140724989444,34.0,16.0,24.0,34.0,39.0,42.0,10.53446404923253,39.0,15.0,8.716557503096494,6.397146121989034,8.485085312015272,0.3377532573275798,0.238095238095238,1.5758890955102989,5.234990260802295,124.27194789553708,0.0313317241439104,0.0006114264564965915,599.0,38.0,-792.0,44.0
161,25.200862068965385,178.0053440844243,0.7982729670859526,0.1320337928623471,23.0,9.0,15.0,23.0,32.0,46.0,13.341864340654356,21.0,17.0,10.44562425683725,7.381463877033112,10.326149425287356,0.5294209501303025,0.3617021276595745,1.6574101445751153,5.505797324015401,42.13269127155195,0.0268323919936583,0.0019634736399353,123.0,20.0,-86.5,21.0
162,21.3497300369423,100.0482771365548,0.478369351475099,0.6167213220298304,21.0,8.0,15.0,21.0,27.0,33.0,10.002413565562804,21.0,12.0,7.768427984938384,5.359696177814713,7.760358056265985,0.4685030465610207,0.2857142857142857,1.56554581003982,5.200630610204474,65.38354823813562,0.0325635261703183,0.0009619579317864207,746.5,4.0,-471.5,6.0
163,31.198195187165755,134.42406537010194,0.3353345752109521,-0.470803694848553,30.0,17.0,22.0,30.0,39.0,47.0,11.594139268186405,26.0,17.0,9.54413045602222,7.087534238490793,9.51370320855615,0.3716285252602039,0.2786885245901639,1.6507393930223866,5.483637567018374,79.45790336731265,0.0254118181262133,0.0016825828083958,80.0,14.0,-67.0,29.0
164,25.58467883467884,131.43108268321006,0.2147472802117609,-0.5589248585976212,25.0,11.0,16.0,25.0,34.0,41.0,11.46433960955493,24.0,18.0,9.404262444349484,7.050647991262598,9.39145314145314,0.4480939426144193,0.36,1.645242205946686,5.4653763068287535,65.1609789070731,0.0257414874714804,0.0006135712108142236,635.0,21.0,-548.0,17.0
165,28.839305837277525,111.00605220495954,0.4775988520406283,0.4385201239242784,28.0,16.0,22.0,28.0,35.0,43.0,10.53594097387412,25.0,13.0,8.019189241366263,5.208190347150494,7.949064683344602,0.3653326828780817,0.2280701754385964,1.607004619409137,5.338353793828985,92.3759015100306,0.031621153742325,0.0010090091893379,729.5,24.0,-360.5,31.0
166,35.760427952329415,121.8334051617458,0.2611152159421971,-0.6315140488951996,35.0,22.0,27.0,35.0,43.0,52.0,11.037817046941202,38.0,16.0,9.04813172517854,6.690801784388883,9.030967858432648,0.3086600938236871,0.2285714285714285,1.6280609818231822,5.40830151570833,113.98636409805002,0.0263744683878194,0.000771561214631072,388.5,25.0,-404.5,39.0
167,30.11274750450012,86.16363666111327,-0.4771019969490961,0.338701109976991,32.0,16.0,24.0,32.0,36.0,40.0,9.282437000115502,33.0,12.0,7.261015367411284,5.204735167259189,7.039491627120493,0.3082560632744758,0.2,1.533217346535212,5.093237779023972,62.10754172803173,0.0389466476338159,0.0014575325806598,672.0,32.0,-331.0,34.0
168,30.196378127522262,176.2677478451807,-0.2057805614182774,-0.3875679291550513,31.0,11.0,22.0,31.0,39.0,47.0,13.276586453045102,35.0,17.0,10.61505404134562,7.434604716324782,10.597541700295938,0.4396747979832805,0.2786885245901639,1.7062781695192517,5.6681333890189824,62.75184829625755,0.0224978595380718,0.0006150555314228047,526.0,1.0,-405.0,35.0
169,27.08407671721677,179.3245546560231,0.6328748202031076,0.0289565648608887,25.0,11.0,17.0,25.0,35.0,45.0,13.391211844191814,20.0,18.0,10.620148972538376,7.404027101634505,10.502453166815345,0.4944311738594103,0.3461538461538461,1.6891496986159122,5.611233840302722,53.321776037021536,0.0241930670732532,0.0023228045216834,67.5,15.0,-47.5,17.0
170,33.45008710801401,125.87939023631375,-0.2972256944339792,-0.4073005632765953,35.0,17.0,26.0,35.0,41.0,47.0,11.219598488195276,41.0,15.0,9.14123570457456,6.71463477835503,9.034756097560976,0.3354131321681154,0.2238805970149253,1.6384405595787783,5.442781726667715,132.2323755988673,0.0269256941325012,0.001531484162427,95.5,37.0,-153.5,42.0
171,23.069736403069687,153.07454958016692,0.4403868761608636,-0.0887616826953698,21.0,8.0,14.0,21.0,31.0,39.0,12.372329998030562,16.0,17.0,9.977648207655896,7.035599090914056,9.907907907907909,0.536301316229356,0.3777777777777777,1.6305666057186228,5.416625018121818,56.23248248248125,0.028414411519739,0.0021772633577541,61.0,11.0,-201.0,1.0
172,27.45323425791784,116.01741791556512,0.0257464872519479,-0.4118264865935708,28.0,14.0,20.0,28.0,35.0,41.0,10.771138190347626,24.0,15.0,8.848539460873196,6.444795868503891,8.847121626696712,0.3923449634077668,0.2727272727272727,1.6138800785546257,5.361193574729634,64.34351779199477,0.0288704477979,0.0005080890445116331,2079.0,23.0,-1865.5,31.0
173,33.86433430515062,182.003363526724,-0.3040859467116301,-0.823241813911169,35.0,13.0,23.0,35.0,44.0,51.0,13.490862223250373,35.0,21.0,11.148761372103776,8.525168572537314,11.044120505344996,0.3983796669878277,0.3134328358208955,1.6790149947323452,5.5775670827385335,63.495626822157256,0.0235138420216066,0.0015116599626641,94.5,33.0,-98.0,39.0
174,26.217600375791296,104.07073996964844,0.2321334368688663,-0.1671739732848771,26.0,13.0,19.0,26.0,33.0,39.0,10.201506749968283,24.0,14.0,8.297391334348026,6.035759358469374,8.28749258306962,0.3891090947967957,0.2692307692307692,1.5828472902827806,5.258104883506699,87.66510125655222,0.0301983226207066,0.0006109812551174206,1257.0,7.0,-919.5,22.0
175,35.11909860732046,94.76981720134827,0.1587724240617282,-0.4881538037104773,34.0,21.0,29.0,34.0,43.0,48.0,9.73497905500306,34.0,14.0,7.93152372854692,5.93683185009034,7.909524809293862,0.2771990011433219,0.1944444444444444,1.570023503829205,5.215505187003734,132.79409160892985,0.0302457298002927,0.0006506480218589606,831.0,29.0,-625.5,36.0
176,24.523051815585493,187.1213916384128,0.4662859777221521,-0.8162230256018241,22.0,9.0,13.0,22.0,35.0,45.0,13.679232128976128,12.0,22.0,11.69505037758205,9.364352173673224,11.56765945872433,0.5578111660752748,0.4583333333333333,1.6795387109359157,5.579306830308921,49.04610363117101,0.0240222539663991,0.0006390422915804411,819.0,8.0,-604.5,10.0
177,34.35138888888886,189.87328510802445,0.1089537155009407,-1.0178324801469665,34.0,16.0,23.0,34.0,46.0,54.0,13.779451553237683,24.0,23.0,11.718458076131803,9.429305783824384,11.698611111111113,0.4011322976723867,0.3333333333333333,1.6887029996531775,5.609749938468454,97.6867621527772,0.0226286008230452,0.0032366964770801,28.0,14.0,-25.0,25.0
178,36.99711779448621,83.4387970395923,-0.4747295354077673,0.383142027982986,38.0,25.0,31.0,38.0,44.0,47.0,9.134483950371378,45.0,13.0,7.324681461379621,5.2654297980329305,7.302715121136174,0.246897177264244,0.1733333333333333,1.5477953986040784,5.141665019760273,133.5364720394745,0.0337789614666016,0.0011878485544233,260.5,32.0,-306.0,46.0
179,29.205375705375623,232.4967278585493,0.126095064695088,-0.893654971854652,29.0,7.0,17.0,29.0,41.0,51.0,15.247843383854295,19.0,24.0,12.840126954174949,10.155907105508891,12.833234333234332,0.5220903006924077,0.4137931034482758,1.726030005082227,5.733747566501228,54.76007944757998,0.0206695711596216,0.0017519801330603,74.5,21.0,-105.0,31.0
180,38.605803571428574,137.2587460804635,-0.3892829088349747,-0.2547923519461434,39.0,23.0,30.0,39.0,48.0,54.0,11.715747781531638,38.0,18.0,9.445284731078743,7.081247074156218,9.422172619047618,0.3034711545339323,0.2307692307692307,1.6374187358220385,5.439387301622174,136.3267438616071,0.0265895603032879,0.0019891656057344,66.5,33.0,-93.0,40.0
181,24.355691056910626,138.8423185603803,0.3169525909476084,-0.1490997949270336,25.0,8.0,14.0,25.0,31.0,40.0,11.783137042417028,23.0,17.0,9.388766331769324,6.761622834952143,9.378726287262872,0.4837939935633117,0.3777777777777777,1.621886285271885,5.387789617757177,46.04747840447089,0.028496366433854,0.0031069664726022,45.0,6.0,-44.0,8.0
182,31.951272411798765,116.97998536766454,0.1114599436258035,-0.3614147395848572,32.0,19.0,24.0,32.0,40.0,47.0,10.815728610115205,28.0,16.0,8.884899049688771,6.7795067004141805,8.884687680740312,0.3385069762079722,0.25,1.613917069510459,5.361316456025075,82.37437418666876,0.0285793397494715,0.0010164092475177,321.0,23.0,-350.0,26.0
183,23.070995245122155,144.21417594013147,0.8363096320561797,0.3882051446657675,21.0,9.0,14.0,21.0,31.0,40.0,12.008920681732038,18.0,17.0,9.568885752144292,6.942583484624545,9.418429250696835,0.5205202703282189,0.3777777777777777,1.6264400347001216,5.402916845919908,58.39845671421483,0.0280547497955591,0.0021447362056046,93.0,6.0,-62.0,19.0
184,29.91764144187152,286.9039356164821,-0.1514243532387718,-1.2210022599178187,34.0,6.0,14.0,34.0,43.0,51.0,16.93823885817183,41.0,29.0,14.973317161813972,12.35890275546399,14.851038433993793,0.5661622387941904,0.5087719298245614,1.7261678789527255,5.734205573585186,64.97737750656493,0.0223319598026433,0.0023089165597289,89.5,40.0,-90.0,42.0
185,27.44100475220662,112.19860525131377,0.0239559251465898,-0.005328067346066,27.0,13.0,21.0,27.0,34.0,42.0,10.592384304362913,27.0,13.0,8.211840335822645,5.743150962110339,8.194116315908577,0.3860057020510936,0.2363636363636363,1.6119355449082733,5.3547339737783615,103.76129921927948,0.0297012948348576,0.0004733311248339516,1468.5,24.0,-1592.5,27.0
186,28.04856053121304,158.15767603299005,-0.4721240704707626,-0.2010713608614098,30.0,8.0,20.0,30.0,37.0,42.0,12.576075541797213,1.0,17.0,10.10699848220352,7.206092014234184,9.97096937251568,0.4483679484300909,0.2982456140350877,1.613640836207805,5.360398828856247,111.75598336655376,0.0286656186137827,0.00033131845111798,2927.0,3.0,-15700.0,1.0
187,36.87575231481466,85.39955093865325,-0.2297849686745974,0.5451127047092883,37.0,26.0,31.0,37.0,43.0,48.0,9.241187745017047,33.0,12.0,7.2179835056074975,4.974688098238558,7.213252314814815,0.2506033684716025,0.1621621621621621,1.5646644376306416,5.197702754436363,118.693827763311,0.0332089187349965,0.0013862944949734,197.5,32.0,-240.5,42.0
188,23.89054951690817,249.71854595406995,0.4046954968157567,-1.0864501698335962,20.0,6.0,10.0,20.0,37.0,46.0,15.802485435970825,13.0,27.0,14.108421661314724,11.855095021796108,13.96905193236715,0.6614534096332467,0.574468085106383,1.6722946370947949,5.5552425378946655,57.48663477506056,0.0259297638947233,0.0019785139615843,131.5,12.0,-116.5,15.0
189,27.66498993963773,170.60668174034302,0.4053996290725842,-0.3369911862428174,26.0,11.0,19.0,26.0,37.0,46.0,13.061649273362956,26.0,18.0,10.644819824379022,7.929748423040607,10.512877263581489,0.4721364186960552,0.3214285714285714,1.6885784011471203,5.609336031190597,51.87185613682112,0.0241394443117457,0.0022038672937908,76.5,25.0,-70.5,27.0
190,23.5117225909538,120.5176846064261,0.1139011122813311,-0.724955795791629,24.0,9.0,14.0,24.0,32.0,37.0,10.978054682247947,30.0,18.0,9.391183864909715,7.484382516261102,9.376705383480823,0.4669183484868006,0.391304347826087,1.603507606609263,5.326736968760906,62.82038379770504,0.0284901302443635,0.0006616019154010368,800.0,8.0,-791.0,21.0
191,31.824500768049106,269.0064504036104,-0.2691022029411562,-1.3353618849350688,35.0,8.0,15.0,35.0,47.0,51.0,16.401416109702552,50.0,32.0,14.550917077432286,12.618654322912915,14.354710701484896,0.5153707273915545,0.5161290322580645,1.670328992711722,5.548712808593979,119.83913570468582,0.024071504734009,0.0017553773988351,125.0,10.0,-130.0,51.0
192,33.10079641612749,101.86129354192798,0.442647049719814,0.1223300436382861,32.0,21.0,26.0,32.0,39.0,47.0,10.092635609290964,33.0,13.0,7.937374088874942,5.665170064497009,7.916998506719761,0.3049061261974227,0.2,1.59347623103137,5.293413460398334,104.47438868840293,0.0310121764776276,0.0013890924840234,179.0,30.0,-291.5,34.0
193,29.201724137930988,369.1196521997629,-0.0967426213145635,-1.2612872648554811,32.0,1.0,9.0,32.0,46.0,53.0,19.21248688222748,1.0,37.0,16.745838287753525,15.511296205268463,16.595977011494252,0.6579230319237146,0.6727272727272727,1.622103114502447,5.388509908869971,92.16794181034489,0.0380885850178359,0.0033083221872696,91.0,4.0,-501.0,1.0
194,29.745517280389222,77.52444985073258,0.5980917331646695,0.7928110267950936,28.0,20.0,25.0,28.0,34.0,44.0,8.804796979529543,28.0,9.0,6.569757578777136,4.3511950004062205,6.432471670720441,0.2960041641412104,0.1525423728813559,1.5135017656048528,5.0277440368243855,86.4479095961315,0.0410848131426647,0.00088013883232897,800.0,23.0,-862.0,32.0
195,26.24307487725016,191.87936591338104,-0.3740088085825485,-0.749840800089411,29.0,4.0,17.0,29.0,37.0,42.0,13.852052768935769,1.0,20.0,11.492990965278285,8.8543491272277,11.284134615384616,0.527836499104149,0.3703703703703703,1.602618558350307,5.323783614371767,100.87181905943125,0.0306150245030416,0.00055961160125741,1663.0,3.0,-8936.0,1.0
196,34.228658536585264,80.28425373518574,0.1315204052355865,0.3053194453989571,34.0,24.0,28.0,34.0,40.0,46.0,8.960148086677236,29.0,12.0,7.200787649293638,5.159202476024063,7.191135084427767,0.2617732762474519,0.1764705882352941,1.5390862480192584,5.112733847749953,101.08150724085328,0.0359223913984702,0.0029025119885917,60.5,29.0,-69.0,31.0
197,24.60809934204428,127.95965639120612,0.7593954338710759,-0.0417274235603635,22.0,12.0,16.0,22.0,32.0,42.0,11.311925406013165,18.0,16.0,9.130633827460594,6.696576502473467,8.854137707348716,0.4596830193498984,0.3333333333333333,1.5748968541513595,5.231694106355127,59.21323904179478,0.0329975999710972,0.0012365034503176,536.5,12.0,-381.5,21.0
198,31.822102425876054,114.39633792130084,-0.1012257428202447,0.2088388589595129,32.0,19.0,25.0,32.0,39.0,45.0,10.695622371853862,25.0,14.0,8.426690037694167,5.943785294344408,8.420602367279972,0.3361067169200218,0.21875,1.617024612832518,5.371639491492699,71.59973045822082,0.0295710870896727,0.0009307922887657352,671.0,24.0,-391.0,22.0
199,23.82790697674416,186.39563316078187,0.6627842754319533,-0.3736548738612431,20.0,9.0,13.0,20.0,34.0,43.0,13.652678607540055,11.0,21.0,11.558763810553888,8.884157333769124,11.36345514950166,0.572970115288135,0.4468085106382978,1.6339377402862456,5.427823684753652,37.23110465116204,0.0291972494784825,0.0031144956065496,68.0,8.0,-53.0,9.0
200,18.066364247311828,138.5868256253883,1.253809557040637,1.1814658398952886,15.0,6.0,10.0,15.0,23.0,37.0,11.772290585327406,13.0,13.0,8.94256694121943,5.784574521311716,8.417002688172044,0.651613707338988,0.3939393939393939,1.5760010652773468,5.235362216317234,42.6253281460016,0.0346102009399569,0.001705122563133,238.0,12.0,-160.0,10.0
201,34.1885193476176,130.06652846538117,-0.4292213698732736,-0.4431286485571144,35.0,18.0,27.0,35.0,43.0,48.0,11.404671344031849,45.0,16.0,9.310127513489864,6.863660913993264,9.261859076857478,0.3335819029795618,0.2285714285714285,1.6342150773884336,5.428744978665164,128.20694755356547,0.0260707737532291,0.0011787925829375,138.5,34.0,-146.0,35.0
202,22.05071161048689,138.91076166589465,1.3338626161357563,1.5181691033522595,18.0,11.0,14.0,18.0,28.0,38.0,11.786040966579684,14.0,14.0,9.107955101067262,6.03978744992061,8.566367041198502,0.5344970799479539,0.3333333333333333,1.552348446163051,5.156789916363783,59.26128745318368,0.040498029148957,0.0017417118693621,466.5,13.0,-444.5,15.0
203,27.43934189565916,114.26145400736112,0.6738599481353101,-0.2190492480047159,25.0,16.0,20.0,25.0,34.0,44.0,10.689314945653024,24.0,14.0,8.69221207377825,6.3426312126154825,8.427991835921944,0.3895616369481532,0.2592592592592592,1.59747623942154,5.306701200649426,58.30860152827582,0.0302150575302202,0.0008672181628350061,398.0,16.0,-496.0,25.0
204,29.5040404040404,160.80082542597637,0.159609892277741,-0.4641282426276611,28.0,14.0,21.0,28.0,39.0,47.0,12.680726533837737,21.0,18.0,10.45279461279454,7.800108543566218,10.396969696969697,0.429796270618623,0.3,1.6537408201941883,5.493608092265145,68.22809343434332,0.0261830425466789,0.0029691478981866,53.5,20.0,-45.5,22.0
205,32.7204191157681,123.75188819643388,0.4524085441969057,-0.400276958049087,32.0,19.0,24.0,32.0,40.0,48.0,11.124382598438164,19.0,16.0,9.109042907360935,6.894441027218511,9.054178379759776,0.3399828883327866,0.25,1.6263342416142306,5.402565408895646,101.74005318809223,0.0272821812055968,0.0018671087868073,122.5,18.0,-56.5,47.0
206,23.41381814921085,86.3793015264715,0.2436996529934795,-0.5156537273488531,23.0,11.0,16.0,23.0,31.0,36.0,9.29404656360573,18.0,15.0,7.746913438771484,6.077751495084437,7.722318866571019,0.3969470722108166,0.3191489361702128,1.56212291284546,5.189259991848617,71.70481808195883,0.03052942424389,0.0005232183014728603,1025.0,8.0,-1285.0,34.0
207,29.24110972741098,160.93612374429205,0.4834006532036628,-0.5118023460798842,28.0,14.0,18.0,28.0,38.0,47.0,12.68606021364758,15.0,20.0,10.537032595103776,8.125774932639889,10.475923619759236,0.4338433230444571,0.3571428571428571,1.6586208385641803,5.509819162391984,64.42181986820265,0.0261923288643862,0.0013461486881484,277.5,14.0,-171.0,18.0
208,37.539244186046446,206.28754258119952,-0.7135398733525502,-0.1068974363133148,41.0,18.0,28.0,41.0,49.0,54.0,14.36271362177773,50.0,21.0,11.715545377381307,8.513625678945008,11.448481912144702,0.3826052956899018,0.2727272727272727,1.6722327984908556,5.555037114498893,128.45460119912804,0.0240456240109769,0.001970618484404,64.5,3.0,-150.0,1.0
210,22.142857142857107,157.0202326091722,0.4804141796269345,-0.5491244062881417,21.0,7.0,11.0,21.0,31.0,40.0,12.530771429132852,11.0,20.0,10.454597322795731,8.150486500629471,10.41325433399166,0.5659058064769685,0.4761904761904761,1.649777155901582,5.480441084492832,54.66517857142817,0.0257714929643769,0.0010635190480701,244.0,10.0,-438.5,12.0
211,33.141679012345655,144.55518631672177,-0.7286564409377716,-0.0915819493325478,36.0,14.0,27.0,36.0,42.0,46.0,12.023110509211904,40.0,15.0,9.599131273894155,6.84993555003821,9.34335802469136,0.3627791610899725,0.217391304347826,1.6241664889267111,5.395364290340205,113.92452160493823,0.0280790221002895,0.0011775476106395,162.5,39.0,-201.0,47.0
212,22.436082565556237,161.44187487341154,0.4972314483420958,-0.4250736435320741,21.0,6.0,12.0,21.0,31.0,40.0,12.705977918814888,6.0,19.0,10.526427487112684,8.114132644592063,10.484186746987952,0.5663189142618438,0.4418604651162791,1.6619593175604013,5.520909349563723,48.72836682206773,0.024907328536642,0.0010503645999026,262.5,10.0,-278.5,12.0
214,39.3646525293817,196.26783333608816,-0.8327080321919085,0.2461574371464108,42.0,20.0,31.0,42.0,50.0,55.0,14.009562210721938,50.0,19.0,11.26489143240159,8.125018846150807,11.043625447112928,0.3558919312259959,0.2345679012345679,1.677027259925049,5.570963970636993,150.07773776826795,0.0240444205502619,0.0012392723252613,140.0,49.0,-404.0,1.0
215,26.519662921348395,137.5184068419689,0.1935856490631534,-0.3293148020605461,26.0,11.0,19.0,26.0,35.0,42.0,11.726824243671809,25.0,16.0,9.359282851190654,6.627022325757234,9.33012306046014,0.4421935632610053,0.2962962962962963,1.6479349939539645,5.4743215549637085,62.9841994382021,0.0269696518246654,0.000949670675661088,620.0,24.0,-283.0,22.0
216,25.26744581274369,108.5118648987206,0.6342301568068577,0.004319452836647,21.0,16.0,18.0,21.0,33.0,41.0,10.416902845794455,17.0,15.0,8.66895624653773,6.614284332851615,8.15096608884357,0.4122657637417656,0.2941176470588235,1.473070357305981,4.893433805680504,92.77890259366796,0.0469313907176126,0.0005538638603620743,5219.5,16.0,-4879.0,18.0
217,34.3351157770801,177.63156515535658,-0.5607187363966017,-0.0535718989857949,36.0,14.0,27.0,36.0,43.0,50.0,13.327849232166328,42.0,16.0,10.513933814948428,7.212098729587935,10.441571821036106,0.3881696313097373,0.2285714285714285,1.6681546658858817,5.541489851223748,128.75668416405065,0.0244159036221963,0.0010944393403436,247.5,3.0,-330.0,1.0
218,31.68911368015405,99.63099902175948,-0.4247373322407078,-0.5795753842099809,34.0,16.0,24.0,34.0,39.0,43.0,9.981532899397742,39.0,15.0,8.331408623865977,6.506775479206857,8.10883108542068,0.3149830254056262,0.238095238095238,1.5695818315965293,5.214037983605277,97.5430530467243,0.0325642972318437,0.0010226135687431,593.0,38.0,-667.0,40.0
219,26.58205638982525,97.47241170751688,-0.0697898367769099,-0.438606281824129,28.0,13.0,19.0,28.0,34.0,38.0,9.872811742736555,28.0,15.0,8.122798024995566,6.009108597722554,8.066120134845235,0.3714088781526906,0.2830188679245283,1.5827903035063808,5.257915577533145,58.97893761492461,0.0303869225706852,0.0006823698425808581,1122.5,27.0,-782.5,38.0
220,31.239151398264298,133.9818615749559,-0.0094337890986804,-0.484525789685037,31.0,15.0,23.0,31.0,39.0,46.0,11.575053415641584,39.0,16.0,9.392304099029287,6.971779025325493,9.38669238187078,0.3705303408556967,0.2580645161290322,1.6584560339099086,5.509271693180795,64.91886149951807,0.0253543718998367,0.0014274024141311,150.0,25.0,-152.5,40.0
221,27.29293205654364,127.89151259167384,-0.2770935462429021,-0.4341653510144585,29.0,11.0,19.0,29.0,35.0,40.0,11.308912971266242,34.0,16.0,9.258954673939892,6.8265946539932925,9.136464508283934,0.4143531720167406,0.2962962962962963,1.633049663931916,5.424873558961797,94.2459060077518,0.0271910183435662,0.0009091756402597116,301.0,1.0,-267.5,37.0
222,31.954746136865527,99.1711609981658,0.133574316747893,0.2996437067424757,31.0,20.0,26.0,31.0,38.0,45.0,9.958471820423345,26.0,12.0,7.789834399432544,5.43985914543141,7.773088500903071,0.311642964640375,0.1875,1.5964217418794018,5.303198235638204,103.35363203642284,0.0307349318407047,0.0007853634460159472,812.0,25.0,-554.5,27.0
223,21.61413520632141,142.8838563855819,0.9219640327434208,0.4467107556209,18.0,9.0,13.0,18.0,30.0,38.0,11.953403548177478,15.0,17.0,9.710424944942629,6.888556116556737,9.262423178226516,0.5530364011363039,0.3953488372093023,1.6049844845814976,5.331643051189588,53.35989629060572,0.0319351648512588,0.0016744520640414,247.5,12.0,-106.5,16.0
224,21.34116005339179,235.57984813855967,0.5047716854201122,-1.0580043515118125,17.0,4.0,8.0,17.0,35.0,45.0,15.348610625674224,4.0,27.0,13.409297914227457,11.302560054860464,13.122521538648222,0.719202263947917,0.627906976744186,1.5805275680829554,5.250398933158767,84.36427333606372,0.0408509219170616,0.000704062111828036,5803.5,3.0,-3258.5,5.0
225,27.007570953670857,140.68294262301768,0.2332645116151456,-0.9227881916672492,26.0,12.0,17.0,26.0,37.0,43.0,11.8609840495221,15.0,20.0,10.194081611963949,8.141368242695341,10.160738648373398,0.4391725590527408,0.3703703703703703,1.6402534229947583,5.448803928581446,61.611021238061525,0.025643808318819,0.000496367624034533,1541.0,10.0,-1085.0,18.0
226,22.93077215671365,168.21896178490664,0.5326438857413544,-0.6637288197283144,21.0,8.0,12.0,21.0,32.0,42.0,12.969925280621576,12.0,20.0,10.924828398213032,8.277469291685838,10.781713579307722,0.5656122345982254,0.4545454545454545,1.6558734691549015,5.500692598764269,52.669117297451,0.0257115359796609,0.00078182351113244,576.5,11.0,-679.0,13.0
227,28.34948739808065,150.7174764570263,0.3618333923856645,-0.7217712221884334,27.0,13.0,18.0,27.0,37.0,46.0,12.276704625306676,16.0,19.0,10.234271819175584,7.987975339160137,10.190504295363631,0.4330485575600865,0.3454545454545454,1.6591977238924174,5.511735533971385,55.3700925743765,0.0249165987074422,0.0007380113981662141,605.5,12.0,-482.5,21.0
228,25.48549720211484,131.75397366187426,0.4379599791045095,-0.5356098072805278,24.0,11.0,16.0,24.0,34.0,42.0,11.47841337737382,16.0,18.0,9.48915920227708,7.159867025417371,9.394014066430517,0.4503900114776383,0.36,1.6306593577023658,5.416933133542474,64.51016479285408,0.0267586193522639,0.0008287690500432332,386.0,7.0,-416.0,17.0
229,26.167995403289567,175.34368015166996,0.9343194184764078,0.2549385033626818,23.0,13.0,16.0,23.0,33.0,47.0,13.241740072651703,17.0,17.0,10.523952876969926,7.442998417754899,10.293614881850177,0.5060280647629237,0.3469387755102041,1.6499892918527386,5.481145784868914,61.74011415463599,0.0278218053925621,0.0014135990436341,239.0,12.0,-167.5,18.0
230,30.42496771068771,197.7459038978921,-0.5143444407746091,-0.4792167706992467,33.0,8.0,22.0,33.0,41.0,47.0,14.062215469046553,1.0,19.0,11.325819465107164,8.123802504792376,11.171496609622215,0.4621932750353179,0.3015873015873015,1.647581128917775,5.473146040758195,115.0444091560371,0.0258947323328616,0.0010223276735018,276.5,3.0,-1506.0,1.0
231,26.857264957264874,112.2012079041582,0.7374786690158611,0.1582674278244713,25.0,15.0,19.0,25.0,33.0,43.0,10.59250715856063,22.0,14.0,8.359227238412215,5.943443621612698,8.162321937321938,0.394400069233236,0.2692307692307692,1.581578089610291,5.253888690134708,54.97346420940156,0.0337803315313999,0.0010968150526252,446.0,21.0,-815.0,23.0
232,34.352268345970884,58.74995919080954,-0.0977417003993905,0.3223400433422156,35.0,24.0,29.0,35.0,39.0,43.0,7.664852196279426,38.0,10.0,6.064633280270305,4.326042770700932,6.061020434391466,0.2231250675816994,0.1470588235294117,1.4932502850502938,4.960470074607134,106.27733019534756,0.0382741743639799,0.0009918596104291505,334.0,29.0,-411.0,40.0
233,24.990003998400585,162.7987005597617,0.3294222543199251,-1.0947375731672344,22.0,10.0,14.0,22.0,36.0,43.0,12.75925940483074,14.0,22.0,11.147637525026646,9.012828553888362,11.01724643475943,0.510574524343708,0.44,1.642430288216446,5.456035318320163,73.017667932826,0.0255205934863603,0.0008247890935364933,611.5,6.0,-341.0,23.0
234,32.12522918958569,228.2272586108384,-0.6084585502697015,-0.6754456923724144,36.0,7.0,22.0,36.0,43.0,48.0,15.107192280858758,43.0,21.0,12.567825796149233,9.848890748125068,12.13861386138614,0.4702594397600807,0.3230769230769231,1.6492675576568594,5.478748235766584,117.45786922442228,0.0262147520555475,0.0008950343130017652,704.0,3.0,-1270.0,1.0
235,27.641760651629134,135.49212196276167,0.3580484518424643,-0.3192274654501252,27.0,14.0,19.0,27.0,36.0,43.0,11.64010833122964,17.0,17.0,9.528382604774375,7.084754884591297,9.480733082706768,0.4211058940105395,0.3090909090909091,1.6456522295304097,5.466738375691089,54.85161879307678,0.0270056602973599,0.002056747419186,118.5,16.0,-110.5,18.0
236,37.67290848686181,61.47329907115961,-0.4265371120508981,1.662771992367011,39.0,28.0,33.0,39.0,42.0,46.0,7.840490996816437,39.0,9.0,5.768546087538504,3.640164864759849,5.640994664250478,0.208120140220943,0.12,1.46052959044635,4.851774279918064,144.80524199637637,0.0480002587354402,0.0021982727249971,223.0,38.0,-228.0,42.0
237,35.637840346534645,260.5840322170866,-0.2911146025822334,-1.0809714339811685,37.0,12.0,23.0,37.0,50.0,56.0,16.142615408200946,56.0,27.0,14.25090050339731,12.060051133203467,14.212716584158416,0.4529627848161855,0.3698630136986301,1.670625099131526,5.549696452829001,104.12931476253068,0.0241409868670963,0.0019325326321284,95.5,24.0,-101.5,57.0
238,32.37184424475827,114.98068778404048,-0.0872316029357964,-0.1598379785150765,32.0,20.0,25.0,32.0,40.0,47.0,10.722904820245327,30.0,15.0,8.592975892091303,6.331296375951028,8.574240479246898,0.3312417031038201,0.2307692307692307,1.6144446950674265,5.363069190186346,79.91799047924732,0.0290003660120379,0.0012454531341707,243.5,24.0,-185.0,37.0
239,32.351050540629245,148.18444086065247,-0.3372132309531537,-0.5405039104672693,34.0,14.0,24.0,34.0,41.0,47.0,12.173103173006153,35.0,17.0,9.96795394933084,7.282994820787019,9.896860665137616,0.3762815416988737,0.2615384615384615,1.671285526969167,5.55189034661751,117.77804337447782,0.024053860626905,0.0004962781348068968,806.0,29.0,-638.0,44.0
240,35.060541353383776,139.71293624828496,-0.4844001219838375,0.3504727110330372,36.0,19.0,29.0,36.0,42.0,50.0,11.820022683915838,39.0,13.0,9.061131615190346,5.9977642841141305,8.994997493734337,0.33713177913538,0.1830985915492957,1.642176435518634,5.455192037911336,139.694344454887,0.0277833509085998,0.0005277592573040986,956.0,36.0,-778.0,1.0
241,23.384086799276705,150.7870162094639,0.4673648731393345,-0.0467242157084211,23.0,8.0,14.0,23.0,31.0,39.0,12.279536481865424,11.0,17.0,9.895777298902258,7.221294270308376,9.86980108499096,0.5251236273312688,0.3777777777777777,1.6522005735167618,5.488491503554344,51.15268987341734,0.0264098178928677,0.0021853456487468,98.5,10.0,-95.5,12.0
242,31.93593882752764,188.57108733015767,0.095646665316811,-1.0758847596583625,31.0,15.0,21.0,31.0,44.0,50.0,13.732118821586043,21.0,23.0,12.052160432648105,9.796982843347676,12.04214103653356,0.4299895141879921,0.3538461538461538,1.688163828743394,5.6079588514753,87.32483273152029,0.0235071091415829,0.0019986022788659,84.0,20.0,-98.5,22.0
243,31.14182805530159,106.89136348280326,0.4387139016044417,-0.2481263406862566,30.0,18.0,23.0,30.0,37.0,46.0,10.338827954986158,30.0,14.0,8.256746218148091,5.975547069474309,8.239603247167041,0.3319916845159664,0.2333333333333333,1.6048713463771636,5.331267214210004,90.01934672235546,0.0285890808239527,0.000629323004850891,695.5,20.0,-449.0,36.0
244,24.909474491753084,249.7357253471619,-0.16125717517676,-1.3229113352649422,27.0,1.0,8.0,27.0,38.0,44.0,15.803028992796346,1.0,30.0,13.97221078241914,13.095024877921926,13.872266973532795,0.6344184016418468,0.6521739130434783,1.576297333028866,5.236346396484614,89.51842395473815,0.0364775782176839,0.0011828848869765,854.5,3.0,-3085.0,1.0
245,28.036828717801445,114.6988550165932,0.1026977405529389,-0.1527274977866026,28.0,14.0,21.0,28.0,35.0,42.0,10.70975513336291,30.0,14.0,8.507103594958608,6.0522829252661765,8.506430695374915,0.3819888205317228,0.25,1.6262547042483086,5.4023011914851935,76.22512807652349,0.028002116535383,0.000708234655123872,512.0,26.0,-615.0,31.0
246,32.902985074626926,180.15759788294707,0.08663051571043,-0.9602466366326669,32.0,16.0,22.0,32.0,44.0,52.0,13.422279906295616,23.0,22.0,11.477761731742191,9.379745350107209,11.448018528049408,0.4079350209670241,0.3333333333333333,1.6947572973717824,5.629861880154704,66.8341884328359,0.02235945231692,0.0023987179366934,49.5,15.0,-36.5,34.0
247,27.46984256042585,122.297209384629,0.1276433564005995,-0.70474013345709,27.0,12.0,18.0,27.0,36.0,42.0,11.058806869849432,12.0,18.0,9.229067369574476,7.443117984357942,9.227400399142583,0.4025799145198303,0.3333333333333333,1.6194947738785788,5.379845188870508,51.07673851079181,0.0269704797376786,0.0009983814186373349,375.5,11.0,-277.5,13.0
248,25.6168460126794,111.63849916147149,0.5598670390348444,0.1389743009234205,24.0,14.0,18.0,24.0,32.0,41.0,10.56591213106902,24.0,14.0,8.403778149042845,5.997661549273285,8.303282449115782,0.4124595247142947,0.28,1.6070905932841022,5.33863939285966,58.83869318537209,0.0300876182391378,0.0007921192036649868,673.5,16.0,-772.5,25.0
249,23.987263634943066,80.97471667233114,0.4283107717994077,0.1342885617627613,23.0,13.0,18.0,23.0,30.0,36.0,8.998595261057758,23.0,12.0,7.30152663548789,5.467652138576926,7.252695733708392,0.375140549501828,0.25,1.5383477138634387,5.110280490388702,58.46895511017359,0.0348685325890773,0.0008253074906217475,761.0,18.0,-756.5,16.0
250,31.45871921182266,98.88199047780763,-0.1218765253010853,-0.3459067683724042,31.0,17.0,25.0,31.0,39.0,45.0,9.94394240117106,31.0,14.0,7.9800003300254145,5.893397927092527,7.976354679802956,0.3160949539685638,0.21875,1.5908715414544743,5.284760868914384,83.56222290640416,0.0303889215139087,0.0014127944920531,198.5,36.0,-220.5,40.0
251,25.593159276386057,300.9900444800494,-0.1904743732593223,-1.3732709468311606,30.0,1.0,6.0,30.0,41.0,45.0,17.349064657209894,1.0,35.0,15.489869624161557,14.60015994966611,15.30147293037356,0.6778789781227709,0.7446808510638298,1.5383675045773415,5.1103462337172365,95.17456105906072,0.0533690942867596,0.000765634749477402,2229.5,3.0,-17098.0,1.0
252,30.574625187406195,109.41212223582824,0.4286884262242503,0.7784511241254899,30.0,18.0,24.0,30.0,36.0,45.0,10.460024963441924,32.0,12.0,7.808080192475023,5.194190690996765,7.775299850074963,0.3421145770169718,0.2,1.599153646888968,5.312273427642047,76.91429148706851,0.0325486160592866,0.001104519407101,371.0,28.0,-442.0,33.0
253,32.942908244591266,137.5226222769215,0.3965251894467278,-1.0238447025800366,27.0,22.0,23.0,27.0,44.0,49.0,11.727003977014824,23.0,21.0,10.587448005528971,8.883995973910357,10.213931316275902,0.3559796205588565,0.3134328358208955,1.4700809106406174,4.883503078814667,124.56537179986054,0.0513022379306884,0.000619613749073951,6170.0,22.0,-6561.5,24.0
254,30.71208,206.14230207359967,-0.1197812131009789,-1.0243760165547189,32.0,10.0,19.0,32.0,42.0,49.0,14.357656566222763,42.0,23.0,12.355948480000444,10.048746958344497,12.3284,0.4674921583371353,0.3770491803278688,1.7269596717656654,5.736835852375822,61.42415999999959,0.020239296,0.0012724557674041,118.0,9.0,-81.0,28.0
255,29.853227173379818,113.69978785913814,-0.0008840990661028418,-0.5627153550086668,30.0,16.0,22.0,30.0,38.0,44.0,10.663010262544914,32.0,16.0,8.750843308794378,6.528308890868208,8.74162540702083,0.3571811583590916,0.2666666666666666,1.6204007072939024,5.382854634534967,55.50834427550335,0.027430427530496,0.0007821556232243266,460.5,37.0,-485.5,36.0
256,26.36277316066873,118.37732825920304,0.4162095895708654,-0.3876937069250128,25.0,13.0,18.0,25.0,34.0,42.0,10.880134569903216,24.0,16.0,8.861395712437165,6.569526121327957,8.736245731093433,0.412708272517231,0.3076923076923077,1.6261887816907326,5.402082201489096,76.61680949819389,0.0273465763252429,0.0007347367245953712,498.5,12.0,-681.0,25.0
