CaseID,Feature__INTENSITY-BASED_MeanIntensity(IBSI:Q4LE)[],Feature__INTENSITY-BASED_IntensityVariance(IBSI:ECT3)[],Feature__INTENSITY-BASED_IntensitySkewness(IBSI:KE2A)[],Feature__INTENSITY-BASED_IntensityKurtosis(IBSI:IPH6)[],Feature__INTENSITY-BASED_MedianIntensity(IBSI:Y12H)[],Feature__INTENSITY-BASED_MinimumIntensity(IBSI:1GSF)[],Feature__INTENSITY-BASED_10thIntensityPercentile(IBSI:QG58)[],Feature__INTENSITY-BASED_25thIntensityPercentile(IBSI:No)[],Feature__INTENSITY-BASED_50thIntensityPercentile(IBSI:Y12H)[],Feature__INTENSITY-BASED_75thIntensityPercentile(IBSI:No)[],Feature__INTENSITY-BASED_90thIntensityPercentile(IBSI:8DWT)[],Feature__INTENSITY-BASED_StandardDeviation(IBSI:No)[],Feature__INTENSITY-BASED_MaximumIntensity(IBSI:84IY)[],Feature__INTENSITY-BASED_IntensityInterquartileRange(IBSI:SALO)[],Feature__INTENSITY-BASED_IntensityRange(IBSI:2OJQ)[],Feature__INTENSITY-BASED_IntensityBasedMeanAbsoluteDeviation(IBSI:4FUA)[],Feature__INTENSITY-BASED_IntensityBasedRobustMeanAbsoluteDeviation(IBSI:1128)[],Feature__INTENSITY-BASED_IntensityBasedMedianAbsoluteDeviation(IBSI:N72L)[],Feature__INTENSITY-BASED_IntensityBasedCoefficientOfVariation(IBSI:7TET)[],Feature__INTENSITY-BASED_IntensityBasedQuartileCoefficientOfDispersion(IBSI:9S40)[],Feature__INTENSITY-BASED_AreaUnderCurveCIVH(IBSI:No)[],Feature__INTENSITY-BASED_IntensityBasedEnergy(IBSI:N8CA)[],Feature__INTENSITY-BASED_RootMeanSquareIntensity(IBSI:5ZWQ)[]
001,151.1796978972574,788.9423559907235,0.2247587074257388,-0.1167894515291334,150.0,79.0,115.0,132.0,150.0,170.0,187.0,28.0881177010978,242.0,38.0,163.0,22.55162022683936,15.881338489177168,22.524653979238757,0.1857929212174153,0.1258278145695364,387.11936494583904,1421302760.0,153.7668475722158
002,136.66231309673955,1238.531346766314,-0.0955802133491289,1.4569802262641636,135.0,0.0,98.0,117.0,135.0,156.0,180.0,35.19277407034453,252.0,39.0,252.0,26.180458931102702,17.127577066687245,26.13357953521888,0.2575163062360324,0.1428571428571428,541.9556273644439,221097653.0,141.1209380911193
003,153.24994585228484,2049.2734594945705,0.3506459921049822,-0.9548326477692748,149.0,75.0,98.0,115.0,149.0,182.0,225.0,45.26890168199987,243.0,67.0,168.0,38.81167267580897,30.480752506104096,38.750270738574834,0.2953926112680903,0.2255892255892256,402.89457439897336,235788522.0,159.79618069034964
004,110.11186440677947,614.2355089533669,0.6777796824958139,-0.2068742068684015,105.0,71.0,83.0,88.0,105.0,127.0,145.0,24.783775115049902,192.0,39.0,121.0,20.874652877524813,16.259842477986094,20.687005649717516,0.225078153463034,0.1813953488372093,209.45240995763663,45095558.0,112.86655036852324
005,130.16153675327664,1956.44767891746,0.1151594397200368,-0.8585789315920791,134.0,42.0,71.0,86.0,134.0,163.0,185.0,44.23174967054163,242.0,77.0,200.0,37.38540255835667,29.438340268182863,37.30481012658228,0.3398219687155634,0.3092369477911647,408.9489229402344,2127495635.0,137.47171828740576
006,155.1612748293238,625.4996345339109,0.0626992858711007,-0.0562608433888733,155.0,85.0,124.0,138.0,155.0,171.0,188.0,25.009990694398727,236.0,33.0,151.0,19.80819655010865,13.86419101088092,19.805413564787813,0.1611870663083267,0.1067961165048543,368.38545812036887,1439990964.0,157.16399346286423
007,126.34649839089288,517.240462905638,0.3105325900535754,-0.0906777038262891,126.0,71.0,96.0,109.0,126.0,142.0,155.0,22.74292116034433,234.0,33.0,163.0,18.59192353677915,13.942094348146137,18.58791248378885,0.1800043645846195,0.1314741035856573,324.321238824819,1372444951.0,128.3770934339361
008,116.22042042042072,1642.57990046675,-0.4164247492209852,-0.671928610878954,121.0,0.0,56.0,86.0,121.0,148.0,164.0,40.52875399598105,206.0,62.0,206.0,33.97998863728959,25.869358043726976,33.77194337194337,0.3487231748893232,0.2649572649572649,377.2460612397928,176570523.0,123.08438578132493
009,118.50651833425516,1001.22881323269,-0.0451316437926039,-0.6280602733436393,118.0,0.0,77.0,95.0,118.0,142.0,161.0,31.6421998797917,213.0,47.0,213.0,26.303350094362724,19.6537249264816,26.302906762483875,0.2670080964706335,0.1983122362869198,397.7162268086508,653194749.0,122.65815790618962
010,134.08503153288467,854.983374125944,0.3470095776699261,0.1195607938002103,133.0,42.0,98.0,112.0,133.0,155.0,170.0,29.240098736597044,248.0,43.0,206.0,23.840698068004198,17.654860508540676,23.829121798446952,0.218071311930339,0.1610486891385767,434.6674071710809,438996556.0,137.2362162670646
011,99.02040932255724,748.5150101482556,0.4935689795209918,-0.4357646700719626,95.0,42.0,66.0,77.0,95.0,119.0,137.0,27.35900236025165,208.0,42.0,166.0,22.88464750819508,17.459842268990716,22.68063264842406,0.2762965993316609,0.2142857142857142,259.419138456746,1300493657.0,102.73050409958545
012,141.03638218923925,571.6424054643244,0.612431345455999,0.7259324561234419,139.0,73.0,113.0,122.0,139.0,156.0,172.0,23.909044428088805,255.0,34.0,182.0,19.32533552617553,14.1275960548685,19.2482560296846,0.1695239487638602,0.1223021582733813,403.21362418832393,1102950499.0,143.0486053986319
013,112.53046874999949,820.2166497802949,0.1808738122450016,-0.9485072595001164,110.0,46.0,77.0,88.0,110.0,135.0,151.0,28.639424745973773,191.0,47.0,145.0,24.587202428169796,19.227584488550576,24.574251302083333,0.2545037363134054,0.210762331838565,257.20330810547665,828415368.0,116.11771202910865
014,148.9714528800541,947.5067155641312,0.6126305735059517,-0.8559001818122454,139.0,92.0,115.0,125.0,139.0,175.0,197.0,30.78159702751193,236.0,50.0,144.0,26.464406639928345,20.887438428164263,25.36405271351508,0.2066274875649904,0.1666666666666666,337.4261159986885,1278299907.0,152.11837656495862
015,139.21104575163346,548.9870283181734,-0.4383244102134192,-0.5971058106015557,144.0,81.0,102.0,124.0,144.0,156.0,167.0,23.430472217140085,195.0,32.0,114.0,19.23631184587345,14.049997184520585,18.934640522875817,0.1683090022823505,0.1142857142857142,249.71669730392384,609818290.0,141.16905570124672
016,97.5263096077054,745.1175248587958,0.4501274116092633,-0.6299438474764529,92.0,50.0,61.0,77.0,92.0,118.0,138.0,27.29684093185136,179.0,41.0,129.0,22.832096193980647,17.571851747462443,22.425534413906508,0.2798920726279043,0.2102564102564102,198.5068655303166,87323829.0,101.27437282233215
017,144.35212418300637,656.8111392787017,0.8737401816206469,1.4883315115962974,140.0,81.0,119.0,127.0,140.0,158.0,175.0,25.62832689191204,244.0,31.0,163.0,19.409002413603325,12.68256070153755,19.050816993464053,0.1775403516710361,0.1087719298245614,369.9897748161175,131545403.0,146.60950479223658
018,110.946450375022,855.3603803009141,0.5911559860041202,-0.5329750451675235,105.0,59.0,77.0,86.0,105.0,133.0,155.0,29.246544758328533,207.0,47.0,148.0,24.47481387953824,18.862401811392814,24.002354788069077,0.2636095581198781,0.2146118721461187,258.8342163788533,301887746.0,114.7365470594182
019,129.28518518518527,1185.7424510865485,-0.4563059838590421,1.1436597666351958,133.0,0.0,86.0,112.0,133.0,148.0,166.0,34.43461123762759,238.0,36.0,238.0,25.65903544871099,16.205465516069705,25.471929824561403,0.2663461493155941,0.1384615384615384,484.32478070174415,183658120.0,133.7923822923196
020,138.9685889175259,1984.5172156634935,-0.3311411188258117,-0.7651138232172237,148.0,13.0,79.0,99.0,148.0,175.0,190.0,44.54792044151437,241.0,76.0,228.0,38.03546056302879,29.7210873555809,37.48985180412371,0.3205610763447584,0.2773722627737226,498.22147833440897,132210447.0,145.9341835259709
021,130.65957977948838,699.1688238716794,0.5799498296787765,0.5533394660976287,128.0,50.0,101.0,114.0,128.0,143.0,169.0,26.44180069268505,220.0,29.0,170.0,20.051374271337853,13.106629477054858,19.866569586020383,0.2023716954953502,0.11284046692607,349.69633477217826,427128259.0,133.30826910594905
022,164.51259615384683,605.6013797984259,0.5781072235158489,-0.6081395195516519,159.0,114.0,137.0,144.0,159.0,184.0,200.0,24.60896949891291,242.0,40.0,128.0,20.901024140167788,16.278486457572644,20.48625,0.1495871445363332,0.1219512195121951,330.6046153846106,575535910.0,166.34300608404587
023,130.81153516295035,764.8287605935276,0.0602090564484115,-0.9154615760555824,130.0,75.0,95.0,109.0,130.0,153.0,169.0,27.65553761172485,197.0,44.0,122.0,23.31771171985503,17.828505410451545,23.30553173241853,0.2114151292336312,0.1679389312977099,251.1848131968393,83375933.0,133.70297862157486
024,148.80199638878463,527.5104147109848,-0.0821226780725134,-0.5922656862149389,149.0,77.0,118.0,132.0,149.0,166.0,179.0,22.967594883029975,224.0,34.0,147.0,19.04548818509841,14.330011787188688,19.044186284195824,0.1543500452979209,0.1140939597315436,344.0588541844025,665419141.0,150.56408782973085
025,149.6506631299723,1197.5401653427675,-0.238630369597384,0.2588218490951868,149.0,13.0,106.0,129.0,149.0,173.0,194.0,34.60549328275451,251.0,44.0,238.0,27.198635535322733,18.85055939821319,27.19708222811671,0.2312418305336841,0.1456953642384106,560.1389381631571,711560692.0,153.59967819166664
026,104.41806653491447,905.5053093051912,0.7402860868880891,0.5064234722067793,99.0,34.0,69.0,83.0,99.0,121.0,149.0,30.09161526580438,219.0,38.0,185.0,23.63598573269201,16.787455547952664,23.36898880105402,0.2881839921422274,0.1862745098039215,304.3051674181111,143404099.0,108.6675569256758
027,112.90233152084409,801.9013330601778,-0.2262339788216132,-0.4502251151990526,115.0,38.0,71.0,95.0,115.0,133.0,148.0,28.317862438047435,200.0,38.0,162.0,22.90352542628379,16.779294323502356,22.838866919316747,0.250817339700548,0.1666666666666666,288.29431846266505,986734759.0,116.3994750671268
028,140.5029371584701,548.2699367282931,1.02580193380245,0.6445484763335116,134.0,99.0,115.0,122.0,134.0,154.0,175.0,23.41516467437915,232.0,32.0,133.0,18.71530341119056,13.39804139866068,18.140642076502733,0.1666524924526646,0.1159420289855072,294.0277172984556,297036015.0,142.44067286728622
029,134.74933387989307,996.7594661477953,0.2121367115228737,-0.5996167060007513,133.0,56.0,93.0,112.0,133.0,159.0,178.0,31.571497686169327,245.0,47.0,189.0,26.099228003485937,19.64334721876868,26.06579217052675,0.2342979870632246,0.1734317343173431,400.7358545552783,186906122.0,138.39849149186125
030,128.5212732919257,1374.7983052110203,0.2803116395493258,-0.7612557053948605,129.0,69.0,79.0,96.0,129.0,155.0,179.0,37.07827268375673,232.0,59.0,163.0,31.210043642219063,24.344413319696656,31.20543478260869,0.2884991078444767,0.2350597609561753,329.3216153920777,115227803.0,133.76290963413146
031,110.84121830550376,723.7891050092398,0.1809598180385201,-0.8101495625960986,110.0,59.0,77.0,86.0,110.0,132.0,147.0,26.90332888341589,199.0,46.0,140.0,22.786663872836016,17.545301910802344,22.784322820037104,0.2427195342554261,0.2110091743119266,244.58502435063653,84145865.0,114.05947913460608
032,131.4196428571434,951.913676167572,0.2129897145811854,-1.0604562403570257,131.0,75.0,93.0,101.0,131.0,155.0,175.0,30.85309832362987,206.0,54.0,131.0,26.504106862530755,21.34159736999517,26.50147174254317,0.2347677839694633,0.2109375,270.9633122179202,185729185.0,134.99272648875035
033,157.41062801932426,1415.5746558512517,0.2591294622467348,-0.2802031185835369,154.0,46.0,120.0,127.0,154.0,185.0,210.0,37.624123323358006,255.0,58.0,209.0,31.115751992878767,23.189999306277365,31.00414078674948,0.2390189518762299,0.1858974358974359,516.4442826949537,75909286.0,161.844618289547
034,153.19259892525596,570.4312739979183,0.4898701820865043,0.0974982308955909,152.0,101.0,125.0,135.0,152.0,169.0,185.0,23.88370310479341,252.0,34.0,151.0,19.260275561432,13.854085292545072,19.22215437225208,0.155906377151069,0.1118421052631579,363.5794569797615,196826449.0,155.04323151776862
035,136.8580022075062,426.8972207328768,0.0641207733438222,-0.4187217975106292,137.0,79.0,109.0,122.0,137.0,151.0,163.0,20.66149125142899,202.0,29.0,123.0,16.794152705289243,12.251464461655344,16.79067328918322,0.150970282469137,0.1062271062271062,264.79513141557754,347125021.0,138.4088508331836
036,107.62461229702588,1141.129107790758,-0.0623840435563562,-0.3369509831927249,109.0,28.0,61.0,86.0,109.0,130.0,152.0,33.780602537414254,202.0,44.0,174.0,26.92917565384978,18.80623504241226,26.88186462324393,0.3138743249934824,0.2037037037037037,295.297991071431,278965060.0,112.80153491808494
037,119.26829088224436,4162.410781169008,-0.5099182924339858,-0.858674208880744,135.0,0.0,13.0,75.0,135.0,170.0,193.0,64.51674806721901,255.0,95.0,255.0,54.115515897205576,43.09687783539272,52.65950535252861,0.5409379776466949,0.3877551020408163,478.3656215392775,498112932.0,135.59991147172863
038,126.08436724565732,1437.9409384126943,-0.0472141032399144,-0.7710187613022441,127.0,38.0,73.0,96.0,127.0,155.0,178.0,37.92019169799507,219.0,59.0,181.0,31.03396979231236,23.168352227396152,31.023821339950373,0.3007525240945454,0.2350597609561753,359.3075501447413,104791336.0,131.66323937284292
039,141.3841672128756,577.3262339197455,0.560665746404616,-0.117198860481694,136.0,88.0,114.0,125.0,136.0,158.0,175.0,24.02761398723863,222.0,33.0,134.0,19.653780391350853,14.442344689820846,19.28555822591217,0.1699455777892114,0.1166077738515901,298.04884249146227,282402854.0,143.4113279082173
040,133.8210859728511,1244.3378540242716,0.2473458867967679,-0.6691185275836276,130.0,38.0,92.0,106.0,130.0,159.0,186.0,35.27517333797626,229.0,53.0,191.0,29.27389904383827,22.05313606447288,29.133846153846157,0.2635995148412762,0.2,402.2945602375595,211634251.0,138.39227183978653
041,161.68632778264694,976.7639234999062,0.6478466830007708,-0.121842068602322,156.0,92.0,126.0,137.0,156.0,181.0,206.0,31.253222609835078,255.0,44.0,163.0,25.439264110933063,18.288656582235152,25.15521472392638,0.1932953950927033,0.1383647798742138,413.541741071409,309430443.0,164.6791805764694
042,146.70475003462113,1047.6588460149403,-0.06901912619999,-0.2010667843086482,145.0,13.0,106.0,122.0,145.0,173.0,192.0,32.36755854269735,230.0,51.0,217.0,26.95732512925663,20.528217502625232,26.918986289987537,0.2206306103589616,0.1728813559322033,500.5944857013971,162977555.0,150.23296085991126
043,107.4568191098407,635.1150198533485,0.5284331054241166,-0.1680170420837621,104.0,53.0,77.0,90.0,104.0,124.0,145.0,25.20148844519602,196.0,34.0,143.0,20.38484164335027,14.67297371357374,20.06734041105213,0.2345266559531736,0.1588785046728972,242.3032493066815,358007055.0,110.37247389208233
044,108.66871843434352,2884.5274053020257,-0.7503601167540542,-0.5972303163311437,127.0,0.0,13.0,75.0,127.0,149.0,165.0,53.70779650387852,198.0,74.0,198.0,44.783602428561984,35.28740708601827,42.93513257575758,0.4942341943263846,0.3303571428571428,339.09326171875,93097495.0,121.21640883751938
046,119.83339078874852,1754.6886299531495,0.1083231072608264,-1.0044604514285846,118.0,38.0,61.0,86.0,118.0,155.0,179.0,41.88900368775975,226.0,69.0,188.0,35.60546665251449,28.213602829967297,35.573083287369,0.349560363868906,0.2863070539419087,354.9365918453431,934912186.0,126.94380716632838
047,121.69857549857534,913.3756959764996,-0.400832345813029,-0.5749920539389315,125.0,50.0,73.0,102.0,125.0,145.0,159.0,30.2221060810874,186.0,43.0,136.0,24.8156166264824,18.27734414727945,24.67806267806268,0.2483357422818904,0.1740890688259109,260.6891880341872,275954778.0,125.39505163426097
048,63.9585026940165,4992.141580743236,0.5731169430568086,-1.1800359565823362,34.0,0.0,0.0,0.0,34.0,133.0,167.0,70.65508885241908,251.0,133.0,251.0,63.93011591691758,54.65632441818119,61.861329048114186,1.1047020470513464,1.0,254.66570564324616,192174552.0,95.30389104125678
049,137.34118217054217,1458.6575288350443,-0.4767204808446134,-0.5425563889503566,141.0,46.0,77.0,113.0,141.0,168.0,182.0,38.19237527092344,222.0,55.0,176.0,31.404148037975,23.090462146015177,31.26812015503876,0.2780839269571628,0.195729537366548,380.3788275193587,209715381.0,142.55264939255676
050,133.3671939363981,1148.4851224769725,0.0784901544811994,-0.5683221117528428,134.0,59.0,86.0,109.0,134.0,158.0,177.0,33.88930690464136,238.0,49.0,179.0,27.98960257147485,20.7975096687396,27.982616576042183,0.2541052706020262,0.1835205992509363,375.7531744315276,229836593.0,137.60557234700124
051,160.97267513508484,860.1949828047535,-0.3987412349251795,0.3045191283564223,163.0,71.0,124.0,144.0,163.0,180.0,196.0,29.329080838047982,242.0,36.0,171.0,22.731210440531378,15.136857444598055,22.64605649824628,0.1821991267364827,0.1111111111111111,432.4014557808032,1129688069.0,163.6227280146314
052,137.75552812647896,949.5295239069432,-0.3466710354231694,0.137120062225363,138.0,0.0,96.0,119.0,138.0,160.0,177.0,30.814436939638263,222.0,41.0,222.0,24.376833446447357,17.227486173721093,24.372262198644886,0.223689294787112,0.1469534050179211,481.26760941355576,758746609.0,141.15989180114732
053,139.23317246634474,742.3748406593603,-0.0957161122152038,-0.5243941648112553,140.0,73.0,101.0,120.0,140.0,159.0,175.0,27.246556491772687,217.0,39.0,144.0,22.330668364546835,16.570374075359148,22.329032258064515,0.195690121895044,0.1397849462365591,315.49972059945964,792449248.0,141.87406794655007
054,145.90514874141834,793.4112549549961,-0.1926990369197137,-0.6313026637673995,148.0,71.0,106.0,126.0,148.0,167.0,182.0,28.167556780008383,224.0,41.0,153.0,23.321568919564577,17.358815744072295,23.26807780320366,0.1930538916753964,0.1399317406143344,351.1335776601944,192994265.0,148.59920485726204
055,142.68415029563272,579.2038819167608,-0.2204015507139952,-0.5404547781708176,144.0,86.0,106.0,127.0,144.0,160.0,173.0,24.0666549798006,211.0,33.0,125.0,19.360846677527896,13.973268817833892,19.305931718481784,0.1686708364589618,0.1149825783972125,280.59361887278607,219555560.0,144.69958751670077
056,118.23582121020392,1246.0743693815116,0.396952755731872,0.0224618948991421,117.0,38.0,73.0,92.0,117.0,141.0,163.0,35.29977860244327,255.0,49.0,217.0,28.41382063725204,20.35507910738436,28.40568557171973,0.2985540104608911,0.2103004291845493,404.0399475762512,866590710.0,123.3928028153706
057,112.12102842809342,5331.870176534321,-0.2834562020143926,-1.4151905420138078,132.0,0.0,13.0,28.0,132.0,175.0,199.0,73.01965609706966,239.0,147.0,239.0,65.42194263767156,57.1787133630475,63.96592809364549,0.6512574592008791,0.7241379310344828,421.6869676265301,85647929.0,133.80207469358498
058,149.02816956057836,1094.4422368376872,0.2156358125549353,-0.5629091604118082,149.0,66.0,105.0,121.0,149.0,173.0,192.0,33.08235537016201,251.0,52.0,185.0,27.42252018413686,20.68865408472217,27.422446406052963,0.2219872623256933,0.1768707482993197,433.5479890144669,1201196307.0,152.65594505100057
059,140.6506520905254,616.3824631344185,0.3983608615552344,0.2199039093490298,140.0,83.0,112.0,121.0,140.0,157.0,171.0,24.82705103580404,234.0,36.0,151.0,20.04936191678921,14.41417133313261,20.035385500575373,0.1765157193855374,0.1294964028776978,334.1538376246364,212720651.0,142.8250272068046
060,115.56638509854872,910.3716488991328,-0.2449687295310786,-0.8796516279014557,120.0,46.0,73.0,90.0,120.0,139.0,153.0,30.172365649698943,196.0,49.0,150.0,25.58150691225612,20.00683027278203,25.32835174355642,0.261082542505501,0.2139737991266375,273.00245695256865,131731884.0,119.4401984829447
062,97.6857094708459,362.856226518896,0.5807422300752398,-0.3502452978620947,93.0,64.0,77.0,83.0,93.0,110.0,125.0,19.048785434218527,156.0,27.0,92.0,15.675973229398116,11.45956724719274,15.385743174924166,0.1950007379523982,0.1398963730569948,141.7846414728718,58778371.0,99.52564524453696
063,151.12309008678685,962.1128282951388,0.1237660989499209,-0.9434215927994276,151.0,86.0,109.0,124.0,151.0,175.0,193.0,31.017943650331475,231.0,51.0,145.0,26.17544783176016,20.757612137638088,26.17516196064051,0.2052495328974448,0.1705685618729097,344.52537701683804,194710264.0,154.2734623507041
064,150.08809028808946,1599.6449279538554,0.0617238748866463,-0.8732657354841256,152.0,59.0,96.0,117.0,152.0,180.0,203.0,39.99556135315337,242.0,63.0,183.0,33.810784478605264,26.36639917653496,33.77897237897238,0.2664805800139313,0.2121212121212121,427.3949509950042,406162553.0,155.325721547591
065,130.98446637426898,694.9791081216744,0.2079814122898053,-0.7965116159528227,130.0,79.0,96.0,109.0,130.0,150.0,167.0,26.362456412892836,209.0,41.0,130.0,22.515043223769684,18.032896810239723,22.507127192982452,0.2012639906289801,0.1583011583011583,267.8595863029985,97685649.0,133.6110382396368
066,147.3272292003473,912.9417022965704,-0.0113241675601785,0.8172882379597426,146.0,46.0,112.0,131.0,146.0,165.0,186.0,30.214925157884647,249.0,34.0,203.0,22.823536388887,14.85307282668168,22.806460639223975,0.2050871744611173,0.1148648648648648,470.42612227567264,727493527.0,150.39366398272398
067,146.96324120199276,420.82899589023,0.8226003778372262,0.7232103834318351,142.0,96.0,125.0,132.0,142.0,160.0,174.0,20.5141169902638,236.0,28.0,140.0,16.378388929100133,11.467423284657484,16.053953077293908,0.1395867212949413,0.0958904109589041,323.64876265467865,548097527.0,148.38808328327883
068,106.97199490816514,723.14069598397,0.424676317400463,-0.7580655590718246,101.0,50.0,77.0,86.0,101.0,129.0,145.0,26.89127546220093,183.0,43.0,133.0,23.08249951775321,17.914550669917595,22.699763593380613,0.2513861266706949,0.2,224.27499886342733,133803300.0,110.30026468969363
069,145.61473063973068,935.464109607571,0.3256037319505784,-1.128769330956623,139.0,90.0,110.0,118.0,139.0,173.0,189.0,30.5853577649105,220.0,55.0,130.0,26.963338987518387,21.895121894726223,26.627525252525253,0.2100430198959922,0.1890034364261168,297.62223800504694,263012673.0,148.7921835611296
070,153.55456965394848,801.9659662522463,-0.1860621962742439,-0.8222759364171921,157.0,86.0,114.0,129.0,157.0,175.0,190.0,28.319003623931515,233.0,46.0,147.0,23.641037642629296,18.375730040168303,23.45430346051464,0.184423060074027,0.1513157894736842,354.93291440219826,219818842.0,156.14407394410324
071,118.39554637281915,813.8142730944937,0.0019085316506778,0.1396718401408523,120.0,42.0,81.0,99.0,120.0,137.0,151.0,28.52743018735641,216.0,38.0,174.0,22.484925402917813,15.428269175762791,22.45075757575757,0.2409501967035614,0.1610169491525423,324.53892260674894,258420914.0,121.78390564443583
072,124.96006435321048,1062.6250547042066,0.4654734600406678,-0.0834153752819966,121.0,46.0,85.0,102.0,121.0,147.0,170.0,32.59793022116905,247.0,45.0,201.0,26.29212656908397,19.06845158334701,26.111783154121863,0.2608667848395801,0.180722891566265,395.5616036244039,818938969.0,129.14194801791746
073,150.27248062015278,490.8814713659453,0.1260535539922168,-0.0085048222353885,149.0,92.0,122.0,135.0,149.0,165.0,178.0,22.155845083542747,227.0,30.0,135.0,17.72516163015728,12.537670181217866,17.702228682170542,0.1474378075886468,0.1,319.0787381904089,952441052.0,151.89700425979697
074,153.18551703877802,954.9804189159842,-0.1475350936272848,-0.78894095676088,154.0,73.0,112.0,131.0,154.0,179.0,192.0,30.902757464601507,226.0,48.0,153.0,26.043340695471574,19.81759228925015,26.039512338425386,0.201734198258303,0.1548387096774193,368.4403298509077,166256691.0,156.2715042781431
075,148.96230636833033,558.956410515433,-0.1334537873231372,-0.6635709326251971,150.0,83.0,115.0,131.0,150.0,167.0,178.0,23.6422589977234,209.0,36.0,126.0,19.70186846229489,14.93052118844154,19.673838209982787,0.1587130299880332,0.1208053691275167,295.16713102412285,132170093.0,150.82680507485324
076,124.30246913580216,664.2186223285477,0.3984150491702722,-0.2668323014417866,120.0,66.0,93.0,105.0,120.0,143.0,159.0,25.77243920021052,218.0,38.0,152.0,21.18212780806085,15.760714892605405,20.98708973200843,0.2073365024797196,0.1532258064516129,297.58357563612066,856303774.0,126.94613997907013
077,113.90837376080836,611.9087288074364,0.0578990179453061,-0.2555849129662544,113.0,42.0,83.0,96.0,113.0,131.0,146.0,24.736788975278024,201.0,35.0,159.0,20.05129977250073,14.502993256052989,20.04415584415585,0.2171639200751107,0.1541850220264317,285.46339370460544,2254563216.0,116.56340052366264
078,147.60337288711617,896.0205012777857,1.4643951856344064,1.8859335504621664,139.0,81.0,120.0,128.0,139.0,156.0,193.0,29.933601542042776,255.0,28.0,174.0,21.97135097581724,13.026758024831857,20.593129075121286,0.2027975442331886,0.0985915492957746,403.9455210844352,2936149281.0,150.6080216619657
079,138.6590899907051,642.398893308575,-0.1494326262904631,-0.6132164768828292,141.0,77.0,102.0,120.0,141.0,157.0,171.0,25.345589227882925,210.0,37.0,133.0,20.902779821151597,15.579714320043626,20.845658059562776,0.182790679136737,0.1335740072202166,290.1581716344469,983383523.0,140.95652567497268
080,96.98651218062996,2906.4216243769893,-0.0283783502166972,-0.670620717378982,96.0,0.0,13.0,61.0,96.0,135.0,170.0,53.91123838660163,239.0,74.0,239.0,43.808816825056645,34.255826789865466,43.788770053475936,0.5558632553586016,0.3775510204081632,365.6521158273726,207224511.0,110.96308020842096
081,141.62855813953462,659.2736588512797,0.5181631801849987,-0.5461331959908624,136.0,81.0,112.0,122.0,136.0,160.0,180.0,25.676324870418657,223.0,38.0,142.0,21.303896696585944,16.109933964767176,20.738790697674418,0.1812934143205916,0.1347517730496454,316.3415319767385,445435326.0,143.9372159642352
082,110.12042771999523,523.4424330062513,0.4990851685272988,-0.0375357217483967,106.0,56.0,83.0,93.0,106.0,125.0,141.0,22.878864329469053,194.0,32.0,138.0,18.5269986688008,13.353331387656546,18.37343695220288,0.2077622181748463,0.146788990825688,239.54200051859175,432982524.0,112.47200111245895
083,126.7020894970423,1281.1892264032008,-0.2578437747406559,-0.1210789052517342,129.0,0.0,81.0,102.0,129.0,152.0,173.0,35.79370372570015,224.0,50.0,224.0,28.808313270269817,20.57183128141161,28.758635355029583,0.2825028684829677,0.1968503937007874,446.9427514792916,937455639.0,131.66096121979183
084,177.81986948694862,973.3760813511012,0.0729462591478796,-0.3143049746533992,181.0,102.0,136.0,153.0,181.0,199.0,214.0,31.198975645862177,255.0,46.0,153.0,25.396235106188172,18.441667841031254,25.28251575157516,0.175452696798611,0.1306818181818181,422.25812717988896,289689091.0,180.53609629574515
085,96.59911616161617,2651.4337786801098,0.1170305711585966,-0.9708690207700744,96.0,0.0,28.0,53.0,96.0,136.0,169.0,51.49207491138913,222.0,83.0,222.0,44.00499576999058,34.93832521887037,43.99642255892256,0.5330491308558122,0.4391534391534391,338.38415404042,56942375.0,109.46608160469398
086,141.5718202432491,986.9396264331529,-0.2461705921217779,-0.6264777228114498,143.0,61.0,99.0,119.0,143.0,167.0,181.0,31.415595274212976,241.0,48.0,180.0,26.070706220382085,19.421667674445217,26.03487940630798,0.2219057099091797,0.1678321678321678,400.9692138219249,2040284022.0,145.01558507077752
087,127.5171913835957,689.8922065275834,0.1019445863053393,-0.2248102697135707,129.0,59.0,92.0,109.0,129.0,145.0,159.0,26.26579917930508,227.0,36.0,168.0,21.18861413399436,15.045838764923404,21.163421706710853,0.2059784950900668,0.1417322834645669,337.23366300745704,163674282.0,130.1941869089713
088,92.98889025540096,1427.157052812655,0.3597552884747438,-0.8736329124377908,88.0,0.0,46.0,61.0,88.0,125.0,147.0,37.77773223491128,216.0,64.0,216.0,32.1526581909287,25.522940115368883,31.994178657811663,0.4062607063182699,0.3440860215053763,317.0924086828186,245737296.0,100.3697701688297
089,122.41134113411356,636.0117165631881,0.5981175804816603,0.2088420623700706,120.0,66.0,92.0,104.0,120.0,137.0,157.0,25.219272720742524,222.0,33.0,156.0,19.86606761486314,13.925353158142606,19.774077407740773,0.206020720687247,0.1369294605809128,300.7607823282265,156189861.0,124.98219135066996
090,128.26714338100453,889.3094558294694,0.0515064228114254,-0.900206062495978,127.0,64.0,90.0,104.0,127.0,152.0,168.0,29.82129198793153,200.0,48.0,136.0,25.505375357239927,19.79726149422119,25.495232856618998,0.2324936160724372,0.1875,274.4185803996957,189164022.0,131.68815256868285
091,141.65760761753629,670.5375978472243,0.4803345291672785,0.4408331020752727,139.0,79.0,113.0,124.0,139.0,156.0,175.0,25.89474073720809,232.0,32.0,153.0,20.31550518047364,13.859784877091975,20.228922832771275,0.1827980944526589,0.1142857142857142,340.8750976368764,209074622.0,144.0049144778437
092,156.97893772893775,2009.775426344097,-0.166209886602401,0.1673114666945765,153.0,0.0,105.0,132.0,153.0,186.0,221.0,44.83051891673904,254.0,54.0,254.0,34.65101629902593,23.55189828161496,34.5066391941392,0.2855830187496224,0.1698113207547169,626.2838327037102,232833290.0,163.25489982493576
093,168.4183329671141,469.9789197435015,0.0881538822453929,-0.2963444458172342,167.0,106.0,141.0,154.0,167.0,184.0,196.0,21.67899720336486,239.0,30.0,133.0,17.76217216247188,12.8720430354731,17.74412217095144,0.1287211244846959,0.0887573964497041,352.01767754796026,787360695.0,169.80787319545882
094,121.78785986386048,801.2719265570266,0.0724269043811439,-0.710227185183276,124.0,56.0,83.0,99.0,124.0,142.0,159.0,28.306747014749444,204.0,43.0,148.0,23.70571681071216,18.219526371462543,23.70074314619372,0.2324266724646602,0.1784232365145228,283.93212350902616,500680224.0,125.03421426464185
095,148.45051240560986,677.4708519488707,0.356242767222087,-0.473381770110743,146.0,96.0,118.0,128.0,146.0,166.0,186.0,26.02827024504069,229.0,38.0,133.0,21.53021834477772,15.926033687710923,21.44215210355987,0.1753329767830232,0.1292517006802721,310.51239507484746,168454629.0,150.71504730927464
096,121.44212962962956,1156.2939393800236,0.4189698412236973,-0.167096225655654,120.0,56.0,79.0,96.0,120.0,143.0,163.0,34.00432236319412,223.0,47.0,167.0,28.09965568660406,20.48936614407439,28.093915343915345,0.2800043318319552,0.1966527196652719,319.40078848377,96190324.0,126.11298421796144
097,128.73123376623383,2449.082634841448,-0.1554811584338907,-0.6076829254636014,127.0,0.0,64.0,96.0,127.0,167.0,197.0,49.4882070279521,231.0,71.0,231.0,40.74160824760047,30.07204047518784,40.70279220779221,0.3844304570079623,0.2699619771863117,468.1942968749784,292920523.0,137.9159642021843
098,137.5959160734353,590.559833452684,0.0633417462747765,-0.707907154787335,139.0,86.0,105.0,118.0,139.0,156.0,168.0,24.30143685983781,214.0,38.0,128.0,20.55212382542532,15.890492275885904,20.542899962532783,0.1766145213704458,0.1386861313868613,277.1515548894672,208429640.0,139.72543058992753
099,122.08102244859472,783.1646294771386,0.0014803552040626,-0.7653986941774695,124.0,66.0,83.0,101.0,124.0,142.0,159.0,27.98507869342409,206.0,41.0,140.0,23.208593456768856,17.436015218842773,23.142708922844747,0.2292336526359607,0.1687242798353909,269.1116063006946,166312945.0,125.24751762638412
100,131.02467657930166,459.8787383446357,-0.0313403860927006,-0.0206805848799218,132.0,75.0,102.0,117.0,132.0,145.0,158.0,21.444783476282424,224.0,28.0,149.0,16.933808281627186,11.720904704801075,16.926516297043012,0.1636698066054995,0.1068702290076335,307.35894906651794,839343641.0,132.76801049595912
101,157.61683199999916,636.4326596171221,-0.1465945645647796,0.5494596574089781,158.0,79.0,125.0,145.0,158.0,173.0,189.0,25.22761700234729,242.0,28.0,163.0,18.87781066615882,12.036088351469528,18.870805333333333,0.1600566175720841,0.0880503144654088,403.6867780000168,1194351487.0,159.62298828593998
102,148.70947346600346,687.9574682965614,0.1305159094202589,-0.2469487267821284,149.0,81.0,113.0,129.0,149.0,167.0,182.0,26.22894333168154,255.0,38.0,174.0,21.366936812196784,15.78534947177647,21.36028192371476,0.1763770842593814,0.1283783783783783,406.87835237872906,439996364.0,151.00485080563638
103,101.61743300559048,945.4259145210252,0.232865847741475,-1.0326911374415677,99.0,53.0,61.0,75.0,99.0,127.0,145.0,30.74777901769533,192.0,52.0,139.0,26.562389905329766,21.7095697086698,26.508555041449775,0.3025837015190468,0.2574257425742574,222.84193280676908,467723351.0,106.16745548974394
104,153.63226394221329,1170.538877044154,-0.1183146600779952,-0.9296622391494528,158.0,83.0,105.0,126.0,158.0,180.0,198.0,34.21313895339266,238.0,54.0,155.0,29.0344809999093,22.2624796420392,28.86698770091755,0.2226950125935882,0.1764705882352941,374.3493464079018,380693013.0,157.39571595521338
105,103.71621585715968,959.3953097245364,-0.0505214009657863,-0.1406650284320956,104.0,0.0,64.0,79.0,104.0,127.0,144.0,30.974107085185462,216.0,48.0,216.0,25.65446264040093,19.6133371925457,25.652783682290007,0.2986428576206801,0.233009708737864,353.394525852918,2645761589.0,108.24254589325407
106,91.57436884895073,1203.1441269551085,0.690619652075855,-0.335627510774481,85.0,38.0,53.0,64.0,85.0,117.0,143.0,34.686368027729685,202.0,53.0,164.0,28.66073326456002,21.275420950354174,27.96471972614463,0.3787781282439833,0.292817679558011,237.2051260964824,896380576.0,97.92348623817956
107,166.96808743169484,1361.1172329540627,0.1646075074434125,-0.976070282949868,167.0,93.0,119.0,134.0,167.0,196.0,218.0,36.89332233554011,255.0,62.0,162.0,31.463959962977995,24.816197812490863,31.46338797814208,0.2209603218377454,0.1878787878787878,424.88594262294725,267541054.0,170.99549541889084
108,140.78964401294525,1003.3453134654976,0.7339654392590343,0.1939023720418462,135.0,79.0,106.0,115.0,135.0,160.0,185.0,31.67562648891885,242.0,45.0,163.0,25.6625362637616,18.50561204004283,25.288430420711972,0.2249854860490048,0.1636363636363636,360.87013931029503,102959142.0,144.30893657274757
109,123.4199286139205,861.0212804232286,0.0474773604129208,-0.3073456405588111,125.0,53.0,83.0,104.0,125.0,142.0,163.0,29.34316411744358,210.0,38.0,157.0,23.39337880308888,16.813229704931025,23.350089232599643,0.2377506165088964,0.1544715447154471,305.14065799748744,541063472.0,126.8601594650125
110,133.26169116795907,564.7465136812314,0.9498237267818396,0.17212478906626,126.0,88.0,109.0,115.0,126.0,148.0,170.0,23.76439592502261,221.0,33.0,133.0,19.43026106611326,13.973486962799113,18.52427943048964,0.1783287883917867,0.1254752851711026,278.90577206202227,633184269.0,135.36404562004552
111,143.51276595744616,788.202479446264,0.2541595963778282,-0.5859829843469151,139.0,85.0,109.0,124.0,139.0,166.0,182.0,28.07494397939672,225.0,42.0,140.0,23.229912527928096,17.21583335022354,22.941455044612216,0.1956268056858537,0.1448275862068965,315.9859514413094,311566577.0,146.23308952560348
112,139.85862339980514,644.3312761611663,-0.7613937457054525,5.096223169314792,138.0,0.0,114.0,126.0,138.0,155.0,173.0,25.383681296477985,222.0,29.0,222.0,18.71194595693464,12.57337597426632,18.63430976834645,0.1814952891672273,0.1032028469750889,488.57243710784,1516751565.0,142.1434691269697
113,105.93185380744124,2842.6409390607964,0.1242898533127463,-0.9332428041761004,102.0,0.0,34.0,64.0,102.0,150.0,176.0,53.316422789425744,255.0,86.0,255.0,45.56473290243719,35.92163432218678,45.50570634986112,0.5033086920799313,0.4018691588785046,425.95375321410273,1534249360.0,118.59257392493846
114,102.5088937621838,1294.369235390889,0.6127434817758306,-0.6300826097744667,92.0,34.0,64.0,73.0,92.0,130.0,157.0,35.97734336205063,212.0,57.0,178.0,30.670433683228246,23.50296141834633,29.665813840155945,0.3509680188873808,0.2807881773399014,287.8359946088969,290623345.0,108.63904701228508
115,128.44123001649848,1304.1627433923484,-0.2442893416802959,-0.4959538375641639,129.0,42.0,75.0,108.0,129.0,154.0,177.0,36.11319348094749,222.0,46.0,180.0,28.95443180555623,20.579443275631743,28.947914888775102,0.2811651171225057,0.1755725190839694,364.0356182795599,625787333.0,133.421558646058
116,145.27314770209065,463.2545164528967,0.5872753551206199,0.041479634480332,142.0,98.0,119.0,131.0,142.0,157.0,178.0,21.523348170136,221.0,26.0,123.0,16.950693209487323,11.962836233577708,16.77309952789286,0.1481577876613067,0.0902777777777777,281.07759809470906,223849518.0,146.85891855698233
117,147.623194344842,899.095254120175,0.0088758577033147,-0.6599076189880009,150.0,61.0,106.0,124.0,150.0,171.0,184.0,29.98491711044363,241.0,47.0,180.0,25.283870713658725,19.35112768807625,25.24953044428508,0.2031179263090597,0.159322033898305,417.88651905546914,664481132.0,150.63765386746795
118,118.15049789549305,963.607162517742,0.4709323866921003,-0.805641166309266,112.0,61.0,83.0,93.0,112.0,144.0,161.0,31.042022526210207,200.0,51.0,139.0,26.53519480697248,20.55224495204281,26.09834719228005,0.2627328964256047,0.2151898734177215,258.66794910044894,290732756.0,122.16033446037504
119,136.347159468439,819.0300949213864,0.1887132266714307,-0.28035746892678,136.0,71.0,98.0,115.0,136.0,156.0,174.0,28.61870183850739,244.0,41.0,173.0,23.280278585239166,17.134877815464726,23.27453488372093,0.209895841982186,0.1512915129151291,371.1785317172224,1168456595.0,139.3182615095136
120,117.91410941999224,663.5625117428541,0.685194549455018,0.1657165733086665,114.0,61.0,90.0,98.0,114.0,135.0,154.0,25.759707136201182,211.0,37.0,150.0,21.19596916355349,15.828724494823096,21.01077745783628,0.2184616180617452,0.1587982832618025,278.62318747427304,177065528.0,120.69506912899404
121,157.05265866209228,662.1171241493606,0.0386204925144339,-0.9645686218807668,158.0,98.0,124.0,135.0,158.0,178.0,192.0,25.73163663954084,216.0,43.0,118.0,22.05920368120708,17.48664928570555,22.056603773584907,0.1638408216629042,0.1373801916932907,291.3409626929608,295320454.0,159.14664532116635
122,120.44750447405096,759.6648222670738,0.594201872498505,0.022698619490943,117.0,73.0,86.0,99.0,117.0,140.0,158.0,27.56201774665769,240.0,41.0,167.0,22.735673044641,17.036730154037688,22.53181547027242,0.228830127008531,0.1715481171548117,316.777035382345,153558163.0,123.56077919911924
123,133.8614718614722,2671.1292948033038,-0.6844100269297877,0.4831247007286809,139.0,0.0,59.0,112.0,139.0,167.0,195.0,51.68296909817879,255.0,55.0,255.0,38.780409849886944,24.31480702095068,38.52489177489178,0.3860929390621327,0.1971326164874552,537.2282873376591,190251812.0,143.4922400122144
124,123.85538933640188,723.7798165630303,0.9757767074918744,-0.0150727900544382,114.0,66.0,98.0,105.0,114.0,140.0,167.0,26.90315625652556,205.0,35.0,139.0,21.975800156813808,15.5420548020053,20.32355197545071,0.2172142560825857,0.1428571428571428,271.0415857547091,167514738.0,126.74358873029732
125,129.77653522947622,601.7518088098604,0.2180880104950807,-0.5771959557710789,130.0,79.0,98.0,110.0,130.0,146.0,164.0,24.530630012493777,203.0,36.0,124.0,20.037819463326727,14.903784346807978,20.03703943115708,0.1890220752859344,0.140625,253.35398755657172,269854053.0,132.07460355790352
126,153.55389502676044,1032.066068128178,0.7837016851676291,0.3385632304225425,148.0,59.0,118.0,129.0,148.0,173.0,199.0,32.12578509745992,255.0,44.0,196.0,25.55471614156241,17.882967834447268,25.17947795061188,0.20921504525731,0.1456953642384106,469.3707542408504,1572683479.0,156.87850313544345
127,148.40696875000026,861.8709701865188,0.0298404383993922,-0.988958642697206,150.0,88.0,109.0,122.0,150.0,173.0,186.0,29.357639043126728,233.0,51.0,145.0,25.243678199232168,20.078258734632684,25.23103125,0.1978184669520559,0.1728813559322033,338.4173266601585,732367979.0,151.28284550387727
128,156.3843798385309,924.6560358712323,0.3431351849801986,-0.0836493436866239,152.0,75.0,122.0,136.0,152.0,177.0,199.0,30.40815739026672,253.0,41.0,178.0,24.337373666441533,17.135518179587148,24.12593314532183,0.194444978594816,0.1309904153354632,437.7155403689288,3671881013.0,159.31330858830734
129,131.87223630337309,854.0860160751771,0.6421437274450563,-0.0782867632125263,128.0,77.0,96.0,108.0,128.0,151.0,173.0,29.22475006009764,241.0,43.0,164.0,23.89504244497863,18.10626612040791,23.665763306687463,0.2216141234828677,0.166023166023166,340.46092440047386,935753877.0,135.07173177141033
130,147.98415657036384,303.8648209542558,0.1242635939562249,-0.3949631169161711,148.0,101.0,125.0,136.0,148.0,159.0,173.0,17.43171881812737,194.0,23.0,93.0,13.838816996123768,9.981016735766811,13.838562700631666,0.1177944938304182,0.0779661016949152,216.37523299161265,214416065.0,149.00729987754326
131,175.84231697505993,932.7026233256424,0.138766714892856,-0.2476140938123263,175.0,61.0,139.0,154.0,175.0,197.0,215.0,30.54018047303654,255.0,43.0,194.0,25.017539422158563,18.15950796427615,25.001501743094664,0.1736793565872321,0.1225071225071225,533.9722864709225,593903344.0,178.47471266956347
132,110.39990942029053,796.8457336874283,0.724292501128796,-0.0836893764520789,106.0,59.0,79.0,88.0,106.0,128.0,151.0,28.22845609818979,215.0,40.0,156.0,23.24094678086482,17.195161681866413,22.99969806763285,0.2556927469090989,0.1851851851851851,271.5174082880462,344050182.0,113.95168157467292
133,111.29280639928388,862.0719810316623,0.4815967889706026,-0.4582087707238265,106.0,59.0,75.0,88.0,106.0,132.0,153.0,29.361062328050437,210.0,44.0,151.0,24.205904726845425,17.82015110403418,23.91724002908765,0.2638181503188274,0.2,264.9269163939544,473674739.0,115.10065480812942
134,161.85563665855608,1369.564520133999,0.6733709580242796,0.2096031658848054,156.0,38.0,122.0,136.0,156.0,180.0,220.0,37.00762786418496,255.0,44.0,217.0,28.739526333479738,19.012566064687437,28.18390105433901,0.2286459009287067,0.1392405063291139,545.4946395985006,271919030.0,166.03256198192153
135,148.64800838574416,723.8629782137832,0.3436728747961503,-0.0932351765541374,148.0,46.0,115.0,129.0,148.0,166.0,185.0,26.90470178637524,254.0,37.0,208.0,21.729283388053094,15.653988781728374,21.70075471698113,0.1809960461532526,0.1254237288135593,486.3212788260047,544259227.0,151.06320986680396
136,140.2521903859812,1014.7692202791758,-0.1151796446042947,3.2175279964463144,140.0,0.0,106.0,124.0,140.0,156.0,171.0,31.855442553497443,254.0,32.0,254.0,22.482280570710707,13.512724975858545,22.477622543215723,0.2271297329890509,0.1142857142857142,560.4748068612572,174709278.0,143.82435860571317
137,145.81345848757218,586.3598347337395,0.4721845934624902,0.1824898828207706,141.0,83.0,118.0,130.0,141.0,163.0,179.0,24.21486805113213,234.0,33.0,151.0,19.66854496836073,14.350093985149288,19.324034902168165,0.1660674419377823,0.1126279863481228,346.2414004660302,165257701.0,147.81043437741744
138,116.42984385037344,883.6170947178935,-0.043613477770639,0.0755640124492109,118.0,46.0,75.0,98.0,118.0,135.0,152.0,29.725697548045755,224.0,37.0,178.0,23.3074491431271,15.91068147884426,23.24424321786826,0.255309949451164,0.1587982832618025,326.5708305794784,1168850721.0,120.16457728357464
139,126.0082177709296,811.1634661097478,0.4298650282063279,-0.5190923134568974,120.0,66.0,95.0,105.0,120.0,148.0,166.0,28.48093162292533,231.0,43.0,165.0,23.945023502890365,18.045203388288733,23.596199280945044,0.2260243984618592,0.1699604743083003,327.3816207627532,324939394.0,129.1868198072689
140,80.02638270820076,4899.979914251509,0.1536536315474108,-1.4269606970731936,86.0,0.0,0.0,0.0,86.0,141.0,171.0,69.9998565302209,240.0,141.0,240.0,63.75007210708029,58.162448615804,63.57734689552871,0.8747097414793886,1.0,303.75317863950244,106689057.0,106.32122010027412
141,90.01611570247935,4761.793187745768,0.0055060581488042,-1.3563973072721545,96.0,0.0,0.0,13.0,96.0,152.0,181.0,69.0057474979133,238.0,139.0,238.0,60.51309626256991,55.736839491666814,60.31017316017316,0.7665932589892084,0.8424242424242424,338.3962250344286,653783763.0,113.42263563287491
142,113.76076714613312,1665.3865866951878,0.4549374101745628,-0.8225488162449741,101.0,38.0,71.0,85.0,101.0,149.0,176.0,40.809148321120205,218.0,64.0,180.0,34.707720544365515,26.451643832056103,33.342464040025014,0.3587277876624917,0.2735042735042735,322.687617260766,350346466.0,120.8590035056218
143,142.41818741818696,661.9785804367353,0.3453693645863199,-0.1850126757543035,141.0,86.0,110.0,122.0,141.0,160.0,177.0,25.728944409686445,242.0,38.0,156.0,21.197001350072764,15.835647890311526,21.18041118041118,0.1806577156760024,0.1347517730496454,349.21696696693004,272011659.0,144.72359409549878
144,106.28810733643,717.333789071734,-0.5320552038616231,3.6584034570786574,102.0,0.0,83.0,92.0,102.0,121.0,141.0,26.78308774341999,218.0,29.0,218.0,19.318013075525187,12.660034694070273,18.93045634920635,0.2519857434157184,0.136150234741784,365.44650562271215,4965350721.0,109.61065436458397
145,141.28631800020264,446.07202773990576,0.1295922023555156,0.5384912996302003,141.0,73.0,114.0,129.0,141.0,154.0,168.0,21.120417319264924,235.0,25.0,162.0,16.16213975965607,10.642632998448391,16.15677184714681,0.1494866425723871,0.0883392226148409,360.14694239188617,796805879.0,142.85620631178367
146,140.7684054753982,737.8795863217052,0.5708261771028069,0.125180487558822,136.0,56.0,110.0,121.0,136.0,157.0,180.0,27.163939079627337,255.0,36.0,199.0,21.688182311783773,15.13601793071238,21.353311135775066,0.1929690045709491,0.1294964028776978,440.7816870144304,1111128890.0,143.36534995042456
147,117.48811467537456,767.8976209365318,0.2924481387766982,-0.5071799643486452,115.0,59.0,81.0,96.0,115.0,137.0,156.0,27.710965716418688,226.0,41.0,167.0,22.770612178008545,17.208822608448408,22.71588071456012,0.2358618639254315,0.1759656652360515,309.17281310777645,1213735562.0,120.7118664875599
148,141.5546218487368,928.2055925848856,0.1834654561932846,-0.2590286817222518,140.0,28.0,105.0,118.0,140.0,163.0,181.0,30.46646669019704,255.0,45.0,227.0,25.217702194660625,18.78023555942403,25.205422314911367,0.2152276364579113,0.1601423487544484,505.317100380306,2050844026.0,144.79612066393375
149,125.441392725151,1242.69367664426,0.0246221010269191,-1.1075205070324363,129.0,64.0,77.0,92.0,129.0,154.0,171.0,35.25186061251604,221.0,62.0,157.0,30.532227045607783,24.357285286599485,30.417117292355574,0.2810225544111648,0.2520325203252032,310.1235757877814,872851148.0,130.30056287472345
150,149.24048442906636,573.8282449922721,0.3692615350718432,0.266844751932314,148.0,71.0,119.0,132.0,148.0,165.0,180.0,23.954712375486206,255.0,33.0,184.0,19.147495416792196,13.68200143180727,19.10020354162426,0.1605108189451892,0.1111111111111111,431.7766054344713,1122451023.0,151.15075400941436
151,99.77438596491236,1058.4066421668144,-0.3927569616398486,-0.066615696390567,104.0,22.0,46.0,83.0,104.0,122.0,138.0,32.533162191321246,180.0,39.0,158.0,25.33185324715573,16.82029376053316,25.121754385964916,0.3260672754504565,0.1902439024390244,247.7676480263133,62776008.0,104.94443642633996
152,110.56641042067072,648.7049106041286,0.5413299313287923,0.0266862516728747,108.0,53.0,81.0,92.0,108.0,127.0,145.0,25.46968611122109,210.0,35.0,157.0,20.662194186967543,15.00630935562064,20.5039860488291,0.2303564528713275,0.1598173515981735,273.6126642688051,361723425.0,113.4620466231607
153,129.92756554307087,524.9596221633108,0.3876534451228735,-0.2779177785828457,128.0,71.0,102.0,113.0,128.0,145.0,163.0,22.91199734120338,224.0,32.0,153.0,18.64044130790573,13.853772287718092,18.566666666666663,0.1763443903950318,0.1240310077519379,312.97856566012354,464743722.0,131.93230048063424
154,137.9427281808431,498.0937268572199,0.1125039470961067,-0.0904381681478674,137.0,75.0,109.0,124.0,137.0,152.0,167.0,22.318013506072173,208.0,28.0,133.0,17.743394373410876,12.266289638655577,17.737430167597765,0.1617918813147818,0.1014492753623188,288.7242880332237,527776092.0,139.73650197722534
155,145.85074025073914,1161.5410302906223,-0.8688858521284202,2.1921520896567728,148.0,13.0,106.0,132.0,148.0,164.0,184.0,34.081388326924454,255.0,32.0,242.0,24.084022128218788,13.980116138814774,23.91953631953632,0.2336730569096425,0.1081081081081081,555.0842125779227,1780472780.0,149.77976986889607
156,119.5638541099624,1739.789254171411,0.5129336324873442,-0.5770144472397414,113.0,38.0,69.0,86.0,113.0,148.0,183.0,41.71078103046514,235.0,62.0,197.0,34.77923710553848,26.302836473498918,34.46396298312466,0.3488577826548139,0.2649572649572649,371.0908410452095,589137086.0,126.63058265600642
157,121.60627097072694,2012.8513602661856,-0.3473870548455133,-0.5666192197491489,128.0,0.0,59.0,90.0,128.0,155.0,176.0,44.8648120498257,244.0,65.0,244.0,36.968626608114526,27.064669767421552,36.67841027421034,0.3689350203052074,0.2653061224489796,467.4183961490872,1742525930.0,129.61842654372944
158,149.88402803094786,566.794546613689,0.3480499109723776,-0.5907725486032351,148.0,90.0,121.0,131.0,148.0,167.0,183.0,23.807447293099045,220.0,36.0,130.0,19.989499351355693,15.182813470753546,19.907967756308988,0.158839121191641,0.1208053691275167,306.39226237493546,1137182778.0,151.76302713571428
159,111.40997706422031,603.2743882257673,0.6296805640918558,0.2069151779129132,109.0,66.0,81.0,90.0,109.0,129.0,142.0,24.56164465636956,202.0,39.0,136.0,20.373060848203025,15.797088882152597,20.2842125382263,0.2204618051596172,0.1780821917808219,238.78875191130865,68096873.0,114.0853074575155
160,122.29150459372298,1779.970185553906,-0.6455680419071096,-0.2281426619434525,133.0,0.0,61.0,93.0,133.0,155.0,167.0,42.189692882905725,255.0,62.0,255.0,34.91868567009232,25.68237028353011,34.01936523087937,0.344992835136573,0.25,491.0083512930492,1402575627.0,129.3645325479541
161,154.31810344827565,494.6893274375796,0.7967068234674475,0.1373103675402776,151.0,113.0,128.0,137.0,151.0,165.0,189.0,22.2416125188256,220.0,28.0,107.0,17.388051922316624,12.047106460960348,17.205172413793104,0.1441283428310181,0.0927152317880794,259.407020025142,169189014.0,155.9126883204518
162,109.82154021028737,936.3478622483684,0.4821900221745841,0.6198504793959545,110.0,46.0,69.0,90.0,110.0,128.0,147.0,30.59980167008225,242.0,38.0,196.0,23.76970342704309,16.48445314727038,23.76675191815857,0.2786320571673776,0.1743119266055046,339.2640807047392,457368602.0,114.00490584359986
163,168.15184937611394,869.7237109291945,0.337452765483561,-0.4609737232595554,166.0,90.0,131.0,146.0,166.0,189.0,209.0,29.491078497220045,253.0,43.0,163.0,24.27240605567762,18.01598601020284,24.190842245989305,0.1753836107461168,0.1283582089552238,430.1599804339269,261603439.0,170.71838846338886
164,122.91039253539168,852.8767400120767,0.213193269754285,-0.5719466422413415,122.0,59.0,85.0,99.0,122.0,144.0,162.0,29.20405348598165,222.0,45.0,163.0,23.95654568880916,17.688556849026966,23.93660056160056,0.2376044277750754,0.1851851851851851,315.56766834303875,1091270111.0,126.3322656062826
165,140.76209794262516,1139.4438050709186,0.4792347663009923,0.4387366554561573,137.0,50.0,99.0,120.0,137.0,159.0,187.0,33.75564849134021,255.0,39.0,205.0,25.68645289362148,16.637450653055275,25.43961492643034,0.2398063753290965,0.1397849462365591,453.0520667318791,650792024.0,144.75293441681995
166,125.37391657638108,1236.5608454765918,0.2569958271759533,-0.6203898000495407,124.0,13.0,81.0,99.0,124.0,148.0,178.0,35.164767103972004,217.0,49.0,204.0,28.794856645428663,21.23081551128077,28.7553719754424,0.2804791304621061,0.1983805668016194,402.785490587769,751182286.0,130.21205705762443
167,122.10751104565452,366.1693719374488,-0.4717669935783509,0.3135729828612978,126.0,61.0,93.0,110.0,126.0,134.0,142.0,19.135552564204904,193.0,24.0,132.0,15.00920710274009,10.34958135910301,14.604101892761689,0.1567106920806071,0.0983606557377049,253.865590737996,280062491.0,123.59778972822404
168,159.7001614205,757.8084355402639,-0.1960616234462328,-0.3936916022592109,161.0,98.0,119.0,143.0,161.0,178.0,194.0,27.52832060878876,231.0,35.0,133.0,22.000123646604305,15.3093047482661,21.964386602098468,0.1723750330865668,0.1090342679127725,333.90638241525625,1561850690.0,162.0553917439162
169,169.32827832292625,696.895801585322,0.6310036505159395,0.0646294423586333,166.0,117.0,137.0,150.0,166.0,185.0,205.0,26.39878409293356,243.0,35.0,126.0,20.9012780897652,14.540937583368782,20.69268510258697,0.1559029853394504,0.1044776119402985,335.1195361284365,131690424.0,171.37374840211558
170,130.32543554006932,1957.5162171448228,-0.2999125618141472,-0.394925045136993,137.0,0.0,64.0,101.0,137.0,161.0,182.0,44.24382688177892,253.0,60.0,253.0,36.04910099673784,26.21083886337607,35.66219512195122,0.3394872742871125,0.2290076335877862,519.0583977569416,217456862.0,137.63079366861786
171,119.03737070403764,907.2822203807538,0.4403185927487607,-0.0771420192170553,115.0,64.0,83.0,98.0,115.0,139.0,159.0,30.12112581529372,220.0,41.0,156.0,24.292892937425,17.099742921195052,24.13913913913914,0.253039240006265,0.1729957805907173,292.32147772772964,90372604.0,122.78916012625535
172,113.19768585582128,637.3279106631438,0.0332967863788481,-0.432891150674525,114.0,50.0,81.0,95.0,114.0,131.0,146.0,25.24535423920892,200.0,36.0,150.0,20.74269605932041,15.138861475652536,20.740615555197884,0.2230200560050641,0.1592920353982301,267.6424013493068,1504284054.0,115.97863593686766
173,145.4847424684158,640.7714387334855,-0.3094895007975882,-0.8240126404483492,148.0,83.0,106.0,126.0,148.0,165.0,177.0,25.31346358627135,203.0,39.0,120.0,20.93015933458978,15.813040403106628,20.73255587949465,0.1739939402358072,0.134020618556701,274.6217201166182,224389726.0,147.67051746992286
174,99.091574367089,1156.4303502903474,0.2334796856039601,-0.1397310936952087,98.0,13.0,56.0,75.0,98.0,122.0,141.0,34.006328091847074,227.0,47.0,214.0,27.566566871916145,19.73883546430181,27.54717167721519,0.3431808234862549,0.2385786802030456,334.66235351562705,887879748.0,104.7643568244401
175,130.915585415354,1348.4922093308069,0.1640598069301964,-0.478244792121961,128.0,0.0,79.0,106.0,128.0,159.0,180.0,36.72182197727677,242.0,53.0,242.0,29.95566343367599,21.92844739842514,29.862019735460844,0.2805000020491828,0.2,498.7929464973228,1320831058.0,135.96831511045426
176,126.58182034543788,745.268635228415,0.4685066809037539,-0.813308587873288,121.0,79.0,95.0,104.0,121.0,148.0,167.0,27.299608701012826,207.0,44.0,128.0,23.3337610094862,18.534505530662425,23.097290221678225,0.2156676892978235,0.1746031746031746,255.14949680402836,986374119.0,129.4921846181961
177,167.2893518518517,1536.367664394725,0.1117396616523342,-1.0158677900165638,165.0,71.0,114.0,136.0,165.0,200.0,223.0,39.19652617764392,253.0,64.0,182.0,33.338102280520275,26.42397049129605,33.28472222222222,0.2343037721393984,0.1904761904761904,478.2384403935536,63767725.0,171.81994909616114
178,144.7678362573103,1083.6814383424426,-0.4752959117345977,0.4072343735636248,148.0,13.0,101.0,124.0,148.0,170.0,182.0,32.91931710018363,244.0,46.0,231.0,26.421564241991423,18.99010268503098,26.337844611528823,0.2273938600675971,0.1564625850340136,526.0569078947467,527671304.0,148.46348996627336
179,117.81407781407792,814.9182098935557,0.1365692109725484,-0.8936071111887616,117.0,64.0,77.0,95.0,117.0,140.0,158.0,28.546772320063717,184.0,45.0,120.0,24.060180622401862,18.68884313485904,24.05969705969706,0.2423035756822991,0.1914893617021276,222.4673299673317,98956636.0,121.2232450525688
180,134.56175595238065,1712.0961862023432,-0.3862585715250567,-0.2617739358312829,136.0,0.0,79.0,105.0,136.0,166.0,188.0,41.3774840487232,226.0,61.0,226.0,33.3326887135104,24.460499180526845,33.28407738095238,0.3074980982216527,0.2250922509225092,478.4638811383214,133183427.0,140.77983645107162
181,128.07181571815724,494.8932164863655,0.3159013865124574,-0.1534928737279606,129.0,83.0,98.0,109.0,129.0,141.0,158.0,22.246195550843417,204.0,32.0,121.0,17.74481587973113,12.819955632423632,17.730352303523034,0.1737009460364001,0.128,243.89510818937876,49880780.0,129.98955034091
182,119.09141844997076,777.2377748243254,0.1096840631665285,-0.3614374029589275,118.0,38.0,85.0,99.0,118.0,140.0,157.0,27.878984465441444,203.0,41.0,165.0,22.896792185597143,17.029074252857352,22.866071428571427,0.2340973415910161,0.1715481171548117,309.53464170492214,413853543.0,122.31109403177798
183,126.14264633546463,923.082783683908,0.832925917008632,0.3853321615168306,121.0,69.0,90.0,104.0,121.0,145.0,169.0,30.382277460452304,231.0,41.0,162.0,24.185925990626444,17.32504083398434,23.832923430070505,0.240856509222531,0.1646586345381526,321.63725098373703,102676970.0,129.749951862026
184,142.95082358558176,1351.960818729671,-0.1522411024002422,-1.2269962483531376,151.0,79.0,90.0,109.0,151.0,172.0,188.0,36.76901982280288,218.0,63.0,139.0,32.542032096364565,26.76819209714349,32.263547386010984,0.2572144664895198,0.2241992882562277,312.30255953093143,91265319.0,147.6038576139718
185,114.91783963189177,1597.863793537588,0.0305833200640762,-0.0058665965067796,114.0,13.0,61.0,92.0,114.0,139.0,169.0,39.973288500417226,255.0,47.0,242.0,31.02233709621436,21.067003270787342,31.011148827034773,0.3478423248162413,0.2034632034632034,438.29242569959945,1962562788.0,121.67158114859409
186,109.58289869723818,2552.4621997144445,-0.4857364400932792,-0.175908723039496,119.0,0.0,28.0,79.0,119.0,146.0,164.0,50.521898219627936,255.0,67.0,255.0,40.56429380121613,28.55522090125204,39.9999042651778,0.4610381621608011,0.2977777777777777,440.59592503534975,3802397485.0,120.66844611000847
187,145.03576388888857,883.2305496479596,-0.2275220842121067,0.546157344836363,145.0,28.0,110.0,127.0,145.0,164.0,182.0,29.71919496971544,234.0,37.0,206.0,23.248640407980737,15.90590696295962,23.24837962962963,0.2049094249090398,0.127147766323024,470.0088415075501,378753466.0,148.04932744352973
188,122.23701690821277,1450.0377239513896,0.4025205068399837,-1.0881154974126512,112.0,66.0,79.0,88.0,112.0,155.0,175.0,38.07936086584687,220.0,67.0,154.0,33.992989188779234,28.402430853291325,33.653985507246375,0.311520698304021,0.2757201646090535,296.2982289779571,108580118.0,128.03095729771783
189,151.86639839034223,599.8010640907788,0.4045585718063204,-0.3376984466144561,148.0,101.0,121.0,135.0,148.0,169.0,186.0,24.490836328936968,221.0,34.0,120.0,19.982559501880917,14.407853922548886,19.708651911468813,0.1612656689598193,0.1118421052631579,286.456991951689,117606124.0,153.82848898739425
190,114.58168940511231,854.0035898696342,0.1160684806423944,-0.7183816328187449,117.0,53.0,77.0,90.0,117.0,136.0,151.0,29.22333981374535,224.0,46.0,171.0,25.00194105595053,19.47725425124456,24.9719610373648,0.2550437156710441,0.2035398230088495,308.7921174986173,910123365.0,118.24959677224872
191,117.7474398361494,3830.469111469137,-0.2700838924728074,-1.3380089746884898,131.0,0.0,28.0,53.0,131.0,174.0,189.0,61.89078373610353,241.0,121.0,241.0,54.91806213948907,47.309264014010544,54.152201740911416,0.5256231797670268,0.5330396475770925,447.0416766673188,138232783.0,133.02228647650276
192,155.8188153310103,1014.722523036578,0.4464789511456962,0.1333569412624071,153.0,53.0,118.0,132.0,153.0,176.0,199.0,31.85470958958154,255.0,44.0,202.0,25.11312161474942,17.475867792747074,24.9927824788452,0.2044342945485221,0.1428571428571428,493.45117284720175,406528796.0,159.04158492103917
193,90.32471264367834,3708.6824927335088,-0.1100166929353874,-1.2521788529345124,99.0,0.0,0.0,28.0,99.0,144.0,165.0,60.898953133313455,202.0,116.0,202.0,52.991689787287925,48.98352277089715,52.56781609195402,0.6742224951609149,0.6744186046511628,288.0595096982947,41297982.0,108.93684503829066
194,153.99076116673237,654.451373059803,0.5967319604305261,0.7918335945964907,150.0,69.0,127.0,139.0,150.0,165.0,194.0,25.582247224585316,255.0,26.0,186.0,19.13816620930057,12.189293878165982,18.788166751513096,0.1661284549200086,0.0855263157894736,450.0491172436462,1292384714.0,156.1012680850783
195,98.81144639934426,2859.5800060503443,-0.3928223015606032,-0.7194574645042264,109.0,0.0,13.0,64.0,109.0,139.0,160.0,53.47504096352189,246.0,75.0,246.0,44.23773905237833,33.76543041437132,43.501728723404256,0.54118265557417,0.3694581280788177,383.5628426759697,1234052043.0,112.35337976928426
196,141.59967166979405,700.3348122749343,0.1292946806770462,0.2914809551318735,140.0,42.0,110.0,124.0,140.0,159.0,175.0,26.46383971148054,231.0,35.0,189.0,21.34253328182334,15.076432748538297,21.316369606003757,0.1868919567355592,0.1236749116607773,420.9539788051077,88481419.0,144.05138607201354
197,99.94842924659444,742.2529701488088,0.7621953224764703,-0.0486078677892516,93.0,42.0,69.0,79.0,93.0,118.0,142.0,27.244319961210422,196.0,39.0,154.0,22.04304009351791,16.0056679545994,21.307617458993604,0.2725837731175623,0.1979695431472081,242.8412652905265,231616761.0,103.59508424153285
198,143.3597796788946,576.2142243508366,-0.0902649493833418,0.2029171482223111,144.0,73.0,115.0,128.0,144.0,159.0,173.0,24.004462592418864,217.0,31.0,144.0,18.90846617517807,13.105436951533564,18.90782843079808,0.1674421001914583,0.1080139372822299,324.795133598963,721149110.0,145.35556629841113
199,144.41794019933565,454.20074127217015,0.6681945174364338,-0.3667454931943705,139.0,108.0,121.0,127.0,139.0,160.0,175.0,21.311985859421224,208.0,33.0,100.0,18.05568856855803,13.86565449037164,17.740199335548173,0.1475715955372646,0.1149825783972125,226.8900539867221,64145334.0,145.9819927000965
200,124.39003696236522,771.4810196895028,1.2561686253809632,1.1784794769198037,117.0,83.0,96.0,106.0,117.0,135.0,168.0,27.775547153737637,234.0,29.0,151.0,21.12538873656839,13.263379443026132,19.886676747311828,0.2232939858530732,0.1203319502074688,295.7955414146114,193372889.0,127.45337310243372
201,126.12072273744788,1831.7201557936216,-0.4291784942289571,-0.4496215443432385,130.0,0.0,64.0,98.0,130.0,160.0,178.0,42.79859992796052,240.0,62.0,240.0,34.987521573236606,25.73002478832141,34.79794265003731,0.3393462945582433,0.2403100775193798,476.60637192191257,332803299.0,133.18467201449968
202,95.833483146067,1004.060736556848,1.3370278115847007,1.50739838901291,85.0,38.0,66.0,75.0,85.0,112.0,139.0,31.686917435384085,210.0,37.0,172.0,24.557088852419152,16.177612207328732,23.10344569288389,0.3306455780918207,0.1978609625668449,260.1975093633023,136011365.0,100.93620375496802
203,156.1522550776578,515.5426537159142,0.6814449438850789,-0.2105054642944268,151.0,99.0,131.0,140.0,151.0,170.0,191.0,22.705564377832896,235.0,30.0,136.0,18.44506874725173,13.204904536586431,17.95133910792513,0.1454065736453242,0.0967741935483871,333.88612915670734,1000345013.0,157.79438969606608
204,105.02289562289576,860.8762434672168,0.1596462529541777,-0.458010273453826,102.0,38.0,69.0,85.0,102.0,127.0,145.0,29.340692620782093,186.0,42.0,148.0,24.121391694725048,17.822681353323713,24.032323232323236,0.2793742492697526,0.1981132075471698,244.8867424242463,35315334.0,109.04441686067584
205,156.1860465116269,1196.9344641297275,0.4533818874337877,-0.4003899771485835,153.0,56.0,114.0,129.0,153.0,180.0,205.0,34.59674065760715,255.0,51.0,199.0,28.285322033293053,20.90310626002041,28.13953488372093,0.2215098046868846,0.1650485436893204,488.1400899246148,200275288.0,159.97192125201877
206,129.08235294117733,811.4105243058093,0.2478070816845146,-0.5184429223614173,127.0,59.0,92.0,106.0,127.0,151.0,167.0,28.485268548950163,255.0,45.0,196.0,23.70527111990326,18.039005704402484,23.65972022955524,0.2206751573697364,0.1750972762645914,398.29284433287495,1948663050.0,132.18798873247258
207,122.24588349245832,781.0787415295389,0.4802607469807251,-0.5200531050013266,119.0,59.0,88.0,98.0,119.0,142.0,161.0,27.94778598618393,200.0,44.0,141.0,23.248796538065765,17.843400748830405,23.10765186107652,0.2286194445795641,0.1833333333333333,271.43417587692824,227291098.0,125.39989941136854
208,126.688145994832,2418.7992264076306,-0.7230029036575338,-0.0805438408586622,137.0,0.0,59.0,93.0,137.0,166.0,182.0,49.18128939350442,219.0,73.0,219.0,40.087465425928585,28.830051097149333,39.17361111111112,0.3882075075556846,0.2818532818532818,436.08182685320094,114358101.0,135.89954216999962
210,103.39227561992534,956.7995541149425,0.4839987554235513,-0.5486342604252488,101.0,50.0,66.0,75.0,101.0,126.0,147.0,30.93217667922745,208.0,51.0,158.0,25.849098093747077,19.842960570941347,25.733157779240727,0.2991729942470318,0.2537313432835821,257.69578533026856,265371477.0,107.92016591898646
211,125.17022222222263,1708.5957651357992,-0.7361221298690197,-0.0732060441300888,134.0,13.0,61.0,104.0,134.0,155.0,169.0,41.33516378503658,233.0,51.0,220.0,32.98052775857325,22.856964417162125,32.11540740740741,0.3302316082147049,0.1969111969111969,433.63069444444665,351867651.0,131.81874030765238
212,120.7068125442948,755.8971647869655,0.5098741668520843,-0.4227528967537117,118.0,73.0,86.0,98.0,118.0,139.0,159.0,27.49358406586827,212.0,41.0,139.0,22.794915161897283,17.12002545382258,22.693081148121895,0.2277716020028213,0.1729957805907173,264.31149229269647,346000493.0,123.79835119819046
214,148.16013030148207,2868.9755718787987,-0.8462810740659207,0.2858414381343985,159.0,0.0,75.0,117.0,159.0,189.0,207.0,53.562818931408,244.0,72.0,244.0,43.01843605648488,30.31015771950893,42.15591466530404,0.3615197882346368,0.2352941176470588,568.4343502490731,388588179.0,157.54491354160206
215,130.73137372926666,776.2866213606015,0.1980249565983467,-0.3260462130518662,129.0,69.0,93.0,113.0,129.0,150.0,168.0,27.861920633018133,221.0,37.0,152.0,22.256428742566808,15.75924762877407,22.19238228999465,0.2131234441911224,0.1406844106463878,312.84438118647773,534294131.0,133.66741823833462
216,90.95246032368482,1466.3660891308214,0.6075734857416072,0.0247306974847392,77.0,0.0,56.0,64.0,77.0,120.0,148.0,38.29315982170734,235.0,56.0,235.0,31.811609717933948,23.753750078434088,29.90311004784689,0.4210239028766049,0.3043478260869565,337.6152832452472,1489906703.0,98.68493364269102
217,126.65291405023588,2507.545494844228,-0.564012933265328,-0.044509267866784,133.0,0.0,50.0,101.0,133.0,161.0,187.0,50.07539809970788,240.0,60.0,240.0,39.51768601716056,27.094952377105365,39.2365090266876,0.3953750174263331,0.2290076335877862,478.60975520018354,378092749.0,136.19290044734564
218,149.013198458574,939.4750666484672,-0.4163124667227801,-0.5824568680212643,156.0,53.0,102.0,125.0,156.0,172.0,183.0,30.65085751897436,250.0,47.0,197.0,25.53603496174904,19.40731721303702,24.902922286448295,0.2056922328762399,0.1582491582491582,461.7345656711656,720716877.0,152.13286423880572
219,150.88941158443154,477.8386896016687,-0.0708864139493675,-0.4380878112537072,153.0,93.0,120.0,134.0,153.0,167.0,177.0,21.85952171484245,235.0,33.0,142.0,17.97866068386849,13.31420430818963,17.894253754213914,0.1448711442725108,0.1096345514950166,336.9885846038959,1516998277.0,152.46459660490905
220,172.9285599485702,577.8844013013651,-0.0131976812671495,-0.4840952004461329,173.0,109.0,139.0,156.0,173.0,190.0,203.0,24.03922630413394,242.0,34.0,133.0,19.46430907282333,14.353540219110116,19.46182899389264,0.1390124703015125,0.0982658959537572,361.404708092254,379320139.0,174.59144093336133
221,126.43669250645912,1527.649548932852,-0.2772267340789138,-0.4197538103661484,133.0,34.0,69.0,99.0,133.0,154.0,172.0,39.08515765521296,255.0,55.0,221.0,31.999604253320022,23.565167398731138,31.5796929624563,0.3091282829406208,0.217391304347826,439.8398417312566,576119305.0,132.34004216753866
222,129.77631948625304,1036.837424382781,0.1311730148998786,0.3115540705899264,128.0,28.0,92.0,110.0,128.0,149.0,173.0,32.19996000591897,235.0,39.0,207.0,25.125947339565005,17.246035476087677,25.072325908087496,0.2481189182540336,0.1505791505791505,422.9490216736696,890897142.0,133.71137021129076
223,116.19587357330992,866.4100093115006,0.9276555883308046,0.4736891408969859,108.0,64.0,85.0,96.0,108.0,137.0,157.0,29.43484345654824,222.0,41.0,158.0,23.89762438132132,16.900193657942246,22.80500438981563,0.2533209016065214,0.1759656652360515,289.27897827042136,163650279.0,119.86613802394784
224,82.26132750879718,3699.831404571935,0.4913175398280106,-1.0640823503144594,66.0,0.0,13.0,28.0,66.0,136.0,175.0,60.82623944131295,253.0,108.0,253.0,53.08515273938645,44.38450355081041,52.08168911539862,0.7394269127836295,0.6585365853658537,329.1302511831104,862565478.0,102.30717183111624
225,121.54548336888206,726.4151071437308,0.2364225956107065,-0.9135258269622072,119.0,61.0,88.0,99.0,119.0,144.0,159.0,26.95208910536864,207.0,45.0,146.0,23.153014649336527,18.467881313613788,23.08013873676524,0.2217448839589615,0.1851851851851851,279.55232502978026,1613241819.0,124.49786999992786
226,110.51485831114566,886.3797716231157,0.5312631518910315,-0.6559581521795708,105.0,59.0,77.0,86.0,105.0,132.0,155.0,29.772130787417883,206.0,46.0,147.0,25.0642007662787,18.95196927534577,24.7065186382655,0.2693948238489059,0.2110091743119266,256.10178091717574,551034769.0,114.454854327615
227,125.41956849629489,570.2836645524789,0.363696381659621,-0.7100816691834937,122.0,71.0,96.0,106.0,122.0,143.0,159.0,23.88061273402504,196.0,37.0,125.0,19.92841065059813,15.089566628338543,19.814523356722844,0.1904057956851487,0.1485943775100401,246.90480899020693,745692195.0,127.67283119892528
228,122.24272293238884,843.2516764708553,0.4401099143105869,-0.5339051385912699,118.0,59.0,86.0,99.0,118.0,143.0,165.0,29.03879605753061,221.0,44.0,162.0,23.979008539782185,17.830607702700643,23.744083371836336,0.2375503045166268,0.1818181818181818,311.9292940474252,615011830.0,125.64447853525282
229,152.57487610428743,971.7249652848928,0.9414229192162884,0.2702420459643182,146.0,92.0,121.0,128.0,146.0,168.0,202.0,31.17250335287323,243.0,40.0,151.0,24.783084568475267,17.4735234413777,24.220929397399985,0.2043095439354399,0.1351351351351351,361.8445479153066,337644136.0,155.7267407464873
230,113.0307555699062,2852.0692833490366,-0.5302945596230528,-0.4490419543217498,121.0,0.0,28.0,83.0,121.0,155.0,176.0,53.40476835778839,242.0,72.0,242.0,42.90199500406601,30.57480095856822,42.31934129803035,0.4724799731588019,0.3025210084033613,431.14170845778233,387199848.0,125.01208336818068
231,128.94501424501493,472.6119338316889,0.7288233103525606,0.13523413779513,125.0,75.0,105.0,113.0,125.0,141.0,163.0,21.73963968955532,206.0,28.0,131.0,17.13723581789765,12.046740697073124,16.797150997150997,0.1685962021629369,0.1102362204724409,265.92084446225994,480151956.0,130.76478360965018
232,154.75221693869764,560.9112291810325,-0.098869098251403,0.3122243380494387,156.0,50.0,124.0,139.0,156.0,170.0,183.0,23.683564537058867,248.0,31.0,198.0,18.756440920679392,13.197940586981776,18.73530394550829,0.153041843312918,0.1003236245954692,481.7792186094392,953528865.0,156.55401584316687
233,117.5898440623746,1385.3209097851145,0.3326944224698593,-1.092602919060874,110.0,46.0,73.0,85.0,110.0,150.0,171.0,37.219899379029954,233.0,65.0,187.0,32.52313088146655,26.28895237438893,32.16230840996935,0.3165230779563493,0.2765957446808511,346.48647540983507,570704153.0,123.33974353953704
234,115.45422320009776,3075.325095537035,-0.616188326296715,-0.6600622327795223,130.0,0.0,22.0,79.0,130.0,157.0,174.0,55.45561374231679,234.0,78.0,234.0,46.05944681985385,35.994008941869055,44.52664710915536,0.4803255541913327,0.3305084745762712,425.73324051151815,536837310.0,128.0820157175668
235,119.76425438596505,541.3825505718765,0.3646652684410126,-0.3314191127217971,118.0,66.0,92.0,102.0,118.0,136.0,150.0,23.267628812835152,193.0,34.0,127.0,19.05032214582312,14.036432149493104,18.964755639097746,0.1942785761254807,0.1428571428571428,239.58126517466616,95024941.0,122.00352117540704
236,142.84415584415518,903.8071834538288,-0.4218330116859944,1.6819432790007411,148.0,0.0,104.0,126.0,148.0,158.0,175.0,30.06338609428134,246.0,32.0,246.0,22.07255887171328,13.897674191871554,21.550890969495622,0.210462835645029,0.1126760563380281,552.6142309725182,211654947.0,145.97349088887097
237,102.67419554455452,2232.4226262092857,-0.2989855147495493,-1.0700010933871529,108.0,0.0,34.0,66.0,108.0,144.0,161.0,47.24851983088238,187.0,78.0,187.0,41.666103985668045,34.30113311589017,41.53372524752475,0.4601791090769182,0.3714285714285714,302.58311900525376,82573806.0,113.02394904147836
238,139.6782734274701,697.3297932534579,-0.0920986321933537,-0.1418987948494647,138.0,61.0,108.0,122.0,138.0,159.0,175.0,26.407002731348705,219.0,37.0,158.0,21.103654983347983,15.194172855961629,21.05888960205392,0.1890559074318807,0.1316725978647686,347.183286197576,377796613.0,142.15255840445792
239,137.9461725917423,1968.5429844089667,-0.3393903413867487,-0.5434587528944395,144.0,22.0,71.0,108.0,144.0,171.0,192.0,44.36826551048584,255.0,63.0,233.0,36.34731692720105,26.484627594384136,36.091896707077325,0.3216346251359626,0.2258064516129032,505.5550789889632,2050718349.0,144.90579531930365
240,137.73528822055218,2241.7808850672927,-0.4902832383166006,0.3627574324967439,143.0,0.0,75.0,112.0,143.0,165.0,199.0,47.3474485592127,255.0,53.0,255.0,36.3279445661995,23.786907735224144,36.038225563909776,0.3437568481607733,0.1913357400722021,552.3950681390905,2115975853.0,145.64611394151808
241,108.99186256781202,725.6261543970274,0.4608201457562479,-0.0606424709159765,108.0,59.0,75.0,88.0,108.0,126.0,144.0,26.937448921474125,199.0,38.0,140.0,21.71466045799837,15.907783936810675,21.694213381555155,0.2471510100555838,0.1775700934579439,240.52808544300976,69704833.0,112.27133320842783
242,123.93593882752744,1410.7165418756215,0.0966313020416688,-1.078249079394738,121.0,38.0,77.0,93.0,121.0,156.0,173.0,37.55950667774567,213.0,63.0,175.0,32.96736858897918,26.665311874307974,32.94579439252337,0.3030558128099911,0.253012048192771,341.2239804588049,98696355.0,129.5022527793871
243,157.5992297675448,891.6505100320534,0.4384510396153693,-0.2529619494136557,155.0,69.0,120.0,135.0,155.0,175.0,200.0,29.860517578100573,254.0,40.0,185.0,23.881784970148697,16.922365794188806,23.81212423461613,0.1894712151965726,0.1290322580645161,458.3079410307991,1857285702.0,160.40314128269276
244,87.51357882623743,3251.307583164365,-0.1766098176893359,-1.3064370618907646,96.0,0.0,0.0,28.0,96.0,136.0,157.0,57.02023836467509,230.0,108.0,230.0,50.29488568220472,47.01424378457818,49.91281166091293,0.65155875384655,0.6585365853658537,318.06383055238786,284421981.0,104.45062978335932
245,143.81698491742304,844.8737709113886,0.1128619466255427,-0.1507449417766206,145.0,69.0,105.0,124.0,145.0,162.0,181.0,29.0667124200758,243.0,38.0,174.0,23.094271670331004,16.176142463967466,23.0753233260488,0.2021090376548037,0.1328671328671328,393.69741193619615,1201833233.0,146.7249090020144
246,148.75218733916637,744.9388462191506,0.0919214856545311,-0.9825926470220754,146.0,83.0,114.0,127.0,146.0,172.0,187.0,27.2935678543343,213.0,45.0,130.0,23.461543993522035,18.97516885411233,23.36618630983016,0.1834834723613366,0.1505016722408027,303.512971242928,88881183.0,151.2354194109487
247,127.14468918619266,421.0879792237417,0.1292269103074504,-0.7063014416002886,127.0,77.0,99.0,110.0,127.0,143.0,155.0,20.5204283391878,196.0,33.0,119.0,17.134484816391602,13.493136511814129,17.133971468696874,0.1613943018031792,0.1304347826086956,238.2554939851316,448807257.0,128.78998395635148
248,152.68501835168408,588.1365222969661,0.5597755935302544,0.1392421860613217,149.0,95.0,125.0,136.0,149.0,167.0,187.0,24.25152618490156,242.0,31.0,147.0,19.30540802454229,13.485099511725773,19.117325658992325,0.1588336985953807,0.1023102310231023,352.9137995417094,1146093624.0,154.59900177993177
249,107.29752695733586,477.8844617697012,0.4252049604932185,0.1391211629590429,105.0,50.0,81.0,92.0,105.0,122.0,136.0,21.860568651563053,206.0,30.0,156.0,17.744185385525203,13.092012243275708,17.67407016721363,0.2037378611741476,0.1401869158878504,263.9653656821383,613825035.0,109.5017979438244
250,148.16269293924486,696.8348117957,-0.1288103016638482,-0.323523513746681,148.0,66.0,110.0,131.0,148.0,167.0,184.0,26.39762890480317,236.0,36.0,170.0,21.08378888969964,15.019133222602653,21.082495894909687,0.178166503194078,0.1208053691275167,396.1307060754799,344831305.0,150.49590821947484
251,92.98310688356096,4232.248783743792,-0.2000232846472845,-1.3684464014872122,108.0,0.0,0.0,22.0,108.0,149.0,167.0,65.05573597880353,238.0,127.0,238.0,58.03974541587897,54.76471343364423,57.32663686389947,0.699651131901521,0.7426900584795322,349.4606298672139,1172461491.0,113.4817472083658
252,158.63519490254856,692.0485889050364,0.433771002134758,0.7579730536787395,157.0,83.0,128.0,143.0,157.0,172.0,194.0,26.306816396231536,244.0,29.0,161.0,19.661085706210805,12.653329165367198,19.60333583208396,0.1658321560508191,0.092063492063492,401.2819773706915,689869393.0,160.80165935298885
253,122.80663338995768,1953.224143325555,0.3940512511480822,-0.9978095432117646,102.0,0.0,81.0,85.0,102.0,165.0,185.0,44.19529548861004,242.0,80.0,242.0,39.88075968174668,33.42534625778651,38.448816481699055,0.3598771032853999,0.32,468.04756593914334,2276294968.0,130.51702321115528
254,155.9220800000002,825.1024084736031,-0.1228557326914422,-1.0222489315059828,159.0,96.0,115.0,132.0,159.0,179.0,192.0,28.72459588007468,224.0,47.0,128.0,24.723268480004077,19.649965396124628,24.67376,0.1842240424196152,0.1511254019292604,313.77215999999817,314209968.0,158.5458843363649
255,144.5534145144751,392.2036569926714,-0.00230804477758,-0.5668848116861946,145.0,90.0,118.0,130.0,145.0,159.0,171.0,19.8041323211261,209.0,29.0,119.0,16.24278944907998,12.107692131129788,16.23051875641197,0.1370021758921715,0.1003460207612456,270.61225481174773,954506560.0,145.90371244346773
256,125.17991590500806,994.6258216325654,0.4174782943936688,-0.3760123169355815,120.0,50.0,86.0,102.0,120.0,147.0,171.0,31.537688907600145,236.0,45.0,186.0,25.69685829084224,18.70724569560925,25.344157766942377,0.2519388887553839,0.180722891566265,366.69678363802274,844180525.0,129.09158441826295
