CaseID,Feature__GLCM_JointMaximum(IBSI:GYBY),Feature__GLCM_JointAverage(IBSI:60VM),Feature__GLCM_JointVariance(IBSI:UR99),Feature__GLCM_JointEntropyLog2(IBSI:TU9B),Feature__GLCM_JointEntropyLog10(IBSI:No),Feature__GLCM_DifferenceAverage(IBSI:TF7R),Feature__GLCM_DifferenceVariance(IBSI:D3YU),Feature__GLCM_DifferenceEntropy(IBSI:NTRS),Feature__GLCM_SumAverage(IBSI:ZGXS),Feature__GLCM_SumVariance(IBSI:OEEB),Feature__GLCM_SumEntropy(IBSI:P6QZ),Feature__GLCM_AngularSecondMoment(IBSI:8ZQL),Feature__GLCM_Contrast(IBSI:ACUI),Feature__GLCM_Dissimilarity(IBSI:8S9J),Feature__GLCM_InverseDifference(IBSI:IB1Z),Feature__GLCM_NormalisedInverseDifference(IBSI:NDRX),Feature__GLCM_InverseDifferenceMoment(IBSI:WF0Z),Feature__GLCM_NormalisedInverseDifferenceMoment(IBSI:1QCO),Feature__GLCM_InverseVariance(IBSI:E8JP),Feature__GLCM_Correlation(IBSI:NI2N),Feature__GLCM_Autocorrelation(IBSI:QWB0),Feature__GLCM_ClusterTendency(IBSI:DG8W),Feature__GLCM_ClusterShade(IBSI:7NFM),Feature__GLCM_ClusterProminence(IBSI:AE86)
1,0.039618086,26.89978783,108.123503,8.008547942,2.410813152,1.356877378,4.075418754,8.002952831,53.79957565,426.5774771,8.00247593,0.00876358,5.916534972,1.356877378,0.617687585,0.980065572,0.578282437,0.998610444,0.372066689,0.972639922,828.7638206,426.5774771,5511.3739,522042.4738
2,0.043813623,25.34153831,205.2371732,8.534139375,2.569031939,1.63619218,3.966248701,8.523345934,50.68307663,814.3053192,8.53171292,0.005905301,6.643373552,1.63619218,0.566621081,0.975915209,0.51431522,0.998398409,0.344027667,0.983815375,844.1090505,814.3053192,11371.60019,1522463.086
3,0.023778991,29.60508187,119.4414663,8.370809356,2.519864704,1.655810644,5.541316619,8.344757708,59.21016374,469.4828396,8.343831778,0.006314225,8.283025507,1.655810644,0.579538841,0.975899754,0.533208777,0.998045806,0.361070781,0.965326005,991.760826,469.4828396,5103.214246,633144.5519
4,0.024625459,29.51604069,117.938565,8.377156598,2.521775414,1.681001777,5.797736607,8.351278405,59.03208137,463.1307566,8.350954397,0.006321522,8.623503581,1.681001777,0.576648898,0.975566893,0.52968144,0.997975515,0.359365866,0.963440697,984.823471,463.1307566,5225.655319,633139.427
5,0.021184427,31.83009505,239.5028541,8.562387389,2.577535439,1.419320051,2.599403742,8.533341668,63.66019009,953.3975433,8.520156193,0.004478512,4.613873149,1.419320051,0.584378443,0.97887535,0.537299171,0.998880764,0.37536015,0.990367812,1250.350868,953.3975433,4192.656021,1613042.055
6,0.266262202,23.34962509,361.7708658,6.858186856,2.064519959,0.773647185,1.828829493,6.820716459,46.69925018,1444.656104,6.795700752,0.073901032,2.427359461,0.773647185,0.747928692,0.988448007,0.723359684,0.999424114,0.275728219,0.99664517,905.762178,1444.656104,15415.92506,3664193.03
7,0.026085714,31.65284018,216.5283718,8.243058433,2.481407844,1.128102797,2.563038674,8.211494532,63.30568037,862.2778328,8.169739239,0.006209283,3.835654596,1.128102797,0.658492845,0.983236582,0.6252654,0.999073592,0.357916568,0.991142836,1216.512836,862.2778328,2270.512978,1408352.802
8,0.039072598,28.86109037,97.12475171,7.954275846,2.394475624,1.255734046,2.516064899,7.949274134,57.72218074,384.4060739,7.948581356,0.008531946,4.092932893,1.255734046,0.620599128,0.981308024,0.581873921,0.999008578,0.382556858,0.978929507,928.0408227,384.4060739,3918.271034,449256.799
9,0.023449183,28.56792623,249.5923219,8.163519957,2.457464377,1.018030095,1.959658493,8.15917282,57.13585245,995.3732439,8.156280482,0.006016578,2.996043766,1.018030095,0.672800832,0.984776052,0.64163619,0.999274215,0.358383808,0.993998125,1064.220709,995.3732439,12.34553485,1688116.358
10,0.031463256,32.32325492,220.4299606,8.224153341,2.475716845,1.047243128,1.672592219,8.196311063,64.64650983,878.950532,8.180580877,0.005653713,2.769310387,1.047243128,0.649438625,0.984274222,0.616053087,0.999327405,0.392034501,0.993718389,1263.838114,878.950532,584.9005755,1461008.447
11,0.029929412,27.2014521,172.309454,8.447738429,2.543022663,1.416067227,2.911728399,8.418105399,54.4029042,684.3208413,8.408338414,0.005668209,4.91697479,1.416067227,0.600434124,0.978989847,0.554841847,0.998808564,0.34861844,0.985732139,909.769963,684.3208413,5220.736492,1159693.173
12,0.569513598,11.53730213,246.5322386,4.67831306,1.40831256,0.802061157,3.363930406,4.673121127,23.07460425,982.121722,4.673353411,0.325339566,4.007232505,0.802061157,0.803804175,0.988314271,0.779381082,0.999078565,0.140647501,0.991872802,377.6379627,982.121722,41390.43478,3470140.2
13,0.52932219,13.54150436,294.36268,5.211480745,1.568812026,0.950642751,3.654851914,5.202849688,27.08300871,1172.892146,5.197702542,0.281071998,4.558573553,0.950642751,0.777233495,0.986150821,0.749292949,0.998904296,0.15006627,0.992256876,475.4557334,1172.892146,45061.65809,4019149.745
14,0.536189971,11.93224437,245.3276218,4.958238479,1.492578508,0.773185277,2.71770741,4.939291813,23.86448873,977.9949642,4.935667343,0.288838833,3.315522883,0.773185277,0.801005304,0.988653656,0.776831332,0.999202252,0.153441899,0.993242663,386.048316,977.9949642,40412.59478,3491866.007
15,0.228186048,22.9929015,355.2706512,7.44212622,2.240303224,1.167128476,3.196269201,7.408618308,45.985803,1416.524147,7.386747588,0.055380606,4.55845808,1.167128476,0.683774767,0.982783673,0.647174797,0.998899725,0.266549419,0.993584528,881.6649414,1416.524147,20628.09171,3800001.898
16,0.02005428,32.53544298,81.9838832,8.036054295,2.41909339,1.343797653,2.782336183,8.026400816,65.07088597,323.3474045,8.018965719,0.00663558,4.588128314,1.343797653,0.600998005,0.980038399,0.559609127,0.998890757,0.394119477,0.972018108,1138.244869,323.3474045,1145.392673,288708.1705
17,0.129406459,27.38250586,368.1487876,7.65772263,2.30520421,0.892653798,2.127517024,7.588829139,54.76501173,1469.670803,7.545520291,0.021690386,2.924347826,0.892653798,0.718972044,0.986707307,0.692087562,0.99929597,0.305473186,0.996028307,1116.488241,1469.670803,10644.54655,3752972.073
18,0.020200842,27.96009497,251.4686331,8.101042123,2.438656675,0.985081703,2.65842874,8.088367895,55.92018993,1002.245718,8.084116866,0.006320529,3.628814701,0.985081703,0.675023563,0.985359269,0.645341581,0.999183629,0.374592249,0.992784757,1031.421136,1002.245718,8726.579942,1733681.455
19,0.144670204,27.65717935,342.7847351,7.665097709,2.30742433,0.94769999,2.570099442,7.580775277,55.3143587,1367.670706,7.521541292,0.025257221,3.468234714,0.94769999,0.710624971,0.98594841,0.681436133,0.999179012,0.299285588,0.994941089,1105.970187,1367.670706,2604.511904,3458341.823
20,0.025666608,29.72995321,102.2424509,8.151881582,2.453960877,1.453602331,4.32460869,8.139036108,59.45990641,402.532235,8.142086726,0.007133558,6.437568427,1.453602331,0.604117107,0.978692441,0.56314556,0.998460731,0.376907048,0.968518123,982.8937842,402.532235,3510.142263,489888.0723
21,0.030991986,29.16252327,213.9851968,8.574938079,2.581313573,1.597185122,6.314215405,8.492216594,58.32504654,847.0755715,8.497587463,0.005227814,8.86521572,1.597185122,0.599543975,0.976898003,0.55569827,0.997933312,0.348187237,0.979285446,1060.005353,847.0755715,2791.582389,1410802.391
22,0.051694207,23.74272916,241.4347654,7.93417916,2.388425918,1.17207827,2.22472371,7.903700324,47.48545833,962.1405706,7.885967564,0.010475833,3.598491181,1.17207827,0.639978232,0.982506379,0.599049413,0.999127834,0.336987769,0.992547695,803.3527079,962.1405706,13921.96212,1978062.798
23,0.026710146,25.22898427,96.80676664,7.603249069,2.288806034,0.960077781,2.254409761,7.597568394,50.45796853,384.0509075,7.593784282,0.009067809,3.176159106,0.960077781,0.671063914,0.985651849,0.641184081,0.999303699,0.385501741,0.983595366,731.7203342,384.0509075,3577.921341,610427.6196
24,0.023831584,24.3165658,118.3318319,7.992621569,2.406018836,1.227503267,2.318535086,7.986757418,48.6331316,469.5020284,7.975308654,0.00723351,3.825299356,1.227503267,0.62048605,0.981688915,0.58040966,0.999074117,0.378825299,0.983836558,707.7145547,469.5020284,7070.609316,883805.6002
25,0.045491932,20.89782079,109.1354671,7.327717869,2.205862878,0.839908698,1.237189614,7.301150341,41.79564159,434.5992323,7.297953628,0.011485123,1.942636235,0.839908698,0.699445852,0.987326556,0.672964983,0.999527773,0.36330643,0.991099886,544.8830629,434.5992323,5658.721007,856516.5574
26,0.032750227,24.71569448,143.1376771,8.147485636,2.452637566,1.29737113,2.508635041,8.121345786,49.43138896,568.3589013,8.104437385,0.00643942,4.19180689,1.29737113,0.612691899,0.980680772,0.56975904,0.998985031,0.362464217,0.98535743,751.9073273,568.3589013,4987.526343,1125735.269
27,0.032673876,30.3931932,97.1729463,7.591562399,2.285287996,0.904934047,2.20916206,7.583439366,60.78638641,385.6637175,7.574352543,0.009640532,3.028067689,0.904934047,0.684707993,0.986469101,0.657347623,0.999357462,0.381808027,0.984419184,1019.405106,385.6637175,1312.442732,565174.3485
28,0.031634168,30.15682361,98.3730454,7.539820993,2.269712281,0.847577968,1.641326328,7.525872224,60.31364722,391.1324669,7.509312757,0.00963556,2.359714739,0.847577968,0.690045489,0.987253408,0.664704556,0.999473342,0.394187677,0.988006294,1006.627198,391.1324669,1509.363351,588362.5378
29,0.039657706,27.7238606,120.8472657,8.007660731,2.410546075,1.2912897,2.280736979,8.003004043,55.44772121,479.4408969,8.002555879,0.008849818,3.948166069,1.2912897,0.606426585,0.980725749,0.562536805,0.999042308,0.371169754,0.983664645,887.4856295,479.4408969,6577.648473,654365.7057
30,0.026223583,27.34565193,103.0028141,8.288920449,2.495213687,1.516332837,3.015059068,8.27736655,54.69130387,406.696932,8.27804824,0.006002511,5.314324339,1.516332837,0.570096834,0.977510321,0.520994479,0.998713224,0.377433603,0.974203014,848.1303316,406.696932,3975.55419,510869.0924
31,0.040137714,23.78243155,126.6999858,8.155535813,2.455060911,1.452239712,3.20644188,8.149766673,47.56486309,501.4845013,8.149479165,0.007964758,5.31544206,1.452239712,0.592070981,0.978504008,0.546410506,0.998715858,0.363539076,0.97902351,689.646315,501.4845013,8966.778123,706688.2203
32,0.033167482,24.04256053,123.2309701,7.860196197,2.366154827,1.112639937,2.586942486,7.841346084,48.08512107,489.0989704,7.830226144,0.007466713,3.824910116,1.112639937,0.637534792,0.983440237,0.603416384,0.999103654,0.407267781,0.984480727,699.3632321,489.0989704,5891.772276,779408.439
33,0.03681102,22.9288582,175.9396063,8.223849653,2.475625425,1.43379191,3.78611218,8.175544946,45.8577164,697.9165539,8.166811666,0.007167081,5.84187142,1.43379191,0.600267587,0.978882915,0.556220524,0.998600774,0.364731343,0.983398077,698.7512089,697.9165539,13512.20858,1425385.617
34,0.066909626,26.30600045,194.4218524,7.997345676,2.407440934,1.315878648,6.658924046,7.974505367,52.6120009,769.2969488,7.984063153,0.009092219,8.390460663,1.315878648,0.61704763,0.981005744,0.577651024,0.99822871,0.394512682,0.978422023,882.2322816,769.2969488,-1982.911437,1306188.608
35,0.014276522,31.75229229,174.3799463,8.63052238,2.598046115,1.617751146,2.443003484,8.59148187,63.50458457,692.4596629,8.591885047,0.003697472,5.060122255,1.617751146,0.531083556,0.975883617,0.472366644,0.998770939,0.377996326,0.9854911,1180.057951,692.4596629,992.7765742,1000347.281
36,0.029175569,28.41321005,151.893871,8.383621137,2.523721434,1.448611213,2.775245437,8.373269214,56.8264201,602.7017642,8.371059284,0.005175318,4.873719885,1.448611213,0.567568233,0.978466372,0.520529654,0.998821025,0.413799717,0.983956825,956.7675164,602.7017642,-3457.270091,880160.6782
37,0.362799921,19.16740036,292.4968234,6.69858854,2.016476079,1.675193337,6.505248203,6.657719767,38.33480071,1160.675773,6.65180165,0.133356918,9.31152092,1.675193337,0.652509872,0.975856657,0.607567657,0.997767199,0.19318636,0.984082697,655.2302994,1160.675773,15121.05077,2740226.913
38,0.319340008,17.28333262,298.6901003,7.153038359,2.153279106,2.070897607,13.07889051,7.076400983,34.56666523,1177.392894,7.044383592,0.10403575,17.36750741,2.070897607,0.623024723,0.971028097,0.572658805,0.996216581,0.177114656,0.970927213,588.719933,1177.392894,36438.32367,3992307.965
39,0.026190399,30.45406956,180.3734941,8.680832001,2.61319082,1.699750413,3.441307837,8.670032448,60.90813912,715.1635171,8.66922774,0.0044183,6.330459304,1.699750413,0.535353942,0.974865761,0.479302277,0.998470002,0.375853971,0.982451803,1104.658617,715.1635171,3925.174164,1041990.239
40,0.016727211,27.01543888,194.4618086,8.707772283,2.621300653,1.755554617,3.870676462,8.603968191,54.03087776,770.894586,8.583194897,0.003946995,6.952648475,1.755554617,0.5366085,0.974127481,0.479362152,0.998320626,0.355556482,0.982123357,920.8194222,770.894586,8039.210715,1533816.181
41,0.02875134,23.89580282,184.1891452,7.936858626,2.389232518,1.196389472,3.358340104,7.894953972,47.79160564,731.966893,7.905339559,0.007735231,4.789687873,1.196389472,0.632914555,0.982300416,0.594432512,0.9989164,0.371106884,0.986997909,752.8036936,731.966893,9270.91177,1321100.75
42,0.042453927,25.30332736,205.8913762,8.572097762,2.580458552,1.68120562,4.067433366,8.540596731,50.60665472,816.6716193,8.530431241,0.006140763,6.893885704,1.68120562,0.573432227,0.975276764,0.520760375,0.998334043,0.313385873,0.98325844,842.7028088,816.6716193,6232.309469,1570232.29
43,0.235061682,23.32650394,274.8888059,6.940903678,2.089420204,1.068060547,2.146127707,6.928273813,46.65300789,1096.268343,6.920263178,0.058857865,3.286881038,1.068060547,0.684588884,0.984066062,0.647623986,0.999201571,0.276185163,0.994021435,817.3711517,1096.268343,-1917.306408,2133080.244
44,0.019904919,26.66003169,151.5726563,8.294871257,2.497005059,1.298327516,2.20928538,8.27332518,53.32006339,602.3956856,8.268689369,0.005511262,3.894939718,1.298327516,0.60193437,0.980606451,0.558736931,0.999054309,0.384602536,0.987151575,860.3824764,602.3956856,2774.336342,863992.42
45,0.049725236,23.67578853,82.38950966,7.502615747,2.258512386,1.006937468,1.696361372,7.50088957,47.35157705,326.8477542,7.501654332,0.011013473,2.710284436,1.006937468,0.667570809,0.984889723,0.634558513,0.999341995,0.359271507,0.983552005,641.5773297,326.8477542,3198.614748,336772.7181
46,0.040722338,25.09528173,78.21436194,7.217310339,2.1726269,0.772212016,1.370036032,7.210720823,50.19056346,310.8911003,7.210162133,0.012933999,1.96634743,0.772212016,0.725143858,0.988383071,0.703447182,0.999524084,0.35041815,0.987429755,707.0043534,310.8911003,2083.994226,326944.5361
47,0.035689344,23.76631908,73.59403381,7.475652878,2.250395753,1.083886815,3.605008758,7.44606094,47.53263817,289.5963158,7.466102637,0.010662014,4.779819386,1.083886815,0.655655371,0.984010402,0.622334603,0.998960621,0.378250354,0.967525768,636.042047,289.5963158,3025.64165,299289.7277
48,0.039823963,23.06687481,98.44914454,7.76165206,2.336490086,1.191467064,3.912857812,7.739203745,46.13374961,388.4641266,7.754921366,0.009302381,5.332451576,1.191467064,0.64718845,0.982466262,0.610374831,0.998818701,0.351644898,0.972917735,627.8636321,388.4641266,4579.236834,499332.954
49,0.026512286,26.85371317,105.644809,7.865859678,2.367859705,1.093484657,2.569605989,7.854568837,53.70742634,418.8139215,7.86081144,0.007551022,3.765314685,1.093484657,0.652738509,0.98372336,0.618109129,0.999130439,0.369034239,0.982179367,824.8840628,418.8139215,2374.345158,468324.8307
50,0.437187279,14.92308915,244.0380205,5.629551579,1.694663887,0.875635032,6.021925598,5.617807395,29.8461783,969.3634196,5.614439442,0.19295495,6.788662308,0.875635032,0.768134763,0.987497378,0.742032899,0.998712561,0.208320247,0.986090974,463.342279,969.3634196,21000.3395,2081542.236
51,0.229206774,19.82935744,283.2119737,7.52948185,2.266599889,1.858932507,8.572103534,7.50271634,39.65871488,1120.820161,7.487985157,0.057604427,12.0277336,1.858932507,0.631705629,0.973511158,0.585368815,0.99714796,0.210904406,0.978765492,670.4015234,1120.820161,18092.39506,2654215.633
52,0.054697471,26.55269048,173.3662189,8.109062656,2.441071096,1.548066074,4.68242079,8.09336845,53.10538096,686.3859463,8.090410292,0.010322342,7.078929358,1.548066074,0.603529832,0.977361822,0.55972227,0.998305935,0.337865428,0.979583885,874.8721259,686.3859463,3879.70932,980854.4304
53,0.018589851,32.8787016,139.4417657,8.264977608,2.488006174,1.253330491,1.872350207,8.259889442,65.75740321,554.3238754,8.260451348,0.005253618,3.443187528,1.253330491,0.59764413,0.981209826,0.554588064,0.999163443,0.404942668,0.987653672,1218.729191,554.3238754,-1046.079876,716712.8607
54,0.03539564,27.30051692,136.8607149,7.538625336,2.269352352,0.757875964,0.942678173,7.536886095,54.60103384,545.9258053,7.535510222,0.008790333,1.51705415,0.757875964,0.711021307,0.98851307,0.689269177,0.999630598,0.38553262,0.994457671,881.4204119,545.9258053,72.22702506,599990.8942
55,0.049869953,24.07990913,108.3372615,7.132798174,2.147186203,0.722411911,3.872071453,7.098065331,48.15981826,428.9550956,7.123979521,0.012097852,4.393950422,0.722411911,0.734491419,0.989445133,0.717501285,0.999195966,0.382121764,0.979720964,685.9823099,428.9550956,325.0229224,374486.0004
56,0.045031513,30.9318898,65.56244435,7.114850153,2.141783311,0.884955927,2.40973973,7.113400708,61.8637796,259.0568907,7.113776992,0.012767224,3.192886724,0.884955927,0.695752102,0.986856995,0.672675325,0.999245929,0.395999941,0.975650033,1020.747808,259.0568907,1688.112383,180148.7735
57,0.031366781,26.91399833,85.39809735,7.091743411,2.134827488,0.669245611,1.531338194,7.090013121,53.82799667,339.6131615,7.087430307,0.011948305,1.979227883,0.669245611,0.741579262,0.98995116,0.726002677,0.999556886,0.377865923,0.988411757,808.7717897,339.6131615,-264.1149195,309063.7685
58,0.027307762,23.81043765,112.6986013,7.438074067,2.239083404,0.775655438,1.75781547,7.419058862,47.62087529,448.4349482,7.432497342,0.008767495,2.359456828,0.775655438,0.707488726,0.988363341,0.686510271,0.999475438,0.39998105,0.989532005,678.4558137,448.4349482,129.7823242,408623.0116
59,0.021148981,29.18086372,118.2399074,8.154407768,2.454721335,1.211919827,2.165434949,8.150178718,58.36172744,469.3254452,8.151494158,0.005647429,3.634184617,1.211919827,0.614336123,0.981888952,0.57493663,0.999120914,0.401724888,0.984632157,967.9456225,469.3254452,1369.09225,521233.4532
60,0.023483355,28.15768193,111.8457239,8.069622315,2.429198371,1.223792743,3.519504048,8.050119041,56.31536387,442.3657227,8.063902659,0.006179618,5.017172727,1.223792743,0.620130371,0.981919287,0.582107757,0.998857012,0.401983435,0.977571012,902.1921893,442.3657227,1463.514052,476693.9554
61,0.03342728,22.91649185,104.1696899,7.372445374,2.219327199,0.763044995,1.757746034,7.354296661,45.8329837,414.3387759,7.367149889,0.009420324,2.339983698,0.763044995,0.711039608,0.988551766,0.690277408,0.999486026,0.395612917,0.988768404,628.1652966,414.3387759,-203.6394737,388484.3301
62,0.019767316,33.25482177,139.8020083,8.181911761,2.463000862,1.165187216,1.707016293,8.176851444,66.50964354,556.1433556,8.175941565,0.005643989,3.064677542,1.165187216,0.614987239,0.982501226,0.575948932,0.999255184,0.409955754,0.989039222,1244.15284,556.1433556,-1147.078886,731384.3551
63,0.030882951,24.68506447,113.4358908,7.394707192,2.226028674,0.922649092,4.983287942,7.356773019,49.37012894,447.9089941,7.38369252,0.009436822,5.834569289,0.922649092,0.692191526,0.986622991,0.666395049,0.998821426,0.386103755,0.974282525,719.871014,447.9089941,2864.701316,481520.4982
64,0.029105149,21.05365931,81.469656,7.401225509,2.227990883,1.077419696,7.532239773,7.369949502,42.10731862,317.185551,7.398641846,0.009563209,8.693072975,1.077419696,0.664438912,0.984630503,0.635019696,0.99834722,0.402479495,0.9466484,520.3796899,317.185551,115.8780627,230860.6971
65,0.028654274,28.88680256,160.1335582,8.232798265,2.478319226,1.235113706,1.823407962,8.228643389,57.77360512,637.1853189,8.227643253,0.005570172,3.34891383,1.235113706,0.601790652,0.981473685,0.559197226,0.999186152,0.401792661,0.989543373,992.9064635,637.1853189,2102.806127,803472.9996
66,0.028381201,21.0632765,112.1942559,7.689934487,2.314900945,0.928212594,1.391469827,7.682525219,42.126553,446.5239752,7.681782605,0.008614953,2.253048447,0.928212594,0.675719783,0.986017962,0.646941982,0.999452299,0.385637253,0.989959163,554.7293485,446.5239752,4792.627655,597863.3777
67,0.031039738,24.42514405,110.7858634,6.995655321,2.105902091,0.696985242,3.26870397,6.972017936,48.85028809,439.3889614,6.988329386,0.011751664,3.754492398,0.696985242,0.74512873,0.989787828,0.729343903,0.999231274,0.370040559,0.983055183,705.4962789,439.3889614,-1138.314138,441954.6935
68,0.034111742,35.20796959,177.0701744,7.262637545,2.186271749,0.768187109,0.911874598,7.249457426,70.41593918,706.7787115,7.228922297,0.010341027,1.501986032,0.768187109,0.711885859,0.988349899,0.684664463,0.999634046,0.342603348,0.995758783,1415.920304,706.7787115,-3114.7996,995042.5862
69,0.075733668,23.5808251,188.8846485,7.440512205,2.239817357,0.918854151,3.949358427,7.415604216,47.1616502,750.7449428,7.433238245,0.012249846,4.793651379,0.918854151,0.693910415,0.986527199,0.665385753,0.999012505,0.357507551,0.987310638,742.5431352,750.7449428,143.5747382,1172578.174
70,0.025607934,33.25575669,126.5980683,8.237710723,2.479798023,1.429391387,2.78692449,8.214947867,66.51151338,501.5621891,8.207975124,0.006553407,4.830084228,1.429391387,0.583219843,0.978762365,0.538398505,0.998829452,0.393498747,0.980923547,1230.128379,501.5621891,-1999.482205,719220.0804
71,0.016053134,27.72932856,127.8209261,8.461282664,2.547099884,1.572346662,3.380209237,8.437120433,55.45865713,505.4312212,8.439591668,0.004969251,5.852483261,1.572346662,0.558252111,0.976742359,0.507674773,0.998588504,0.387054652,0.977106709,893.8103471,505.4312212,1385.342649,788321.4774
72,0.012811134,35.33378535,175.6497079,8.976568216,2.702216291,1.963386564,4.407366745,8.954575224,70.6675707,694.3365779,8.940267398,0.003115296,8.262253546,1.963386564,0.509112376,0.971168708,0.447490802,0.998005787,0.348774708,0.976480879,1419.994968,694.3365779,-911.6482782,1006582.63
73,0.016301031,33.1455128,166.120645,8.850956079,2.66440327,1.872884078,4.545673039,8.83925008,66.2910256,656.4292122,8.837956195,0.003648759,8.053367809,1.872884078,0.524292769,0.972520815,0.465268866,0.998063609,0.351712006,0.975760485,1260.71898,656.4292122,-1723.178252,937211.9701
74,0.019259614,29.82462557,98.65275901,8.332283797,2.508267355,1.763765407,9.566772179,8.216258256,59.64925114,381.9333955,8.301403873,0.006080088,12.67764059,1.763765407,0.572742519,0.974876373,0.526144828,0.997252852,0.37020009,0.935746143,981.822229,381.9333955,3040.273253,497918.3154
75,0.019630662,29.40686154,151.5162923,8.808744511,2.651696322,1.896104493,6.65553041,8.796822383,58.81372309,595.8144266,8.764319265,0.00421294,10.25074266,1.896104493,0.544079953,0.972537284,0.490809721,0.997606368,0.352186316,0.966172804,1011.154427,595.8144266,4363.483058,949751.4168
76,0.02489567,27.42704935,87.32085552,7.57559338,2.280480842,0.930974759,1.509992365,7.570024683,54.8540987,346.9067157,7.567374782,0.008733387,2.376706367,0.930974759,0.678166143,0.98599982,0.649934128,0.999423263,0.383732545,0.986390958,838.3755383,346.9067157,767.8581355,337203.5896
77,0.026111883,25.99934245,91.47433908,7.505660269,2.259428878,0.847263344,1.292989086,7.500221844,51.9986849,363.8865121,7.500202397,0.009067296,2.01084426,0.847263344,0.696095537,0.987225536,0.671105614,0.999511724,0.380678663,0.989008698,766.4347247,363.8865121,1277.214284,360770.618
78,0.020610131,26.49828596,101.5948875,8.171732355,2.459936555,1.389174345,3.331454985,8.153882305,52.99657192,401.1182896,8.150601638,0.006229414,5.261260347,1.389174345,0.597824468,0.9794561,0.555374814,0.998742261,0.387821915,0.974106668,801.1234161,401.1182896,3608.376509,511134.8214
79,0.022852968,29.51324639,86.36680887,7.966487598,2.398151727,1.245732106,2.329858677,7.964386587,59.02649278,341.5855283,7.964667684,0.006741129,3.881707157,1.245732106,0.613706171,0.981416024,0.573904953,0.999061277,0.393138496,0.977527784,955.4576678,341.5855283,1387.145419,323467.0931
80,0.020944212,27.72235389,85.60335555,7.85070082,2.363296434,1.140286855,2.383729388,7.849424512,55.44470777,338.7294387,7.848562654,0.006728154,3.6839835,1.140286855,0.62600124,0.982977907,0.589346753,0.999145438,0.408954453,0.978482248,852.2902688,338.7294387,-17.1025995,284627.1862
81,0.028321748,26.42040062,81.13321946,7.531723546,2.267274706,0.957633506,1.904958036,7.522936078,52.84080124,321.7108579,7.519551891,0.010033364,2.822019968,0.957633506,0.681829522,0.985675455,0.654171427,0.999318072,0.375432531,0.982608727,777.7597784,321.7108579,1573.388732,365898.4349
82,0.032654169,25.69989255,80.22473933,7.414501205,2.231987266,0.910171234,2.398652678,7.408339931,51.39978511,317.671893,7.404150255,0.011031872,3.227064353,0.910171234,0.697996715,0.986459718,0.672822634,0.999262927,0.366096302,0.979887349,739.0956845,317.671893,2110.422886,369570.6521
83,0.026997029,32.37902209,139.553276,8.440626806,2.540881851,1.533754957,4.862612323,8.423161846,64.75804419,550.9980876,8.38772453,0.005522415,7.215016591,1.533754957,0.592762593,0.977576243,0.548503175,0.998305241,0.364494566,0.974149598,1184.34684,550.9980876,6636.730678,807910.2956
84,0.029220191,33.37082686,84.33169961,7.800257561,2.3481115,1.181047947,3.131659932,7.760084649,66.74165372,332.8002643,7.741236143,0.008511167,4.526534185,1.181047947,0.635926586,0.982509891,0.600677925,0.998954052,0.390166355,0.973162321,1195.680518,332.8002643,4288.566894,403490.9381
85,0.022473042,28.3962215,101.7340136,7.97027342,2.399291373,1.175303743,2.895402323,7.962676545,56.792443,402.6593132,7.961484704,0.006913405,4.276741212,1.175303743,0.632916747,0.982554258,0.596380113,0.999004527,0.388393573,0.97898077,905.9410384,402.6593132,2399.019951,431442.0872
86,0.02089609,31.18428354,84.89670039,8.219337904,2.474267254,1.562869464,4.71926936,8.217836345,62.36856708,332.4249712,8.218001929,0.006028698,7.161830322,1.562869464,0.57497754,0.97710933,0.527938059,0.99831834,0.3818141,0.957820326,1053.775325,332.4249712,449.865297,329232.5583
87,0.035479851,28.63167535,60.87016539,7.254144336,2.183715038,0.937601648,3.237920006,7.252865726,57.26335071,239.3636447,7.245304424,0.011636678,4.117016858,0.937601648,0.684652082,0.986149746,0.658008681,0.999118152,0.386003049,0.966181981,878.5844905,239.3636447,1208.07799,183685.4976
88,0.02542512,24.39378608,117.2231481,7.560238282,2.275858497,1.004031769,4.272966612,7.516528184,48.78757216,463.6115461,7.549406276,0.008874152,5.281046405,1.004031769,0.679641076,0.985300668,0.648678402,0.998900003,0.357155552,0.977474388,709.6394243,463.6115461,-1288.631927,551772.6782
89,0.030451621,26.88086727,121.48589,7.607670586,2.290137044,0.890719645,1.464310012,7.603316133,53.76173454,483.6858686,7.603229614,0.008486622,2.257691497,0.890719645,0.692369552,0.98660209,0.664522476,0.999451914,0.360514278,0.990708009,842.9380694,483.6858686,-302.7152024,515119.0652
90,0.035996229,25.21599735,139.4458063,7.696126257,2.316764854,1.020662874,2.01939694,7.6926599,50.43199469,554.7220756,7.693309424,0.009170685,3.061149642,1.020662874,0.674993752,0.984747293,0.642416878,0.999259533,0.342993561,0.989023873,773.7617537,554.7220756,-2352.877658,762051.844
91,0.018581022,23.90151014,133.4875857,8.516213133,2.563635602,1.666620272,3.370433516,8.506750389,47.80302029,527.802286,8.506846248,0.004662241,6.148056648,1.666620272,0.545970688,0.975346561,0.492137885,0.998512663,0.371432751,0.976971429,701.6957445,527.802286,6507.048849,717530.5597
92,0.019713775,25.82669052,157.9658851,8.621526057,2.595337952,1.757567084,3.6479168,8.618776404,51.65338104,625.1265816,8.61926909,0.004535048,6.736958855,1.757567084,0.530947307,0.97405346,0.474986012,0.998371499,0.375139592,0.978675906,821.6153488,625.1265816,9668.752162,1068078.717
93,0.039381896,24.24972902,205.4913026,8.565507571,2.578474707,2.141991607,10.32582654,8.525170708,48.49945805,807.0512559,8.527623901,0.00776678,14.91395459,2.141991607,0.542844954,0.969511094,0.485038019,0.996674776,0.289680746,0.96371147,786.0836831,807.0512559,5524.378634,1283205.781
94,0.087069127,21.63854698,201.6228294,7.698057654,2.317346262,1.098977385,2.236885986,7.6889268,43.27709396,803.0466803,7.683907256,0.014893187,3.444637279,1.098977385,0.666360732,0.98361261,0.629823823,0.999165364,0.319198346,0.99145772,668.1272261,803.0466803,12822.37946,1781336.17
95,0.079284051,16.64800753,137.086212,7.045386682,2.120872722,0.837284242,1.414483286,7.037266318,33.29601506,546.2293199,7.035583536,0.019055377,2.115528188,0.837284242,0.710455244,0.987404066,0.682915994,0.999486476,0.330565813,0.99228395,413.1846026,546.2293199,16374.61986,1272379.429
96,0.042311413,20.90748998,154.1291057,7.712605904,2.321725722,0.926049673,1.444825504,7.705435866,41.81497996,614.2140294,7.704694032,0.008916114,2.3023935,0.926049673,0.674792977,0.986060151,0.646610414,0.999441202,0.393447793,0.992530958,590.1010462,614.2140294,9992.281681,901795.8132
97,0.029655395,26.27618604,202.3830392,8.509302885,2.56155541,1.806074515,4.239439559,8.490480586,52.55237207,802.0308122,8.484225366,0.005891384,7.501344713,1.806074515,0.54249016,0.973454354,0.483605371,0.998191047,0.319878078,0.981467457,889.0703195,802.0308122,4510.747091,1462173.679
98,0.047653482,24.74184684,181.0253376,8.505626423,2.560448685,1.963554849,11.30361065,8.463744765,49.48369369,708.942192,8.502226203,0.006317867,15.15915829,1.963554849,0.532964889,0.972079828,0.473126626,0.996948723,0.332255744,0.958129733,785.6047437,708.942192,5369.468225,1155835.723
99,0.023853108,26.5355262,115.94221,7.981719354,2.402736943,1.13897885,2.046527342,7.97050698,53.07105241,460.4250397,7.965209874,0.00676688,3.343800163,1.13897885,0.628119053,0.982963927,0.593273331,0.999190179,0.416347832,0.985579884,818.4044608,460.4250397,1584.362475,571656.7915
100,0.300561543,17.43050901,226.052933,6.763483455,2.036011395,1.157126468,3.122414494,6.74849855,34.86101802,899.7503758,6.75380966,0.092961883,4.461356157,1.157126468,0.686036012,0.982915041,0.647291885,0.998926398,0.247089049,0.990132054,527.6448993,899.7503758,14598.30559,1917649.891
101,0.033177617,31.77043229,94.91334006,8.073563995,2.430384934,1.534992696,8.792026455,8.049986949,63.54086458,368.5051312,8.02789385,0.006820023,11.14822903,1.534992696,0.591377061,0.97811211,0.547751869,0.997605194,0.392651087,0.941271538,1098.699594,368.5051312,1406.203895,429674.1494
102,0.023595487,27.46837527,95.38466586,8.149074587,2.453115887,1.541582608,5.11959317,8.106239017,54.93675054,374.0425933,8.113511881,0.006756106,7.496070109,1.541582608,0.579911705,0.977472782,0.534102233,0.998279031,0.384050577,0.960706105,846.1482707,374.0425933,5482.250084,522445.3864
103,0.026086829,31.60547706,102.8520618,8.492626661,2.556535367,1.78298634,4.309889681,8.439634575,63.21095412,403.9193172,8.448833151,0.005492124,7.488929971,1.78298634,0.535701795,0.973805235,0.481495209,0.998196132,0.376357261,0.963593681,1098.013777,403.9193172,4495.237354,569657.7887
104,0.035140662,25.31517402,85.76917573,7.491054589,2.25503213,1.00773624,1.461096814,7.484308189,50.63034803,340.6000738,7.481604456,0.009843402,2.476629144,1.00773624,0.648194585,0.984825809,0.616869683,0.999398332,0.417878988,0.985562242,725.3888966,340.6000738,5877.912992,388154.9187
105,0.043494124,16.89135225,87.95577574,6.974639862,2.099575808,0.742999883,3.543243242,6.959793346,33.78270451,347.7278109,6.970040008,0.013659443,4.095292069,0.742999883,0.725781463,0.989088941,0.707462976,0.99923237,0.387942856,0.976719596,371.2259106,347.7278109,4444.956972,323659.27
106,0.039381712,18.998299,94.90544231,7.149536754,2.152225018,0.779900604,2.81834587,7.135410877,37.99659801,376.1951784,7.145300196,0.011927068,3.426590821,0.779900604,0.711755976,0.988436383,0.690881266,0.999319532,0.39326128,0.981947343,454.1275119,376.1951784,5712.508286,409185.4637
107,0.048698099,23.86943489,144.5326555,7.500698708,2.257935299,0.879023958,2.830291873,7.489464931,47.73886979,574.5276469,7.496457901,0.009982656,3.602974991,0.879023958,0.691734084,0.986959036,0.665611287,0.999237956,0.383453513,0.987535775,712.4810901,574.5276469,4071.898547,593224.8017
108,0.036039097,23.81513956,214.3575395,8.231947505,2.478063122,1.375104537,2.729853768,8.22223584,47.63027911,852.8093916,8.218544604,0.006973938,4.620766255,1.375104537,0.596945713,0.979562,0.553216793,0.998880802,0.379395296,0.989221825,779.2080284,852.8093916,11455.947,1506582.738
109,0.029605532,26.78451744,150.4756927,8.086003888,2.434129715,1.300078124,6.155577587,8.061952893,53.56903488,594.0569901,8.061598079,0.006971792,7.845780716,1.300078124,0.637986744,0.981224939,0.602619747,0.998262664,0.375513751,0.973930073,863.9631767,594.0569901,5647.056584,813741.4639
110,0.020242864,25.44249616,126.8322877,7.91814832,2.383600154,1.205061346,4.295238535,7.913666377,50.88499232,501.5817396,7.907051577,0.007035244,5.747411382,1.205061346,0.637473659,0.982306092,0.598530288,0.998748079,0.359237002,0.977342475,771.2791928,501.5817396,634.4194393,698467.2572
111,0.018135971,22.70624223,129.0963234,8.168924887,2.459091423,1.317098526,2.462330894,8.143133122,45.41248446,512.1882141,8.138129675,0.005961696,4.19707942,1.317098526,0.604062007,0.980375741,0.560769226,0.998982768,0.37650829,0.983744388,642.5712199,512.1882141,5708.464699,831187.2388
112,0.085439044,19.86124132,144.710577,7.316087314,2.202361732,0.869856554,1.351312093,7.311587795,39.72248265,576.7343453,7.309267399,0.017124324,2.107962517,0.869856554,0.698925957,0.986896685,0.669699231,0.999487471,0.338664459,0.992716626,538.1255027,576.7343453,10479.00743,958317.8299
113,0.027814132,26.69097179,143.4221358,8.160818602,2.456651188,1.375980152,6.606399796,8.137276022,53.38194358,565.1888219,8.136926929,0.006522552,8.499721176,1.375980152,0.623048909,0.980155482,0.584876175,0.998133089,0.377034186,0.970368168,851.5802501,565.1888219,5039.565204,778423.9818
114,0.026726359,28.32903454,151.0144064,8.598370303,2.588367375,1.742938775,7.178416214,8.543794371,56.65806909,593.8413739,8.551615358,0.004743928,10.21625179,1.742938775,0.561108547,0.974845056,0.511946684,0.997673242,0.37540532,0.966174579,948.4404787,593.8413739,7995.946461,908455.7282
115,0.01805041,26.99965497,163.3392713,8.452441453,2.544438414,1.492736253,2.374665768,8.44975424,53.99930994,648.754158,8.448256209,0.004753811,4.60292729,1.492736253,0.556656944,0.977730853,0.504477492,0.998882432,0.38940017,0.985909919,890.0191763,648.754158,8119.399651,1039349.54
116,0.026529186,25.79421531,111.612581,8.033766279,2.418404628,1.312885937,6.11800592,7.99434379,51.58843062,438.6086486,8.020002917,0.006326665,7.841675405,1.312885937,0.612369364,0.980955485,0.57327284,0.998355627,0.404887715,0.964871006,773.0332867,438.6086486,-322.9614096,525569.5694
117,0.029621472,25.06410677,81.5021902,7.111967607,2.140915578,0.796850731,2.1625893,7.100007391,50.12821354,323.2112004,7.108306887,0.011445477,2.797560388,0.796850731,0.711445899,0.988107485,0.688670001,0.999389621,0.374407956,0.982837514,708.3128582,323.2112004,-3151.271858,321153.5899
118,0.029854341,28.33978702,77.93029665,7.282869734,2.192362245,0.804941017,2.205379966,7.258728799,56.67957404,308.8678766,7.275843882,0.010398266,2.853310007,0.804941017,0.703382058,0.987987202,0.681412335,0.999381599,0.398588932,0.981693192,879.6471699,308.8678766,1169.015227,272826.5144
119,0.018526406,32.07240901,104.9247696,8.129299025,2.44716285,1.295876905,2.981197435,8.121713298,64.14481801,415.0385841,8.120146626,0.005925484,4.660494388,1.295876905,0.604563559,0.98077181,0.563688143,0.998895776,0.401317593,0.977791257,1131.233942,415.0385841,-277.280285,415928.9114
120,0.015810585,31.64864474,110.2815689,8.161637147,2.456897595,1.282070934,2.308339169,8.156315984,63.29728948,437.1742307,8.154083381,0.005493887,3.95204505,1.282070934,0.600983076,0.980861289,0.558534898,0.99904753,0.397196483,0.982082024,1109.94226,437.1742307,-439.3759362,455642.3509
121,0.036367502,32.2317134,101.741603,7.360295407,2.215669695,0.775702922,0.977724489,7.355882384,64.46342681,405.3869726,7.353825871,0.011133666,1.579439512,0.775702922,0.706657912,0.988248799,0.683885237,0.999615451,0.385127841,0.992237986,1139.835232,405.3869726,234.829994,456223.0219
122,0.025788379,29.95174167,128.6454606,7.644584148,2.301249133,0.87074574,1.209484092,7.639108591,59.90348335,512.6141601,7.637808066,0.007998649,1.967682237,0.87074574,0.686287874,0.986851953,0.659353139,0.9995213,0.385042956,0.992352306,1024.768449,512.6141601,-1760.158152,703943.5011
123,0.040352185,23.73304629,92.2683344,7.817322848,2.353248663,1.391570754,8.88255322,7.785870312,47.46609257,358.2543152,7.81464118,0.009412271,10.81902238,1.391570754,0.609123244,0.980107372,0.567994393,0.997969006,0.388369105,0.941371964,650.1163092,358.2543152,5762.156456,474087.484
124,0.036021766,33.06621927,84.5365137,7.652681746,2.303686753,1.003145178,1.526614233,7.642928681,66.13243854,335.6131403,7.639835936,0.008423975,2.532914481,1.003145178,0.650333761,0.984908156,0.620356534,0.999385369,0.423604724,0.985018814,1176.644913,335.6131403,409.6943766,292297.0848
125,0.040288507,25.45827012,121.9862281,7.578053726,2.28122148,0.915593561,3.183857973,7.541116191,50.91654025,483.922743,7.570140194,0.009403251,4.022169542,0.915593561,0.693998376,0.986480175,0.66691068,0.999129031,0.365038083,0.983513838,768.0986611,483.922743,2664.17515,562029.3253
126,0.030475584,26.0936933,91.37218033,7.697442354,2.317161038,1.15483428,5.123709275,7.647602571,52.1873866,359.0313698,7.684249676,0.009146846,6.457351488,1.15483428,0.655853303,0.983184814,0.622459303,0.998632245,0.368772089,0.964664565,769.0243347,359.0313698,2701.952115,357660.0059
127,0.0315751,23.73432348,111.6441632,7.597344318,2.287028527,0.894344858,1.571030898,7.594092659,47.46864696,444.2057692,7.592425409,0.008817227,2.370883623,0.894344858,0.689972515,0.986564639,0.662673236,0.999427502,0.370420642,0.989381963,673.7768324,444.2057692,2409.197661,523662.0602
128,0.02290029,33.7489375,120.6271188,8.047807043,2.422631319,1.124074775,1.889715981,8.045112036,67.49787501,479.3552152,8.03719446,0.00633648,3.153260081,1.124074775,0.636208002,0.983160012,0.600266742,0.9992345,0.389906604,0.986929721,1258.041271,479.3552152,-590.6159634,531392.2128
129,0.037032087,24.83630704,107.3801176,7.593875992,2.285984457,0.887823404,1.601065009,7.585413367,49.67261408,427.1311752,7.581462524,0.009250237,2.389295407,0.887823404,0.692323178,0.986670226,0.666063089,0.999422825,0.373791837,0.988874591,723.0276172,427.1311752,3964.219523,540204.4385
130,0.024430396,25.22191425,123.5278216,8.200817919,2.468692183,1.321629184,2.445752068,8.197898912,50.4438285,489.9188305,8.198371488,0.005772578,4.192455768,1.321629184,0.601092191,0.980302949,0.557363445,0.998984614,0.379573894,0.983030318,757.5765521,489.9188305,3523.450603,537387.9054
131,0.02605702,26.96689016,82.88680341,7.878590647,2.371692108,1.296022388,3.180676627,7.873585256,53.93378033,326.686863,7.86545211,0.007605443,4.860350657,1.296022388,0.609485135,0.980793229,0.567950472,0.99887022,0.384097155,0.970680793,807.6697932,326.686863,2493.973911,345784.9387
132,0.018834253,27.08612249,90.34618302,8.245339312,2.482094457,1.549767694,4.364545284,8.226839488,54.17224497,354.6184069,8.239960717,0.005525863,6.766325187,1.549767694,0.57185258,0.977219469,0.524103274,0.998439731,0.382502994,0.962553342,820.6210517,354.6184069,1890.355857,295015.9762
133,0.037684465,30.01369785,144.5494617,7.409553131,2.230497747,0.667543032,1.337854384,7.392939373,60.0273957,576.4143787,7.404885216,0.009295305,1.783468084,0.667543032,0.744822107,0.98995079,0.727282226,0.999589027,0.355483022,0.993830942,1044.479786,576.4143787,-882.2001976,678533.1003
134,0.034353769,26.10756714,155.9812742,7.4900318,2.25472424,0.736807428,1.444056407,7.483258681,52.21513428,621.9381551,7.482322215,0.008989,1.986941593,0.736807428,0.728669512,0.988919511,0.707475034,0.999535434,0.35388403,0.993630833,836.5928653,621.9381551,-2311.930994,889516.8075
135,0.018314056,28.21970082,141.1652813,7.953541999,2.394254713,0.989562566,1.521243116,7.944459373,56.43940165,562.1606482,7.942515106,0.006123206,2.500477187,0.989562566,0.657657134,0.985110978,0.626138723,0.999395306,0.397513992,0.991143441,936.2665573,562.1606482,-694.5933572,704721.7619
136,0.017490677,27.90535867,94.39343275,8.475593095,2.551407753,1.887117945,5.176977832,8.444530007,55.81071734,368.835539,8.450703884,0.005130808,8.73819197,1.887117945,0.530059125,0.972424586,0.473389775,0.997912202,0.355410395,0.953713984,868.7333792,368.835539,3900.096133,441915.7559
137,0.06986908,21.35095302,219.4994831,7.983126661,2.403160584,1.258586831,3.389909901,7.927177501,42.70190605,873.0239817,7.910797336,0.012803595,4.973950712,1.258586831,0.640793412,0.98143621,0.604348228,0.998804071,0.355710459,0.988669789,672.8757027,873.0239817,21543.30658,2162478.102
138,0.038090673,16.72466731,146.6548082,7.634953486,2.298350015,1.114159242,2.281007365,7.591270569,33.44933461,583.0968748,7.569257478,0.010829661,3.522358182,1.114159242,0.652983005,0.983390113,0.618891785,0.999147175,0.366986487,0.98799099,424.6081256,583.0968748,21166.06227,1941051.705
139,0.02593991,34.23072236,119.9067336,8.509474341,2.561607024,1.792700467,4.924025186,8.427436806,68.46144472,471.4891344,8.415318425,0.005258707,8.137800152,1.792700467,0.546799169,0.973779561,0.49470411,0.998047061,0.366566321,0.966066125,1287.580187,471.4891344,5484.414159,568086.7351
140,0.042850204,42.15838103,58.10799606,7.448354058,2.24217799,1.321387088,9.773925182,7.327218376,84.31676205,220.9119952,7.406756681,0.010313788,11.51998902,1.321387088,0.625979512,0.981267901,0.589411769,0.997908128,0.400382448,0.900874322,1829.677092,220.9119952,-931.0273283,173732.0744
141,0.042117687,38.33028684,76.71893781,7.424744389,2.235070771,1.053206193,2.590140168,7.40952937,76.66057368,303.1763678,7.405453241,0.009780129,3.699383454,1.053206193,0.645592839,0.984328266,0.612736131,0.999138081,0.410806568,0.975890024,1544.080135,303.1763678,554.7457893,292045.1388
142,0.032647433,42.61585093,82.43683286,7.538438124,2.269295996,1.100216694,2.570733491,7.498804218,85.23170186,325.9661212,7.475115663,0.009505036,3.781210265,1.100216694,0.636512644,0.983625152,0.601892517,0.999108603,0.410264528,0.977066014,1896.656978,325.9661212,-2905.126553,487758.0858
143,0.032839653,38.81668403,114.119309,7.652900988,2.303752751,1.297677967,5.113319135,7.625847998,77.63336806,449.6799486,7.638297123,0.009195679,6.79728724,1.297677967,0.63904231,0.981143608,0.605431847,0.998409782,0.384326591,0.970218505,1617.455625,449.6799486,-7717.808397,755154.6107
144,0.022657801,24.47539065,154.6848716,8.174774071,2.460852203,1.264596117,5.137335011,8.168572387,48.9507813,612.0029482,8.168454863,0.006283448,6.736538349,1.264596117,0.629880147,0.981560903,0.594212264,0.998537665,0.393552365,0.978224961,750.3613498,612.0029482,6097.617191,865856.5331
145,0.024789509,24.53504592,141.4574616,8.318947347,2.504252684,1.361468866,3.083947046,8.298367715,49.07009184,560.892302,8.298880355,0.005763408,4.93754452,1.361468866,0.60704646,0.979833838,0.56553564,0.998809069,0.376273573,0.9825476,740.9571676,560.892302,4941.493221,844299.5397
146,0.024117157,25.55471431,141.9663136,8.415066626,2.53318747,1.434575707,3.698098471,8.390670998,51.10942861,562.1091484,8.391231686,0.005187848,5.75610593,1.434575707,0.5968091,0.978848671,0.553460591,0.998627234,0.376163291,0.979727212,792.1316839,562.1091484,4148.252264,833974.3732
147,0.021964394,26.38480261,159.0875599,8.166020225,2.458217033,1.209152242,2.318596892,8.164887282,52.76960523,632.5695934,8.164168814,0.00580052,3.780646037,1.209152242,0.625690525,0.981962587,0.585891829,0.999087228,0.371921965,0.988117719,853.3550458,632.5695934,1535.263723,874537.1603
148,0.030325096,29.217884,152.130479,7.936408605,2.389097048,1.029745303,1.760924721,7.933534685,58.43576801,605.7006161,7.931401232,0.006910685,2.82130011,1.029745303,0.656339972,0.984552513,0.623126562,0.999318943,0.380861764,0.990727367,1004.404575,605.7006161,1225.143917,796479.2669
149,0.032661381,26.48799349,133.3565391,7.696893294,2.316995755,0.88418541,1.723298672,7.692379801,52.97598698,530.9210737,7.688815478,0.008055235,2.505082511,0.88418541,0.693222806,0.986742471,0.667107619,0.999402034,0.37397646,0.990607575,833.7177969,530.9210737,1385.656446,702090.0787
150,0.012978781,27.10773898,180.8167253,8.976770003,2.702277035,2.283148713,12.93552208,8.953953171,54.21547795,705.1186111,8.956337582,0.003259092,18.14829012,2.283148713,0.510706399,0.967806336,0.451180071,0.996069985,0.337377485,0.949815787,906.5720926,705.1186111,2148.712391,1066812.857
151,0.036778979,24.19412091,148.9273406,8.469671838,2.549625277,2.027176927,11.08744777,8.428560304,48.38824182,580.5124685,8.466395026,0.005955808,15.19689407,2.027176927,0.539608806,0.971198886,0.480741933,0.996788566,0.31168452,0.948978831,726.6843802,580.5124685,2113.269858,710388.0746
152,0.018419851,39.71964911,101.9034212,8.797632432,2.648351253,2.292091643,6.590698609,8.719088986,79.43929822,395.769302,8.705230523,0.003897168,11.84438271,2.292091643,0.482194446,0.966756067,0.41687471,0.997180146,0.332357512,0.941884274,1673.631755,395.769302,-1056.704208,429108.6403
153,0.036857628,32.69849145,66.26995999,7.340807484,2.209803245,0.937031453,2.295782599,7.331009982,65.3969829,261.9060294,7.327762938,0.011689642,3.173810544,0.937031453,0.696322107,0.986054719,0.670594032,0.99924736,0.360090712,0.976053927,1133.874398,261.9060294,2296.839469,210090.2152
154,0.026099087,27.96694866,228.8041319,8.921233445,2.685558865,1.96629618,4.420184306,8.895737785,55.93389731,906.9300227,8.870583822,0.003950781,8.286504972,1.96629618,0.509554717,0.97112834,0.447316053,0.997999905,0.342638477,0.981891706,1006.811097,906.9300227,9279.997301,1597770.556
155,0.031559831,29.53451512,85.190606,7.537539485,2.269025478,1.022717569,3.026520298,7.53285333,59.06903024,336.6899525,7.527042165,0.01053592,4.072471524,1.022717569,0.676710865,0.984862898,0.647315796,0.999082816,0.36579843,0.976097884,955.4419537,336.6899525,4614.226845,373739.878
156,0.038403458,29.80351175,81.35108226,7.490349959,2.254820016,0.960177775,2.245035591,7.485398439,59.60702351,322.2373521,7.483076011,0.011437541,3.166976951,0.960177775,0.692847873,0.985705383,0.666628282,0.99923752,0.359978585,0.980535127,968.0169066,322.2373521,3914.986138,333178.1213
157,0.069629342,23.25966423,148.5982663,7.636008586,2.298667632,0.960982352,1.76353232,7.624381074,46.51932847,591.7060459,7.620071462,0.011481519,2.687019401,0.960982352,0.682387498,0.985598056,0.651978728,0.999349064,0.352487744,0.990958779,688.2667369,591.7060459,320.4690542,874607.0022
158,0.027952985,24.23062931,114.1334697,7.940927739,2.390457443,1.192309368,2.866603521,7.922692013,48.46125861,452.2456738,7.924568696,0.008026737,4.288205151,1.192309368,0.636875975,0.982314227,0.600390615,0.998977761,0.375785259,0.981214077,699.1127638,452.2456738,6147.717633,628179.2517
159,0.030850613,27.86748434,80.57143164,7.69801741,2.317334147,1.125495791,2.354593439,7.693690231,55.73496868,318.6643924,7.691236178,0.009130942,3.621334215,1.125495791,0.644819289,0.983227205,0.610927558,0.999127848,0.386494278,0.977527182,855.3574479,318.6643924,3807.900009,334081.3019
160,0.027584481,23.94409937,86.83823828,7.716876586,2.323011325,1.264012958,5.052703292,7.715147656,47.88819874,340.7025211,7.71565903,0.008188205,6.65043205,1.264012958,0.635770924,0.981617046,0.601292838,0.998463258,0.39336679,0.961707929,656.8329168,340.7025211,3414.9862,359031.8006
161,0.023693258,25.73546385,111.8215001,8.198824742,2.468092177,1.431163458,2.806201894,8.197164676,51.47092771,442.4315697,8.197270683,0.006071315,4.854430738,1.431163458,0.582804546,0.978736412,0.535628229,0.998825546,0.377999452,0.97829384,771.7083845,442.4315697,1760.848468,508287.8879
162,0.02755537,24.14665311,100.5541905,7.608100659,2.290266508,0.9922404,1.628072971,7.6059816,48.29330622,399.6041482,7.605435455,0.009399429,2.612613982,0.9922404,0.668316304,0.985097271,0.635223272,0.999365707,0.360184408,0.987008925,682.3087399,399.6041482,1390.259886,469130.0511
163,0.022690257,30.3460718,91.49412725,7.742324249,2.330671835,1.029966221,2.601701333,7.715018275,60.6921436,362.3139772,7.73199167,0.007756513,3.662531749,1.029966221,0.659184258,0.984675306,0.628488394,0.999165378,0.396048374,0.979984881,1010.546935,362.3139772,1988.946178,333146.6452
164,0.039181535,34.19231462,84.28065317,7.739988187,2.32996861,1.043845196,1.627635178,7.737877183,68.38462924,334.4053647,7.737722312,0.008931995,2.71724797,1.043845196,0.647786098,0.984315541,0.614497061,0.999340188,0.397322727,0.983879764,1252.036408,334.4053647,-1100.54302,347361.1754
165,0.039111276,32.16904418,87.65507344,7.65921452,2.305653314,0.963233601,1.522262412,7.64962326,64.33808837,348.1702124,7.656235924,0.009204837,2.450081383,0.963233601,0.66521522,0.985509097,0.635019589,0.999408212,0.394378392,0.986024304,1121.277437,348.1702124,-731.4593288,376287.3671
166,0.023818961,25.16787291,124.7116127,8.180250617,2.462500808,1.295671106,2.626121253,8.173722767,50.33574582,494.5415659,8.176386298,0.00601645,4.304884869,1.295671106,0.613649247,0.980730193,0.572766598,0.99895792,0.376171152,0.982740641,755.980997,494.5415659,1106.422493,671712.4954
167,0.021919984,26.94295347,104.0888036,7.83495869,2.35855758,1.088371191,1.783929457,7.830325637,53.88590694,413.386733,7.826923936,0.007234256,2.968481306,1.088371191,0.642277329,0.983676813,0.607561121,0.999279014,0.3912557,0.985740631,828.5273045,413.386733,-563.6155833,471425.0237
168,0.030521173,24.28635427,135.3380765,8.165200212,2.457970184,1.369522606,5.465016165,8.098872437,48.57270855,534.0116979,8.146064874,0.006817053,7.340608334,1.369522606,0.622156747,0.980083258,0.584150224,0.998352933,0.37571593,0.972880476,721.4947763,534.0116979,6271.44111,938949.6875
169,0.028925811,28.86901236,98.62557762,8.626487176,2.596831397,2.02486077,5.838670136,8.619457963,57.73802471,384.5635792,8.621415247,0.005254264,9.938731275,2.02486077,0.524837432,0.970542645,0.468191634,0.997615244,0.343287855,0.949613825,927.0760865,384.5635792,3705.967761,504296.7866
170,0.023423929,26.97971299,120.9348951,8.254285747,2.484787603,1.483067794,3.882284739,8.23831368,53.95942598,477.6578054,8.239779164,0.00663745,6.081774822,1.483067794,0.598340507,0.978177847,0.555660747,0.998535682,0.367751201,0.97485517,845.7989207,477.6578054,7854.158526,768515.0818
171,0.025666199,27.32010659,123.1551531,8.372541746,2.520386206,1.576886396,4.033878104,8.358436332,54.64021318,486.1001635,8.360075243,0.006107306,6.520448808,1.576886396,0.579864063,0.976810499,0.533709948,0.998429557,0.368429921,0.973527503,866.2831529,486.1001635,7577.321968,767701.4687
172,0.026101319,31.85290932,217.3231373,8.93099089,2.688496149,2.258765873,13.66436451,8.908230188,63.70581864,850.5261614,8.89613459,0.004691274,18.76638778,2.258765873,0.536451719,0.968380675,0.48357644,0.995809181,0.340191977,0.956823769,1222.547776,850.5261614,734.5393961,1283468.477
173,0.02503924,24.81261242,125.1369268,8.167593776,2.458690719,1.295836532,2.636189831,8.16074138,49.62522484,496.2323252,8.163537438,0.006050169,4.315382148,1.295836532,0.614251128,0.980730032,0.573407068,0.998955298,0.374978219,0.982757359,738.644971,496.2323252,1399.545847,675444.518
174,0.026135872,18.79952402,81.60554716,7.91560511,2.382834572,1.827001298,19.01732372,7.825961334,37.59904803,304.0669312,7.90833814,0.007170081,22.35525746,1.827001298,0.564090201,0.975011678,0.515406326,0.996054178,0.389021036,0.863028567,423.8500216,304.0669312,1980.0052,266044.6495
175,0.028610089,20.03830226,101.6941087,7.79413875,2.346269554,1.218055826,4.663244764,7.788032324,40.07660451,400.6295299,7.78711751,0.007846603,6.146904759,1.218055826,0.626988486,0.98213539,0.589365245,0.998729284,0.392033275,0.969777479,500.1542136,400.6295299,2613.216464,420699.9308
176,0.028401901,22.5366694,128.2437427,8.189143511,2.465177836,1.507693289,7.729540571,8.178940534,45.07333879,502.9722912,8.183418513,0.006941336,10.00267963,1.507693289,0.598463031,0.978311531,0.554444447,0.997925054,0.368389739,0.961001296,631.1438704,502.9722912,5910.566509,646354.128
177,0.047228213,19.51613547,154.0886445,8.100132615,2.438382886,1.366123492,3.090731925,8.088438347,39.03227095,611.3975527,8.092223125,0.00803579,4.957025322,1.366123492,0.602542728,0.979759911,0.558356919,0.99880708,0.36804442,0.983915021,532.4896757,611.3975527,13341.92605,1227196.883
178,0.024410763,28.31869996,177.0647348,8.635693777,2.59960286,1.65367844,3.708302708,8.619944168,56.63739992,701.8159841,8.60823844,0.004532297,6.44295509,1.65367844,0.548114592,0.975598895,0.495378421,0.998447439,0.380810243,0.981806216,975.7920248,701.8159841,9610.848988,1183506.265
179,0.023308856,32.0881453,311.6589805,9.181372233,2.763868444,2.439641745,9.156125461,9.065601028,64.17629061,1231.527945,9.015243887,0.003900803,15.1079773,2.439641745,0.508237471,0.965131029,0.448991596,0.996392637,0.30584409,0.975762006,1333.754061,1231.527945,-1365.699024,2716113.846
180,0.02648437,27.99284293,197.2017525,8.425306654,2.536270025,1.459464664,5.492647277,8.389498856,55.98568586,781.1843256,8.414677194,0.005410237,7.622684383,1.459464664,0.60034697,0.978749964,0.557573805,0.998269052,0.375542325,0.980672879,976.9896656,781.1843256,6690.247446,1184592.703
181,0.020920226,28.51839264,214.5267986,8.851280303,2.664500871,1.707103638,3.814863746,8.835017786,57.03678528,851.3781279,8.832835109,0.00373003,6.729066575,1.707103638,0.544769031,0.97483327,0.491155096,0.998375519,0.37097316,0.98431649,1024.460984,851.3781279,8157.605943,1491569.149
182,0.343682245,16.49468176,256.4509525,6.280293257,1.890556652,0.92495431,2.06307962,6.27653607,32.98936351,1022.88519,6.27398763,0.121065861,2.918620095,0.92495431,0.730457304,0.986215421,0.697001647,0.999291642,0.221204995,0.994309594,527.0661687,1022.88519,25240.80866,2633829.332
183,0.025867389,26.29328374,150.3016184,8.098769283,2.437972482,1.219418541,2.123961922,8.084834696,52.58656747,597.5955299,8.084506685,0.00680149,3.6109435,1.219418541,0.614402928,0.981770218,0.574851044,0.999125047,0.397938972,0.987987676,839.8329162,597.5955299,6754.631229,769340.2623
184,0.028905623,21.4386298,138.9068313,8.06911348,2.429045196,1.48887828,11.84472017,8.005014531,42.87725961,541.5658467,8.050882413,0.006226814,14.0614787,1.48887828,0.601559234,0.979113791,0.559209482,0.997314568,0.392402156,0.949385215,591.4909399,541.5658467,2965.148771,686930.7382
185,0.025597174,21.38642168,134.2416793,8.619884699,2.594843854,2.043183276,5.75413507,8.60446857,42.77284337,527.0379843,8.603880325,0.005022322,9.928732968,2.043183276,0.51744121,0.970245819,0.4559146,0.997625982,0.321841647,0.963019187,586.6563453,527.0379843,6465.378133,763204.8581
186,0.060810948,21.69137175,171.6348201,8.338713064,2.510202757,2.332653144,7.728238558,8.331407162,43.3827435,673.369771,8.334732985,0.009492389,13.16950925,2.332653144,0.51612498,0.966401635,0.450361529,0.996858291,0.246601631,0.961635089,635.5656738,673.369771,6524.990994,1075358.517
187,0.034966478,21.35680763,99.659006,7.828395097,2.356581742,1.299277978,2.400695714,7.821561874,42.71361527,394.547205,7.821560844,0.007828573,4.088818979,1.299277978,0.609789791,0.980630449,0.564951415,0.999009002,0.355129206,0.979485953,553.7278288,394.547205,3954.667742,471850.8879
188,0.039198669,21.24099471,122.3478663,8.005444988,2.40987907,1.32771952,2.902096538,7.997252569,42.48198941,484.7265294,7.988581263,0.007879008,4.664935661,1.32771952,0.615632456,0.980305672,0.573321613,0.998872322,0.355849191,0.98093577,571.1952546,484.7265294,8332.252313,864677.037
189,0.030260154,24.78168312,120.1203202,8.155646254,2.455094156,1.369698042,2.919325545,8.149499125,49.56336624,475.6858825,8.147655207,0.006373269,4.79539827,1.369698042,0.597668593,0.979674093,0.554362851,0.9988441,0.383738861,0.980039188,731.8544393,475.6858825,6042.595938,726103.6216
190,0.033668801,22.32067026,155.0011081,7.962112785,2.396834777,1.259184711,2.552958151,7.953232382,44.64134052,615.8659281,7.945610947,0.008191286,4.138504287,1.259184711,0.629600885,0.981266257,0.587769024,0.998996965,0.337504554,0.986650082,651.1441767,615.8659281,10990.00149,1176202.703
191,0.049418876,22.06378338,142.9010761,8.094730731,2.436756757,1.383716075,3.02724239,8.086802688,44.12756676,566.6623919,8.082341962,0.008394433,4.941912567,1.383716075,0.607854579,0.979492899,0.56288973,0.998805661,0.343823141,0.982708624,627.2406568,566.6623919,4952.691674,873677.2376
192,0.04026524,27.40325843,150.4161902,8.165190877,2.457967374,1.400319923,2.633625954,8.160968511,54.80651685,597.0702389,8.161165925,0.00658482,4.594521841,1.400319923,0.593668305,0.979166122,0.545043291,0.998886196,0.346287404,0.984727303,899.0575016,597.0702389,2523.735954,775318.1974
193,0.052174624,22.46297417,111.9628541,7.87678757,2.371149328,1.181311315,2.007021564,7.868830324,44.92594833,444.4488983,7.865547814,0.008794553,3.402517986,1.181311315,0.623577614,0.98232119,0.58450253,0.999174438,0.386718523,0.984805148,614.8468035,444.4488983,7340.278041,685876.1306
194,0.043599447,24.35793545,108.4298146,7.758077186,2.335413942,1.280654445,7.396415691,7.687732687,48.71587089,424.6827671,7.740645815,0.009696473,9.036491498,1.280654445,0.637619621,0.981638766,0.601190698,0.998137759,0.375359563,0.958330227,697.2205881,424.6827671,5935.191873,550376.9862
195,0.031904034,21.80068297,125.9828176,8.016720416,2.413273312,1.358665185,6.113541189,8.001296281,43.60136595,495.9717581,7.992319396,0.007459338,7.959512275,1.358665185,0.623513126,0.980261366,0.582334504,0.998380158,0.349286551,0.968410326,597.2728396,495.9717581,5435.961404,804974.1492
196,0.030727773,26.8829598,121.3609907,7.979245691,2.401992296,1.161435253,4.398478403,7.919895126,53.76591959,479.6965526,7.965093569,0.007131872,5.74741025,1.161435253,0.641561424,0.982970695,0.607692201,0.998767315,0.395957289,0.976321015,841.180813,479.6965526,4185.767037,635969.3563
197,0.042805715,23.71288036,118.5399647,7.594632518,2.286212194,0.950591581,2.596162089,7.589387083,47.42576072,470.6600725,7.586923414,0.01072528,3.499786443,0.950591581,0.687012885,0.985866654,0.658468782,0.999223042,0.360071278,0.985237947,679.0907664,470.6600725,5940.669164,734757.7057
198,0.035131661,23.51996982,104.368143,7.689647341,2.314814506,1.004118371,1.554506627,7.686401735,47.03993965,414.9098116,7.686492082,0.009052512,2.562760329,1.004118371,0.658457249,0.984901769,0.626413419,0.999377387,0.388539838,0.987722497,656.2757433,414.9098116,6875.89182,655733.6875
199,0.044291665,20.65497161,131.5460246,7.639453135,2.299704544,0.905396444,2.049563451,7.637524363,41.30994322,523.3147923,7.638488749,0.010257776,2.869306172,0.905396444,0.707058501,0.98649829,0.682289179,0.999307846,0.346368258,0.989093908,556.7392237,523.3147923,5819.115144,770066.5332
200,0.055555843,19.81826117,178.3252194,7.455746401,2.244403307,0.9482204,2.97574922,7.399266256,39.63652233,709.4260065,7.386486236,0.013875973,3.874871147,0.9482204,0.689682215,0.985959203,0.662728967,0.999159436,0.367419023,0.989135381,569.1512595,709.4260065,26328.74695,2102710.855
201,0.023704628,27.20991072,170.6309541,8.262837777,2.48736202,1.388202269,4.530456158,8.249177089,54.41982144,676.0662545,8.260016228,0.005492687,6.457561698,1.388202269,0.600647408,0.979581219,0.555756513,0.998639695,0.364583091,0.981077403,907.7814145,676.0662545,5232.279693,904754.6829
202,0.019317049,26.01355309,225.698595,8.947703924,2.693527273,1.92671984,4.75565943,8.928351313,52.02710618,894.3264711,8.931354815,0.003598012,8.467908774,1.92671984,0.520769456,0.971775508,0.463189514,0.997960072,0.360005062,0.98124067,898.169585,894.3264711,7746.308988,1603389.321
203,0.27834299,20.65308135,332.5436408,6.85889506,2.06473315,0.900430969,2.639378898,6.835826178,41.30616269,1326.724408,6.822662884,0.080793256,3.450154828,0.900430969,0.736692845,0.986679238,0.708044756,0.999189256,0.249424888,0.994812478,757.3683324,1326.724408,25674.50025,3548124.242
204,0.031196036,30.00170243,164.44515,7.679827162,2.311858337,0.778909344,1.480996945,7.655040863,60.00340487,655.6929035,7.633291504,0.008965246,2.08769671,0.778909344,0.724959586,0.988301137,0.703464916,0.999497136,0.351367456,0.993652301,1063.503451,655.6929035,7867.839697,1013011.877
205,0.045767461,23.72106452,182.0903402,7.913804855,2.382292641,1.073909365,1.84098319,7.90603263,47.44212904,725.3670961,7.902833738,0.009090507,2.994264515,1.073909365,0.654210857,0.983908721,0.619543127,0.999272724,0.365344243,0.99177808,743.2821098,725.3670961,9791.787602,1081934.558
206,0.022505447,29.22645733,183.5506035,8.209681983,2.471360532,1.382622452,4.888462609,8.191828775,58.45291466,727.4023064,8.190194958,0.005732114,6.800107453,1.382622452,0.606779194,0.979735685,0.562023572,0.998546686,0.355071235,0.981476205,1034.336358,727.4023064,4356.632885,1179008.76
207,0.141244616,19.03438825,248.2928084,7.210043923,2.170439491,0.977602426,3.534983789,7.202165605,38.06877651,988.6805434,7.20607295,0.028714101,4.490690292,0.977602426,0.704755343,0.985576735,0.67007007,0.999101101,0.268754111,0.990956866,608.3553995,988.6805434,24161.34443,2437074.897
208,0.03173126,22.27201225,163.1813604,8.293410522,2.496565333,1.377803128,2.735503216,8.291065394,44.5440245,648.091597,8.289795055,0.006317,4.633844676,1.377803128,0.599637982,0.979524526,0.555863996,0.998876994,0.371424734,0.98580155,656.9069677,648.091597,8687.930017,982194.0689
209,0.059832789,19.92622135,191.8251207,7.513352839,2.261744572,1.112107936,2.527253429,7.508810489,39.85244271,763.5364451,7.507217481,0.014969991,3.764037491,1.112107936,0.665443587,0.983449552,0.625636048,0.999115707,0.296037812,0.990188883,586.9973993,763.5364451,12564.6601,1323374.285
210,0.073827949,17.76946726,195.1175117,6.909585928,2.079992622,0.602783955,0.701909868,6.904828469,35.53893451,779.4047885,6.903028179,0.019998218,1.065258364,0.602783955,0.757682101,0.990832236,0.741817694,0.999740423,0.34707794,0.997270213,510.3388491,779.4047885,29977.83956,2282796.256
211,0.017743863,31.50586099,217.7512987,8.527425151,2.567010756,1.542474947,2.727647934,8.504241248,63.01172198,865.8983181,8.497428193,0.004217238,5.106876896,1.542474947,0.555551177,0.97706161,0.502246431,0.998761789,0.375710615,0.988273602,1207.817137,865.8983181,-273.3468442,1448195.485
212,0.037589333,23.31142246,286.2597493,7.970111995,2.399242779,1.068489947,2.295931232,7.918947384,46.62284492,1141.601395,7.866628593,0.010041974,3.437601999,1.068489947,0.673289713,0.984083952,0.6397602,0.999167998,0.330982867,0.99399566,827.9633655,1141.601395,28993.3152,3035297.323
213,0.08659466,22.98545846,268.3963753,7.602857885,2.288688276,1.052059662,1.950579173,7.595793181,45.97091691,1070.528092,7.589942823,0.017812395,3.057408706,1.052059662,0.675565704,0.984263369,0.637080046,0.999257793,0.291535006,0.994304303,795.1989713,1070.528092,12319.04695,2111198.38
214,0.052195705,17.52726641,101.0743166,7.209595968,2.170304643,0.863095387,3.415373464,7.198640768,35.05453283,400.1369593,7.206145807,0.014833535,4.160307111,0.863095387,0.704543522,0.987266455,0.68011435,0.999190223,0.368429942,0.979419563,406.199231,400.1369593,9634.427854,643298.2611
215,0.051805069,22.49274547,228.4685261,7.654538621,2.304245728,0.857245137,2.16544914,7.649499078,44.98549095,910.9737859,7.644013479,0.011099247,2.900318366,0.857245137,0.703468435,0.987197567,0.678299061,0.999367377,0.362273986,0.993652696,732.9419659,910.9737859,23601.01289,2041660.054
216,0.045521781,23.4265351,131.4847875,7.76240049,2.336715386,1.039074924,4.370139287,7.745389023,46.85307021,520.4893339,7.757160879,0.009274443,5.449815984,1.039074924,0.671153072,0.984780825,0.641138949,0.998885035,0.376500361,0.979275869,677.5624265,520.4893339,6982.685048,768877.2326
217,0.02789993,25.2552086,103.4998588,8.151226306,2.45376362,1.483551975,3.400995122,8.145613153,50.51041721,408.3975135,8.144987415,0.007286057,5.601921585,1.483551975,0.584947974,0.978072547,0.538478045,0.998649166,0.370283684,0.97293754,738.5244596,408.3975135,6467.077376,542491.9819
218,0.03317555,25.43226017,147.6515115,8.302944543,2.49943536,1.427241737,2.89735381,8.298269302,50.86452034,585.6716731,8.297848549,0.006339764,4.934372786,1.427241737,0.591639401,0.978816647,0.54514186,0.998805442,0.362002166,0.983290477,791.9841823,585.6716731,7749.244626,865924.3711
219,0.039766779,28.33133713,121.328933,7.914499997,2.3825019,1.134381964,3.805341332,7.908534094,56.66267427,480.2235682,7.908084492,0.008098041,5.092163773,1.134381964,0.65623733,0.983317918,0.623786629,0.998852475,0.374338725,0.979015048,921.4475149,480.2235682,5249.50365,612109.4394
220,0.041566695,31.47470748,206.4684635,7.736216028,2.328833077,0.994004927,1.454605416,7.730785198,62.94941497,823.4312027,7.730786894,0.008413348,2.442651212,0.994004927,0.667377095,0.985035642,0.629193884,0.999405815,0.325066624,0.994084687,1195.904349,823.4312027,-2037.871446,1225599.769
221,0.229736106,24.25229511,325.9942088,7.089207157,2.134064,0.92634844,3.192901738,7.079194574,48.50459021,1299.925812,7.072394562,0.056180381,4.05102317,0.92634844,0.716560956,0.986343107,0.688642327,0.999112256,0.300639642,0.993786664,912.1425151,1299.925812,418.8572391,2686945.492
222,0.199331225,24.59263311,343.336043,7.680214075,2.31197481,1.331546477,4.001612005,7.643066233,49.18526621,1367.569544,7.629088049,0.042994366,5.774628026,1.331546477,0.650035982,0.980460314,0.608312831,0.998620328,0.281699594,0.991590414,945.2463321,1367.569544,5019.174471,3074821.662
223,0.214916816,23.83392451,337.2057219,7.585224916,2.283380223,1.33820023,4.033406389,7.553527387,47.66784901,1342.998701,7.551644835,0.049265098,5.824186246,1.33820023,0.65141526,0.980369599,0.609416311,0.998606441,0.275129201,0.991364046,902.3495861,1342.998701,6272.998224,2949910.608
224,0.18898161,24.82321657,322.053889,7.670956173,2.309187903,1.253831062,3.351521868,7.637974466,49.64643315,1283.291942,7.632460608,0.03885587,4.923614199,1.253831062,0.655000402,0.981500451,0.614105892,0.998818255,0.288537028,0.992355916,935.784163,1283.291942,2065.692528,2761688.274
225,0.188563666,24.82834478,315.9522317,7.68140027,2.31233189,1.275112774,3.860426351,7.656823164,49.65668956,1258.322588,7.652954965,0.038568505,5.486338938,1.275112774,0.651555026,0.981254562,0.610781139,0.998716541,0.295276774,0.991317772,929.6557669,1258.322588,1096.066848,2666229.369
226,0.052682965,26.5147379,171.944905,7.99917747,2.407992359,1.21219635,4.831668691,7.946210818,53.0294758,681.4785314,7.983827999,0.008749171,6.301088683,1.21219635,0.640738593,0.982278972,0.603418607,0.998654085,0.36359917,0.981677013,871.8256867,681.4785314,2500.284558,1180489.785
227,0.027680489,24.7018913,146.7369547,7.928461103,2.386704611,1.098075195,1.775957403,7.926389869,49.40378261,583.9660921,7.925019597,0.007233257,2.981726538,1.098075195,0.642192289,0.983528829,0.605105961,0.999275785,0.372501126,0.989839892,755.4295253,583.9660921,4738.886333,901103.1471
228,0.031130538,24.18048842,127.1715361,7.993904385,2.406405002,1.262367145,5.750335137,7.990685539,48.36097684,501.3422385,7.990361314,0.00715918,7.343905946,1.262367145,0.632545219,0.981663227,0.595292329,0.998463063,0.377935665,0.971125984,708.1956034,501.3422385,3980.951424,733032.2677
229,0.034088874,26.94489741,149.815883,8.0651234,2.427844062,1.206695343,2.229538675,8.055015367,53.88979483,595.5778799,8.050297845,0.007149856,3.685652325,1.206695343,0.629175669,0.981987065,0.589444438,0.9991061,0.363388801,0.987699394,874.0005535,595.5778799,2705.554934,886044.3122
230,0.261286556,23.47510373,330.9359407,7.566993443,2.277892003,1.725867767,5.416913039,7.546181032,46.95020747,1315.34823,7.537747119,0.069968392,8.395532586,1.725867767,0.611972982,0.974891225,0.561785615,0.997977717,0.235687168,0.987315472,877.8186697,1315.34823,4477.678598,2893850.804
231,0.026595131,33.30253655,76.75194481,7.746797679,2.332018472,1.110094506,1.909501608,7.743935669,66.6050731,303.8659678,7.744307213,0.008060917,3.14181142,1.110094506,0.634635852,0.983371229,0.599743424,0.999239118,0.405260876,0.979532692,1184.23998,303.8659678,-1441.335094,322801.5727
232,0.020161183,33.73583957,73.7649402,7.811454768,2.351482195,1.200032459,2.757134945,7.809402963,67.47167915,290.862548,7.806898725,0.007555688,4.197212849,1.200032459,0.623131383,0.982166165,0.586497685,0.999007913,0.405967522,0.971550083,1209.773205,290.862548,-1618.801783,258682.765
233,0.026764656,31.3792405,88.17980537,7.551180065,2.273131702,0.899908307,1.820472998,7.547056136,62.75848099,350.0889135,7.546723975,0.009125722,2.630307959,0.899908307,0.688146192,0.986515848,0.662173594,0.999382986,0.384048902,0.985085542,1071.521385,350.0889135,-2274.869962,364114.4383
234,0.022945468,30.88306923,96.58991747,7.605080106,2.289357231,0.912572326,1.817040331,7.593977233,61.76613847,383.7098413,7.601742578,0.00867031,2.649828582,0.912572326,0.682861218,0.986325598,0.656655083,0.999373531,0.392860145,0.986283099,1049.028969,383.7098413,-2358.217677,477880.8039
235,0.029815685,31.72111653,65.80116861,7.467992174,2.248089652,1.016524864,1.898468438,7.459096296,63.44223306,260.2728832,7.455504856,0.010413522,2.931791238,1.016524864,0.662366114,0.984781258,0.631447143,0.999291631,0.386695471,0.977722347,1070.564507,260.2728832,2462.479605,214996.6079
236,0.038306604,26.32005401,132.7662382,8.105869367,2.44010982,1.526877989,15.63438039,7.945032567,52.64010802,513.099216,8.070334908,0.00686743,17.96573679,1.526877989,0.612144426,0.979024349,0.5735757,0.996802895,0.399600577,0.932340718,816.528613,513.099216,3023.858658,758063.5436
237,0.021046345,28.48417969,130.3432211,8.328702742,2.50718935,1.349753274,2.737543809,8.310568474,56.96835938,516.8135066,8.31135127,0.005307981,4.559377711,1.349753274,0.594900754,0.979935453,0.552333984,0.99890042,0.399105526,0.982510108,939.4120249,516.8135066,763.095681,697150.5131
238,0.016571429,27.78305648,126.2825302,8.284005642,2.493734183,1.336664452,2.241740103,8.28209475,55.56611296,501.1017088,8.281485537,0.005165343,4.02841196,1.336664452,0.585388153,0.98003224,0.539757413,0.999024778,0.400399229,0.984050003,896.1665515,501.1017088,17.69606645,625391.8605
239,0.018247571,24.60358806,149.4380664,8.525742673,2.56650428,1.562932848,3.223229992,8.516464365,49.20717612,592.0862765,8.513161864,0.004498047,5.66598908,1.562932848,0.563183049,0.976857382,0.513476617,0.998629354,0.381177793,0.98104235,751.9416172,592.0862765,3950.277286,730826.3264
240,0.020048968,29.47811822,116.9700808,8.50539623,2.56037939,1.619545296,3.088902347,8.494428858,58.95623645,462.168494,8.493901797,0.004596822,5.711829311,1.619545296,0.545076738,0.975987684,0.49156441,0.99861692,0.385273451,0.975584229,983.0736201,462.168494,2117.537561,574548.5233
241,0.025407831,26.87636327,174.3924807,8.486233908,2.554610957,1.470417303,3.002035316,8.480465407,53.75272654,692.4057604,8.477295754,0.004734236,5.16416236,1.470417303,0.57808543,0.978189621,0.530296306,0.998751398,0.377866374,0.98519385,894.149302,692.4057604,922.4895891,907387.7082
242,0.020908504,28.97712339,114.0074972,8.273099852,2.490451213,1.39261642,3.012548994,8.264778596,57.95424678,451.0780594,8.264946838,0.005324485,4.951929487,1.39261642,0.595402446,0.979352634,0.551987233,0.998804715,0.38402253,0.978282439,951.2052123,451.0780594,246.5884394,443843.4724
243,0.022601309,27.79931925,127.5742901,8.365879335,2.51838062,1.480802442,3.149426626,8.357638735,55.5986385,504.9549578,8.35887828,0.005265915,5.342202498,1.480802442,0.582074001,0.978066645,0.53503447,0.998708134,0.3717033,0.979062386,897.7053396,504.9549578,3260.750933,587659.5061
244,0.030370104,29.67228826,102.3828749,8.132522187,2.448133119,1.368890587,2.681564282,8.12642086,59.34457653,404.9760739,8.125392102,0.00653757,4.555425721,1.368890587,0.599507405,0.979644747,0.553939067,0.998896861,0.361169982,0.97775299,980.5498528,404.9760739,464.4077885,421414.4972
245,0.035210163,28.66229807,172.3805857,8.442231771,2.541364993,1.57516468,5.62576103,8.42008619,57.32459614,681.415438,8.421265388,0.005675786,8.106904799,1.57516468,0.588615514,0.977061217,0.540993421,0.998154972,0.344550563,0.976485447,989.854464,681.415438,-4005.472979,1128518.625
246,0.021790974,35.84769249,127.0509612,8.497972095,2.558144503,1.621665182,3.565429776,8.481343244,71.69538498,502.008617,8.48257833,0.004776008,6.195227737,1.621665182,0.555169384,0.976050387,0.504412257,0.998504111,0.383280569,0.975619123,1409.010404,502.008617,-2168.402864,715156.4543
247,0.035598999,33.038878,119.6523695,7.965484707,2.397849827,1.15376774,1.89292493,7.943387982,66.07775601,475.3853731,7.940555668,0.007519879,3.224104928,1.15376774,0.621810976,0.982710698,0.584763012,0.999217817,0.411523446,0.9865272,1209.607777,475.3853731,2833.2626,570860.53
248,0.02486107,28.69633811,157.0090413,8.404529006,2.53001533,1.538309447,9.37281434,8.387333617,57.39267622,616.2969548,8.379361261,0.005420129,11.7392103,1.538309447,0.590630616,0.978054358,0.547557892,0.997681286,0.392984324,0.962616133,974.6192571,616.2969548,5998.904868,957415.9565
249,0.017506268,29.70628285,160.4134668,8.226703567,2.476484539,1.152625346,1.810241493,8.211350946,59.4125657,638.5150807,8.200111955,0.005367359,3.138786681,1.152625346,0.625688134,0.982712955,0.587022881,0.999237511,0.389570121,0.990216574,1041.307314,638.5150807,2799.907379,979074.5991
250,0.018305507,31.800518,136.1296362,8.215289638,2.473048604,1.24155977,2.387099179,8.201098335,63.60103599,540.5899751,8.1964179,0.005914337,3.928569841,1.24155977,0.616587505,0.981492721,0.577908371,0.999048462,0.395644762,0.985570483,1145.438296,540.5899751,5287.278847,709492.5534
251,0.022832191,31.39818758,133.2361293,8.21795458,2.473850832,1.254942118,2.56162223,8.210375641,62.79637516,528.8080151,8.203500098,0.005954523,4.13650195,1.254942118,0.615926725,0.981324053,0.576913833,0.999000857,0.393249587,0.984476801,1117.014061,528.8080151,4733.838931,670189.0917
252,0.023052869,26.40335248,245.0782711,9.15839869,2.756952718,3.112864519,23.24157038,9.064292726,52.80670497,947.3815884,9.056877796,0.004019758,32.93149589,3.112864519,0.477324933,0.957514047,0.411610029,0.992979382,0.265671829,0.93281433,925.7495455,947.3815884,13751.29868,2153307.787
253,0.044233387,22.13278,89.89148077,7.647848081,2.302231675,1.166226893,2.285812011,7.643009907,44.26556001,355.9200259,7.641430113,0.011631708,3.645897177,1.166226893,0.641255766,0.982608267,0.60532955,0.999116087,0.370111049,0.979720563,577.9284829,355.9200259,8300.810839,640111.5711
254,0.025364747,21.52281,138.5369062,8.053154857,2.424241172,1.274382443,2.689700111,8.04839777,43.04561999,549.8338742,8.046045995,0.007428338,4.313750723,1.274382443,0.623049767,0.981064026,0.583615779,0.998955773,0.368419994,0.984431041,599.611381,549.8338742,12194.89268,1112681.275
255,0.016490166,31.59795764,283.9099958,9.49016726,2.856825009,3.104236006,10.89246315,9.337722275,63.19591528,1115.111239,9.37547429,0.002644059,20.52874433,3.104236006,0.4243062,0.955890494,0.352164631,0.995110345,0.295722473,0.963846387,1272.076551,1115.111239,-7105.496803,2279407.834
256,0.02229217,25.71589341,178.1123242,8.513007553,2.562670627,1.633235598,3.876694636,8.48680714,51.43178682,705.9051434,8.486483695,0.004857791,6.544153156,1.633235598,0.550510662,0.975926548,0.497402573,0.998430223,0.378797797,0.98162914,836.1474215,705.9051434,10708.61843,1287958.757
257,0.0257123,24.98964924,215.6034187,8.562292488,2.577506871,1.883544859,10.74610317,8.531679933,49.97929849,848.1198304,8.532987082,0.005208468,14.29384441,1.883544859,0.542311495,0.973219267,0.485821376,0.997024793,0.350954841,0.966851536,832.9390659,848.1198304,4811.306891,1602358.656
258,0.046966139,23.88256571,146.9927428,8.018626067,2.41384697,1.324028483,1.981249009,8.007885167,47.76513143,584.2366707,8.006326808,0.007740782,3.734300432,1.324028483,0.587153996,0.980171837,0.538180019,0.99909282,0.373412794,0.987297671,715.5025377,584.2366707,7655.777133,967260.7386
259,0.08049007,23.74166492,199.1162903,7.940086732,2.390204275,1.344456759,2.655006792,7.932741935,47.48332984,792.0025903,7.934122292,0.011914761,4.46257077,1.344456759,0.610232204,0.980005456,0.563431235,0.998919821,0.331336961,0.988794059,760.551658,792.0025903,3287.312355,1380682.42
260,0.170990647,20.25943879,193.7093693,7.890004929,2.37512815,2.04704035,12.38127871,7.86791574,40.51887759,758.2658244,7.887495196,0.032176269,16.5716529,2.04704035,0.571416538,0.971104277,0.516261731,0.996579195,0.259312758,0.957225474,595.8684031,758.2658244,2340.379124,1189306.32
261,0.157156297,20.9995945,175.7493835,7.371248607,2.218966936,1.25874262,6.218103836,7.324915485,41.999189,695.1949971,7.356981698,0.029045338,7.80253682,1.25874262,0.647115228,0.981814956,0.607189838,0.998327441,0.327526152,0.977802093,612.8310841,695.1949971,-404.4108666,1056770.739
262,0.059089216,27.40840939,205.8264035,8.323485246,2.505618728,1.694822127,3.62282847,8.295132553,54.81681877,816.8103634,8.30387323,0.007923895,6.495250512,1.694822127,0.562181161,0.974986073,0.504305025,0.998427177,0.297932253,0.984221532,953.7996834,816.8103634,5039.194353,1375807.82
263,0.132997604,28.94069632,285.9834511,7.987513496,2.404481153,1.426568767,2.916758958,7.976505677,57.88139264,1138.981947,7.967817235,0.020885189,4.951857405,1.426568767,0.600786166,0.978832741,0.551276805,0.998800858,0.31797978,0.991342406,1121.071426,1138.981947,-12364.7642,2517294.723
264,0.115726267,19.95431988,207.4129051,7.77073382,2.339223968,1.77137611,4.998646704,7.764248431,39.90863977,821.5152005,7.763725198,0.024797832,8.136420029,1.77137611,0.583880787,0.974121488,0.526038536,0.998044169,0.237620088,0.980385936,601.5195772,821.5152005,6422.149016,1332234.364
265,0.242373459,23.94471113,302.0651701,7.416330994,2.232538087,1.640743055,4.678012787,7.41166898,47.88942226,1200.89063,7.411337328,0.060785775,7.37005056,1.640743055,0.612429423,0.976003414,0.561117187,0.998223027,0.239763286,0.987800562,871.7293359,1200.89063,-1541.695499,2440264.338
266,0.020031094,28.92374238,160.0969459,8.49165544,2.556243,1.417677007,2.593640295,8.479008647,57.84748477,635.7843352,8.477205667,0.004652781,4.603448391,1.417677007,0.581547161,0.978896148,0.533735871,0.99888438,0.377978546,0.985622935,994.3780952,635.7843352,4625.10242,900654.5779
267,0.018432117,24.73847632,117.5609545,8.224090527,2.475697936,1.447997501,5.997539596,8.164621147,49.47695265,462.1495817,8.209759387,0.005606102,8.09423636,1.447997501,0.59611927,0.978948038,0.552019248,0.998254993,0.378438353,0.9655743,725.5060471,462.1495817,2528.960324,535034.3081
268,0.024441288,32.20456053,112.7625178,8.143366786,2.451397668,1.213132127,2.216553777,8.133357462,64.40912107,447.3618279,8.129019879,0.005997893,3.688243335,1.213132127,0.620301212,0.98188427,0.581166326,0.999106686,0.3884991,0.983645969,1148.052115,447.3618279,1935.04906,488360.8173
269,0.033921243,30.50006602,90.6677055,7.727189122,2.326115708,1.216246548,5.787713208,7.661544949,61.00013203,355.4038531,7.708743875,0.008068419,7.266968873,1.216246548,0.638052293,0.982358834,0.602340642,0.998471277,0.386028933,0.959925263,1017.288248,355.4038531,-663.6559303,310339.249
270,0.022490966,38.60922187,110.0145774,8.129790874,2.447310911,1.282717417,2.281940291,8.127578972,77.21844375,436.1310055,8.123640306,0.006233789,3.927304264,1.282717417,0.605433682,0.980854349,0.563790507,0.999047414,0.39144813,0.982150982,1598.722939,436.1310055,-4444.732469,549859.7183
271,0.070699777,29.41145261,286.4424859,8.841825491,2.661654689,2.271371613,9.407348249,8.715547485,58.82290522,1131.203466,8.696180066,0.008466464,14.56647725,2.271371613,0.523613212,0.967576178,0.465163252,0.996571032,0.308407165,0.974573469,1144.192792,1131.203466,-5932.4856,2625073.316
272,0.03191962,31.63641024,165.726078,8.542346158,2.571502427,1.569119306,3.528568955,8.504016055,63.27282048,656.9136077,8.499305542,0.004967087,5.990704351,1.569119306,0.566232266,0.976824994,0.517643567,0.998553415,0.383229618,0.981925885,1163.593179,656.9136077,2240.815516,856661.012
273,0.022740853,29.70637236,194.1863216,8.713816694,2.623120202,1.886401181,9.296645061,8.664063419,59.41274472,763.8901318,8.658955224,0.004780751,12.85515448,1.886401181,0.544675,0.973015294,0.491431644,0.997212343,0.363477075,0.966899949,1070.227303,763.8901318,4022.106535,1175906.93
274,0.022742115,32.40712996,205.7635987,8.949409952,2.694040839,2.290115631,10.67369854,8.86622129,64.81425992,807.1360665,8.942852882,0.003843777,15.91832815,2.290115631,0.50503089,0.967384716,0.443723402,0.996452705,0.325579259,0.961318892,1248.026507,807.1360665,-6185.862992,1439367.695
275,0.021597603,24.16714891,155.1020085,8.524515926,2.566134992,2.328717578,25.63949048,8.422859169,48.33429782,589.3456181,8.516050208,0.004850742,31.06241604,2.328717578,0.526958586,0.968761083,0.470731119,0.994138699,0.357500908,0.899864559,723.6218869,589.3456181,-1036.400098,793459.9066
276,0.093937074,22.81980022,242.6852122,8.431153565,2.538030121,2.06115133,6.217860125,8.390097115,45.63960045,960.2746437,8.379603238,0.015401137,10.46620493,2.06115133,0.540253646,0.97008918,0.479103401,0.997488693,0.268032225,0.978436665,758.1953919,960.2746437,11004.42753,2152936.415
277,0.071830986,24.42934963,193.8693043,8.51320728,2.562730751,2.014208782,6.735879304,8.484103479,48.85869925,764.6843009,8.488533877,0.00994141,10.79291632,2.014208782,0.560308642,0.970877667,0.504438467,0.997417498,0.269840121,0.972164453,785.2659693,764.6843009,2061.974671,1420211.098
278,0.021295411,28.70035448,150.9618487,8.030624257,2.417458785,1.101567962,2.815915663,8.010042383,57.40070897,599.8180273,8.014865036,0.006334315,4.029367638,1.101567962,0.643812849,0.983633612,0.609471776,0.999079992,0.392925979,0.986654351,972.6575123,599.8180273,2924.548622,801555.0896
279,0.057858518,26.69066309,150.1431746,7.633865058,2.298022365,1.049629673,4.299233985,7.626397231,53.38132618,595.171742,7.616233675,0.012508309,5.400956436,1.049629673,0.673864091,0.984631048,0.643298586,0.998859723,0.363857799,0.982013979,859.8341926,595.171742,11310.22049,944384.0759
280,0.018931189,25.82715646,135.5454196,8.371375054,2.520034996,1.692768761,12.58802195,8.284912164,51.65431293,526.7281904,8.358476746,0.00534063,15.45348803,1.692768761,0.563073505,0.97612498,0.512872797,0.997181985,0.384278442,0.942995167,794.8606866,526.7281904,8000.189503,845734.9735
281,0.032113331,23.41780566,166.7488733,8.549564362,2.573675323,1.902122886,13.02552455,8.503869999,46.83561132,650.3518971,8.545724054,0.005333245,16.64359603,1.902122886,0.547875357,0.973205263,0.495039105,0.99674974,0.363706993,0.950093828,706.8206971,650.3518971,4746.560729,871940.8038
