CaseID,Image_filename,Feature__0,Feature__1,Feature__2,Feature__3,Feature__4,Feature__5,Feature__6,Feature__7,Feature__8
102 Malignant,102 Malignant_roi.png,76357,105412,84945,357.77465539247646,279.82876180068985,0.6231066210568604,369.6281915655244,1253.9036790187179,0.8988992877744423
24 Benign,24 Benign_roi.png,6777,10165,7270,107.10766749729521,87.83621162107437,0.5722575123717665,110.86027241532469,353.7228714274745,0.9321870701513068
36 Benign,36 Benign_roi.png,21746,26565,22082,233.97542518912476,119.32725744287606,0.8601749315574684,238.66503723838562,609.5046173579948,0.9847839869577031
106 Malignant,106 Malignant_roi.png,50389,82360,55441,374.55452513960074,184.6822715508612,0.8699886242087627,374.0975808529106,1006.5655839020935,0.9088761025234032
23 Benign,23 Benign_roi.png,3991,5120,4219,82.852875765899,63.044847185279174,0.6488395237233475,87.46427842267951,263.29646455628165,0.945958757999526
34 Malignant,34 Malignant_roi.png,11064,22608,15186,142.49565961739663,118.32968026110287,0.5571542594116808,160.0312469488381,550.1320343559643,0.7285657842749901
38 Malignant,38 Malignant_roi.png,6908,9603,7580,108.38065576043665,85.41547571231084,0.615539184289819,118.3427226321923,361.4213562373095,0.9113456464379948
15 Malignant,15 Malignant_roi.png,84507,132704,93734,374.6097910409502,294.23709554371953,0.6189256730015031,416.14540727971513,1309.6021638285529,0.9015618665585593
44 Malignant,44 Malignant_roi.png,75193,127488,90579,349.74659270556174,284.2729405641923,0.5825471879429798,388.34649476981247,1384.2468247692254,0.8301372282758697
45 Benign,45 Benign_roi.png,31888,53040,35652,272.05560491164664,155.91189758176878,0.8194935897897093,285.5748588373984,829.6305550595491,0.8944238752384158
1 Benign,1 Benign_roi.png,91011,165072,129112,406.38609368536834,388.7491508880362,0.2914025293000269,508.4889379327735,1998.3443712397834,0.7048996220335833
78 Benign,78 Benign_roi.png,8168,10918,8785,108.43585647299608,98.7646746780589,0.4128214849050806,118.84864324004712,370.7228714274745,0.9297666476949346
99 Benign,99 Benign_roi.png,79797,100520,81240,365.8653169774067,278.7467265515471,0.6477141520021118,368.19560019098543,1097.6782822743016,0.9822378138847858
86 Malignant,86 Malignant_roi.png,140231,187734,151003,503.23547424166617,366.5716171065918,0.6851206553202738,498.9318590749643,1580.7392488184005,0.9286636689337298
5 Benign,5 Benign_roi.png,56153,77400,60080,416.76803110866973,180.83661306526236,0.900959922513909,432.04629381583635,1116.825468531916,0.9346371504660452
56 Malignant,56 Malignant_roi.png,83342,115239,93031,351.6160063825255,316.8766859082899,0.4334014446686966,386.4531019412317,1300.0874452027913,0.8958519203276327
96 Malignant,96 Malignant_roi.png,99572,175950,111246,406.5549773469156,332.20936633154116,0.5764496080459833,430.0941757336409,1488.780879378743,0.8950613954659044
31 Malignant,31 Malignant_roi.png,23984,41313,26599,276.9814340231882,116.4089271473958,0.907395856412731,294.63536787018626,743.1686142824235,0.9016880333847137
32 Benign,32 Benign_roi.png,66305,93860,71511,367.5048587182633,237.98234099450957,0.7620123971770107,373.36443322844775,1112.607214462436,0.9272000111870901
62 Benign,62 Benign_roi.png,224596,288450,228361,642.0599960232146,455.2032567594542,0.705235537510688,657.8024019414948,1893.0895372438445,0.9835129466064696
86 Benign,86 Benign_roi.png,131993,185452,134501,695.1367917682252,247.37014893191312,0.9345399507358869,665.8295577698545,1640.95750288788,0.9813532984884871
27 Benign,27 Benign_roi.png,13127,17280,13612,190.1752488941105,89.0932407851785,0.8834742691818646,193.8891435846783,491.4629867976521,0.96436967381722
6 Malignant,6 Malignant_roi.png,60084,86336,64702,299.3920733743533,265.4988779141986,0.4621662942271739,330.80054413498175,1064.9919907732865,0.9286266266885104
40 Benign,40 Benign_roi.png,5959,7018,6084,125.00810250862384,61.21187579504453,0.871911627164058,123.35720489699821,319.13098833543773,0.9794543063773833
88 Malignant,88 Malignant_roi.png,20146,26508,20847,183.11933527932004,144.3267534560252,0.6154744697714253,192.2082204277434,561.3452377915606,0.9663740586175469
37 Benign,37 Benign_roi.png,6892,9240,7442,125.65364991596208,72.18677439175839,0.8185115497856579,132.4235628579748,350.8944443027283,0.9260951357162053
68 Malignant,68 Malignant_roi.png,101055,153468,114684,422.56282891526314,331.3568199229487,0.6205588389078744,430.4427952701729,1391.8864350760148,0.8811604059851418
35 Benign,35 Benign_roi.png,51387,79182,55891,328.2938204163809,211.96233999845458,0.7636349261607678,345.11737133908514,1075.8204178980325,0.9194145747973734
4 Benign,4 Benign_roi.png,51591,70950,54970,339.8458578567032,201.76900131950737,0.8046810056860643,332.34018715767735,967.8731957466684,0.9385301073312716
60 Benign,60 Benign_roi.png,13287,18974,13937,182.61153657259402,97.97364619175119,0.8438914185378725,183.63550854886427,495.3269478283311,0.9533615555715004
107 Benign,107 Benign_roi.png,8947,10428,9157,162.43983068526026,72.10952960964293,0.8960687404599431,160.46183346827368,399.7228714274745,0.977066724909905
94 Benign,94 Benign_roi.png,7560,9215,7760,103.60314735477333,93.67707894687955,0.42712742908286183,108.85311203635843,334.8944443027283,0.9742268041237113
3 Malignant,3 Malignant_roi.png,29884,42188,35297,216.61287293578877,187.29092786893125,0.5024016944066559,239.57671005337727,863.97875144394,0.8466441907244242
42 Malignant,42 Malignant_roi.png,40350,64976,50709,257.895626595059,227.35241595508558,0.4720578915726806,302.03476621077914,1274.2051942088829,0.7957167366739633
58 Malignant,58 Malignant_roi.png,2101,3196,2268,74.46253595658364,37.32860978429003,0.8652693408796877,76.66159403508382,197.88225099390857,0.9263668430335097
100 Benign,100 Benign_roi.png,33424,43542,34471,257.43529434886625,168.3788387697981,0.7564402870542656,249.23081671414553,731.8721497261419,0.9696266426851556
104 Benign,104 Benign_roi.png,17141,26196,18447,236.040538301842,95.66287766138726,0.9141919146797398,243.48305895893455,599.303607231218,0.9292025803653711
20 Malignant,20 Malignant_roi.png,18763,27489,20027,182.89789089217513,133.75076664631175,0.6820703700336457,202.2325394193526,576.1320343559643,0.9368852049732861
39 Benign,39 Benign_roi.png,6738,10605,7226,127.15417741018935,71.74770179333193,0.8255988386226639,137.0,357.03657992645924,0.9324660946581788
53 Benign,53 Benign_roi.png,6145,8107,6249,117.79910701657117,67.34894521140022,0.8204438374273992,122.64175471673585,314.0071426749364,0.9833573371739478
106 Benign,106 Benign_roi.png,29064,35100,30378,289.0619944279228,133.2616043658074,0.8873929015748585,280.49242414011826,753.3208511739211,0.9567450128382382
7 Malignant,7 Malignant_roi.png,35715,65234,42122,300.1456080962745,169.41851342940308,0.8254642415950142,341.5333073069155,943.7371567773474,0.8478942120507098
46 Malignant,46 Malignant_roi.png,66402,107565,75586,349.85767191498974,280.443984585954,0.5978680976353007,373.1621631409058,1188.589970519733,0.8784960177810706
56 Benign,56 Benign_roi.png,6234,10541,6686,137.02981679553093,59.08436471614672,0.9022664585459726,137.23337786413333,353.32085117392114,0.9323960514507927
68 Benign,68 Benign_roi.png,10534,13968,11070,149.58505903197113,91.73680303455335,0.7898693319392109,148.92951352905172,422.2914139223983,0.9515808491418247
9 Malignant,9 Malignant_roi.png,39858,63984,46411,278.53897314203124,206.84177643859715,0.6697402370960112,316.6528067142308,1027.4528855298854,0.8588050246708755
26 Benign,26 Benign_roi.png,128791,196350,142014,479.22514130065497,355.79119760437965,0.6699234730746999,530.4865691042517,1644.638743755012,0.9068894616023773
2 Benign,2 Benign_roi.png,149992,255057,170836,601.8509849779292,346.7206921429673,0.8173858490029063,660.1833078774409,1830.2194795587554,0.877988246037135
108 Benign,108 Benign_roi.png,17302,21201,17843,197.34937881644595,112.34582402946903,0.8221480278705667,195.78048932414077,534.776695296637,0.9696799865493471
29 Benign,29 Benign_roi.png,9619,14934,11119,251.76090394047932,51.85828143109771,0.9785557246165675,262.6175927084855,593.5218613006979,0.8650957819947837
8 Benign,8 Benign_roi.png,81608,103617,84607,405.3715777822597,261.62650070673095,0.7638454326144352,402.0870552504768,1159.0924958366747,0.9645537603271597
44 Benign,44 Benign_roi.png,12226,16958,12591,140.19723451109732,114.55340712438101,0.5765136822691665,145.60219778561037,446.33304448274095,0.9710110396314828
79 Malignant,79 Malignant_roi.png,28224,63357,32717,462.9382971933412,82.67075376056245,0.9839256961857629,444.08332551448046,1017.269119345812,0.8626707827734816
81 Benign,81 Benign_roi.png,43462,57652,44103,298.784669507388,186.11392738149948,0.7822989203524172,300.46796834271703,822.9676041556468,0.9854658413259869
109 Benign,109 Benign_roi.png,17605,22176,17910,264.86390592495655,84.99395730158786,0.9471141950046271,265.2772134956186,624.2914139223983,0.9829704075935232
64 Benign,64 Benign_roi.png,24876,33550,25520,266.30520092272354,119.76953245608867,0.8931568158264064,281.9024654024863,690.9015869776647,0.9747648902821316
61 Benign,61 Benign_roi.png,10113,13392,10908,147.87480358323307,90.72975323116991,0.7896497383701518,147.29901561110313,423.27922061357856,0.9271177117711771
30 Malignant,30 Malignant_roi.png,15177,24570,16820,194.12872007860392,107.08728236202481,0.834088737469776,206.24257562394823,562.9015869776647,0.9023186682520808
70 Benign,70 Benign_roi.png,44880,66560,47612,307.1501824034059,189.44840156880613,0.7871245857650652,328.4448203275552,924.4884194358183,0.9426195076871376
72 Benign,72 Benign_roi.png,63540,95160,70843,349.38976952965834,243.49341088641808,0.7171580770532262,397.9208464003865,1132.8143212436225,0.8969128918876953
4 Malignant,4 Malignant_roi.png,44605,71760,52725,278.12826785679306,232.8017177354436,0.5471569214511843,300.53618750493257,1044.4650788387053,0.8459933617828355
107 Malignant,107 Malignant_roi.png,31700,49312,38199,284.76463182906895,168.69609023365823,0.8056400598823409,275.0781707078917,867.2102448427661,0.829864656142831
45 Malignant,45 Malignant_roi.png,27756,53720,30561,341.6099765463164,110.13986295466106,0.9465987361842838,339.45839214843403,822.2813126546316,0.9082163541768922
50 Benign,50 Benign_roi.png,57263,82280,59247,356.9949735843432,209.15292729442578,0.8104044774768223,371.6476826242833,994.364573775317,0.966513072391851
41 Benign,41 Benign_roi.png,12172,18800,13290,218.79259537974988,73.8647282119586,0.9412890980052673,205.44829033116824,520.1909088590099,0.9158765989465764
54 Benign,54 Benign_roi.png,19272,27566,19859,198.45275881121063,125.46443102326106,0.7747945625834322,207.03864373589778,569.7888886054566,0.9704416133742887
21 Benign,21 Benign_roi.png,8527,11703,9022,143.85871354638613,80.15086873433273,0.8304119352513663,142.55525244620065,394.79393923934,0.9451341166038573
9 Benign,9 Benign_roi.png,39242,48760,39988,289.260624308965,174.38219908408996,0.7978508067072678,288.277643947636,791.4873734152916,0.9813444033209963
60 Malignant,60 Malignant_roi.png,17516,25800,18249,322.4614446035997,70.5898378932523,0.9757451917895147,303.0659994126692,697.7411613907041,0.9598334155296181
123 Malignant,123 Malignant_roi.png,66607,100274,78636,379.9517940967168,239.1189735311116,0.777129844522488,389.53947168419273,1329.5788232314399,0.8470293504247418
77 Malignant,77 Malignant_roi.png,94739,118984,99874,465.72835268082014,271.4767889213156,0.8125381515495816,456.71106840101874,1309.9797974644666,0.9485852173738911
65 Malignant,65 Malignant_roi.png,66299,105468,76783,324.9450863040706,284.16921405206364,0.4849992351419072,377.73668077114246,1268.2051942088829,0.863459359493638
101 Benign,101 Benign_roi.png,23543,29440,23942,185.9402659190084,162.27306965327003,0.48822797233622073,189.84203960134857,593.1025971044414,0.9833347255868349
47 Malignant,47 Malignant_roi.png,50753,75600,56742,282.57844536652976,240.01881740576877,0.5277684752240135,321.95807180438885,974.4062043356594,0.894452081350675
72 Malignant,72 Malignant_roi.png,6215,7832,6367,97.68909503242037,82.26844556128752,0.5392501453246268,103.73041983911952,306.651803615609,0.9761269043505576
24 Malignant,24 Malignant_roi.png,10567,17538,12423,155.28946762098127,97.25804348401068,0.7795808451614603,164.28329190760695,472.14927829866735,0.8505996941157531
59 Benign,59 Benign_roi.png,7722,9983,7938,153.1091482875584,65.89390573397631,0.90265156911478,151.08275877809487,381.3797256769669,0.9727891156462585
5 Malignant,5 Malignant_roi.png,21955,33250,25339,236.70537873921896,130.5446321403573,0.8341703787636032,254.01771591761076,722.2741699796952,0.866450925450886
52 Malignant,52 Malignant_roi.png,39005,59829,44357,264.5053655061508,201.18325650255645,0.6492186883871695,284.59796204470615,898.3401871576774,0.8793426065784431
3 Benign,3 Benign_roi.png,84431,130975,99129,405.06336742410446,283.1084330219807,0.7151961300692038,441.9773749865484,1570.655987697715,0.851728555720324
98 Malignant,98 Malignant_roi.png,46623,71070,54315,323.7551200388356,199.90575759567506,0.7866024720667414,347.3110997362451,1010.3229432149742,0.8583816625241646
18 Benign,18 Benign_roi.png,6197,8909,6877,146.77166419090236,57.50551745638948,0.9200493107827278,152.31874474272692,380.2670273047588,0.9011196742765741
40 Malignant,40 Malignant_roi.png,101925,155310,118988,486.38617265905754,291.72528507256715,0.80016404898668,560.5301062387283,1776.4133470105958,0.8565989847715736
7 Benign,7 Benign_roi.png,46090,56980,47019,271.0835688969587,219.1055821136808,0.5888279005872183,275.9746365157494,829.4701294725885,0.9802420298177332
93 Malignant,93 Malignant_roi.png,11177,15808,11689,208.08629750428784,71.45370345101821,0.9391947477369861,211.26523613694707,500.73506473629425,0.9561981349987168
118 Malignant,118 Malignant_roi.png,68596,106080,72376,383.9926487912569,237.50968034179948,0.7857638345351694,403.1178487737798,1121.8031739553294,0.9477727423455289
73 Malignant,73 Malignant_roi.png,222205,325440,271113,634.4641459246709,524.1433083973884,0.5634947180295532,753.2595834106593,2787.6063479106588,0.8196028962093297
8 Malignant,8 Malignant_roi.png,73692,116883,86388,329.572219942996,307.38775862934716,0.36068652631688014,394.342490736162,1255.010280736516,0.853035143769968
67 Malignant,67 Malignant_roi.png,156199,238278,180529,510.18272286531675,417.82236821918303,0.5738418632974902,552.4717187331855,1924.2022356160528,0.8652294091254037
57 Benign,57 Benign_roi.png,17845,27950,20397,199.04531157986145,124.52835097644896,0.7801214085659436,215.75217264259473,617.7594513539337,0.8748835613080355
33 Malignant,33 Malignant_roi.png,20176,29550,24060,193.26832260681448,144.96125291814928,0.661379089422456,216.44860821913363,719.58787847868,0.8385702410640067
66 Benign,66 Benign_roi.png,198914,358200,240467,876.044981282902,321.3230313885311,0.930304443756113,998.9724720932004,2675.432682994352,0.8271987424469885
104 Malignant,104 Malignant_roi.png,203836,267424,214929,543.2060305735628,488.7289125207299,0.43648431178274694,575.72562909775,1851.9352083112935,0.9483876070702418
18 Malignant,18 Malignant_roi.png,132123,187458,147879,484.9651779361275,361.3697614097805,0.6669016038866273,511.2582517671475,1581.7209588551707,0.8934534315217171
21 Malignant,21 Malignant_roi.png,70847,97902,73597,358.60590401822725,262.88500405678974,0.6801478678818446,382.87334720505163,1096.607214462436,0.9626343465086892
80 Malignant,80 Malignant_roi.png,9357,13650,9842,143.40800515501505,88.02856919462847,0.7894358878372081,152.50573759698355,414.73506473629425,0.9507213980898191
91 Benign,91 Benign_roi.png,72427,96285,73848,399.0905127776896,232.38623817758798,0.8129814702466194,401.46357244462416,1090.6488450227787,0.9807577727223487
119 Malignant,119 Malignant_roi.png,44135,57000,47144,250.51423047450658,232.13322835732913,0.375982129641211,275.4941015702514,889.4701294725885,0.9361742745630409
95 Malignant,95 Malignant_roi.png,82702,154560,110283,417.98068921388125,305.8837670951138,0.6815053231597867,455.2669546540798,1551.082394568908,0.7499070572980423
74 Malignant,74 Malignant_roi.png,344628,443408,379277,899.6429048651044,508.73198664558964,0.8247605470333781,861.5149447339843,2735.388093841179,0.9086446053939469
41 Malignant,41 Malignant_roi.png,77595,178942,112572,575.4792809689025,220.13492606328447,0.9239453471066051,666.2469512125365,1743.827560572969,0.6892921863340795
87 Benign,87 Benign_roi.png,74830,112420,79403,357.39310061808806,276.49978171265974,0.6336042772970724,376.1728326181996,1143.7798333582164,0.9424077175925343
28 Malignant,28 Malignant_roi.png,59495,105840,78649,321.9756534785091,276.66334354502703,0.5115258316119572,380.9107507015259,1328.0874452027913,0.7564622563541812
63 Benign,63 Benign_roi.png,28502,40480,29525,242.0115624292261,151.08560762701086,0.7811919840799085,247.68124676688785,679.848809129029,0.9653513971210839
12 Malignant,12 Malignant_roi.png,22292,30070,22994,198.9657630773275,143.84589521713391,0.690881436238682,209.3083849252103,608.9726547895302,0.9694702965991128
101 Malignant,101 Malignant_roi.png,67825,100116,72246,345.179779480997,253.27427729232207,0.6794238953097156,373.72851108792867,1106.3889603929563,0.9388063006948482
83 Malignant,83 Malignant_roi.png,15132,19404,15783,153.84970896273413,127.1609112891236,0.5628973348354606,158.47397262642215,488.634559672906,0.9587530887663942
122 Malignant,122 Malignant_roi.png,40939,59024,44028,265.2658193960487,205.74160329911692,0.6312180729780785,279.6587205863604,848.0559159102155,0.9298401017534297
23 Malignant,23 Malignant_roi.png,96230,152460,109366,389.336507926349,343.23864624863273,0.47199929890557896,411.5385765636072,1480.7220048756974,0.8798895451968619
114 Malignant,114 Malignant_roi.png,70111,119770,88836,352.99822007391344,270.2467454267325,0.6433462070095257,434.3846221955837,1463.17575695736,0.7892183349092711
11 Benign,11 Benign_roi.png,14625,20034,16031,159.79586672816313,122.07332842015144,0.6452956242062577,175.41949720598336,563.9898987322333,0.9122949285758842
75 Benign,75 Benign_roi.png,67082,89022,69965,409.75577079593666,213.71918159669144,0.8532042214069456,402.9900743194552,1093.4528855298854,0.9587936825555635
83 Benign,83 Benign_roi.png,39621,51985,40014,284.0789405106038,179.10719824730006,0.7762023268245849,291.48070262025925,790.9259735953042,0.9901784375468586
1 Malignant,1 Malignant_roi.png,15493,22554,16428,165.26699462459135,123.96113384778002,0.6613631187519748,188.16216410320115,527.8832970144351,0.9430849768687607
53 Malignant,53 Malignant_roi.png,24374,45400,28139,225.68376070948148,146.45776679635762,0.7608299600336521,244.19049940568942,756.5239533417509,0.866199936031842
92 Benign,92 Benign_roi.png,63642,78568,67188,452.2031593609432,184.36308734669768,0.9131160735365601,427.9836445473121,1114.1808075912434,0.9472227183425612
37 Malignant,37 Malignant_roi.png,8022,11904,8794,129.44351933202879,84.0170202992631,0.7607345189438616,126.90547663517127,378.28531726798843,0.9122128724130089
10 Malignant,10 Malignant_roi.png,77498,139524,100162,421.29610885579365,275.8885063102628,0.7557532204411105,462.33537610699875,1463.099638511611,0.7737265629679918
120 Malignant,120 Malignant_roi.png,52791,69900,54820,296.10045093730486,228.41838517738898,0.6363239630086004,309.9193443462347,921.2102448427661,0.9629879605983218
22 Benign,22 Benign_roi.png,6430,8732,6907,119.48555809212779,74.19382435760262,0.7838550347072478,122.80065146407001,348.3086578651014,0.9309396264659041
81 Malignant,81 Malignant_roi.png,116675,181800,132082,448.27465715123407,360.32069239616425,0.5949070877469219,492.73623775809307,1662.4377336282355,0.8833527657061523
82 Benign,82 Benign_roi.png,32098,39524,32454,247.3069371738191,168.7846207891808,0.7308945183659497,248.5678981686895,704.0731598529185,0.9890306279657362
87 Malignant,87 Malignant_roi.png,135968,184052,143791,522.9182525887417,339.8047256917626,0.7600848832112646,529.9971698037641,1534.1950929411162,0.9455946477874136
88 Benign,88 Benign_roi.png,191510,302096,225365,964.9356764043965,269.33013474945193,0.9602570458574206,974.1175493748175,2494.2388155425115,0.8497770283761897
35 Malignant,35 Malignant_roi.png,41729,58515,44597,260.96306382047163,213.45024140082106,0.5753138146912176,281.23299948619115,861.7483040656407,0.9356907415296993
16 Malignant,16 Malignant_roi.png,49017,85808,60272,348.241108071282,212.34216986455738,0.7925890446124276,382.89946461179596,1073.17575695736,0.8132632067958587
116 Malignant,116 Malignant_roi.png,150133,258096,172414,637.3248495768802,329.0098895613223,0.856446508259961,657.3621528503143,2017.9768388716363,0.8707703550755739
59 Malignant,59 Malignant_roi.png,2958,4185,3301,96.80881332670172,44.16559631442299,0.8898697755225966,94.92101980067429,250.46803743153546,0.8960920933050591
84 Benign,84 Benign_roi.png,45526,67260,48055,287.2055709669449,206.64115996946015,0.6945041577944685,300.12330799189857,873.8792924010784,0.947372801997711
113 Malignant,113 Malignant_roi.png,132716,171200,134218,537.1333988594264,316.75238011473243,0.8076158355938896,537.8196723809942,1460.5971131946694,0.9888092506221222
33 Benign,33 Benign_roi.png,69859,89100,72736,402.5813449355696,226.2717184080615,0.827101782441548,397.6329966187414,1091.9209229614207,0.9604459964804224
99 Malignant,99 Malignant_roi.png,71615,97644,78308,323.1549542172419,292.0788542566292,0.4278805377488406,341.9897659287482,1172.5310960166873,0.9145298053838689
43 Benign,43 Benign_roi.png,6299,8800,6797,167.68614534719612,49.31140190244934,0.9557840004799357,161.37224048763778,387.58073580374355,0.9267323819332058
85 Malignant,85 Malignant_roi.png,14432,21352,15455,142.57276225792486,133.21000665039563,0.3564091488404512,162.265215003093,500.747258045114,0.9338078291814946
15 Benign,15 Benign_roi.png,21336,29640,22041,256.24824514241345,110.41537695719137,0.9024033958839557,262.21365334398587,652.6589462905454,0.9680141554375936
80 Benign,80 Benign_roi.png,112047,130728,114265,436.1407213956065,332.08803900464324,0.6482541169909674,445.896849058165,1314.1869042456533,0.9805889817529427
25 Benign,25 Benign_roi.png,6724,8008,7157,154.3028635503506,57.85345085584172,0.9270513465476548,144.53373308677806,373.68124086713186,0.9394997904149783
47 Benign,47 Benign_roi.png,25707,39508,27482,228.44796035301877,154.07247106446303,0.7383375420760055,241.0808992848666,697.0853531617383,0.935412269849356
70 Malignant,70 Malignant_roi.png,145805,202188,154354,478.024735804118,395.50055560228685,0.5616658009541635,515.9738365460016,1581.5676759431467,0.9446143281029322
51 Malignant,51 Malignant_roi.png,54474,76728,63184,296.8709409097425,244.09634828641438,0.5691546108419769,332.70407271327474,1120.2640687119285,0.8621486452266397
89 Benign,89 Benign_roi.png,11959,15870,12235,145.49568534668623,105.60093541378362,0.6879045674799977,150.14659503298768,434.63455967290594,0.9774417654270535
19 Malignant,19 Malignant_roi.png,33127,54990,39681,293.17803314638866,154.18545202205047,0.8505398173409019,299.5413160150032,896.239682094289,0.8348327915123107
100 Malignant,100 Malignant_roi.png,53096,87612,60859,277.7406011409063,266.6255109752123,0.2800674677497387,307.0504844484047,1128.7909806465098,0.872442859724938
112 Malignant,112 Malignant_roi.png,38015,65728,44441,441.74746534528083,119.40633925816705,0.9627748766932578,429.79064671069796,1036.9503602129437,0.855403793794019
12 Benign,12 Benign_roi.png,10494,16200,12062,235.44004708118695,65.19240016515442,0.9608999021288424,216.92394980729998,537.7645019878171,0.8700049742994528
29 Malignant,29 Malignant_roi.png,29436,38532,32615,251.5936422963924,155.37837952831404,0.7865106353184649,254.9078264785136,767.9726547895302,0.9025295109612141
75 Malignant,75 Malignant_roi.png,78364,117553,86390,416.65755136719474,253.47945403876966,0.7936581411945365,443.90652169122274,1247.4844148224613,0.9070957286723
89 Malignant,89 Malignant_roi.png,18159,32220,21421,171.97414685574216,147.75574095961474,0.5116832856750922,186.60117898877274,636.1564209736038,0.8477195275664068
38 Benign,38 Benign_roi.png,6945,10050,7361,130.9704910541387,70.4062070011857,0.8432171786988824,140.73023839957068,359.5218613006978,0.9434859394104061
52 Benign,52 Benign_roi.png,1334,1980,1431,53.25726407493133,33.08891725076989,0.7835701191759146,56.753854494650845,152.81118318204307,0.9322152341020266
97 Benign,97 Benign_roi.png,15555,21168,17105,226.21567687866175,92.3345592081086,0.9129057274553941,218.2131985009156,586.8183258569795,0.9093832212803273
73 Benign,73 Benign_roi.png,80560,98282,83627,330.8660459580135,316.1573890693934,0.2948453702227892,365.8551625985343,1155.553390593274,0.9633252418477286
16 Benign,16 Benign_roi.png,4144,6136,4500,103.0552032976646,53.43294483504358,0.8550845597525215,109.73149046650191,285.09545442950497,0.9208888888888889
78 Malignant,78 Malignant_roi.png,4235,7239,4802,116.83843078437977,49.433611223223004,0.9060859057408175,130.04999038831184,316.0365799264593,0.8819241982507289
102 Benign,102 Benign_roi.png,7670,10004,7998,133.92911260649325,74.70898320578522,0.829958715588491,136.95254652615992,362.4091629284897,0.9589897474368592
115 Malignant,115 Malignant_roi.png,43666,59664,47315,273.12555315831673,213.73986906372159,0.6225625806749585,276.6224864323217,924.4823227814084,0.9228785797315862
63 Malignant,63 Malignant_roi.png,16994,26442,17896,219.9557984889403,104.93949955593938,0.878852498999901,229.34035841953332,580.6589462905455,0.949597675458203
55 Malignant,55 Malignant_roi.png,131379,210192,146775,546.9848764157232,324.71005938999525,0.8047334863991749,615.262545585216,1689.6498910433052,0.8951047521716914
6 Benign,6 Benign_roi.png,13671,17756,14039,191.26417700741203,92.19131498270684,0.8761655163293032,197.101496696499,498.5340546095176,0.9737873067882328
2 Malignant,2 Malignant_roi.png,37870,63427,43638,278.8473331090022,184.42993197638205,0.750032392010364,295.65182225043026,884.517856687341,0.8678216233557908
61 Malignant,61 Malignant_roi.png,9842,12792,10302,121.52910805695441,104.57615717927753,0.5094454399192725,125.51493934986385,389.6639969244288,0.955348476024073
92 Malignant,92 Malignant_roi.png,6835,8520,6978,123.42053664155112,70.83888454236354,0.8188808753544414,121.49485585818027,330.55129855222066,0.9795070220693608
48 Malignant,48 Malignant_roi.png,141953,260947,167790,662.0546245440867,309.41749267328356,0.884067380882346,641.4748631084464,2037.432682994352,0.8460158531497706
48 Benign,48 Benign_roi.png,9310,11310,9430,149.98234318321005,79.75296212876404,0.846901997301294,147.31259280862582,388.1076477383248,0.9872746553552492
71 Malignant,71 Malignant_roi.png,7030,9165,7606,154.17333695504746,61.64861368188752,0.9165737848056696,153.62942426501507,378.2020561473032,0.9242703129108598
14 Benign,14 Benign_roi.png,45018,79130,50623,387.32463059499577,154.27923275902822,0.9172464232266103,410.27429848821873,1030.1635636485403,0.8892795764770954
79 Benign,79 Benign_roi.png,20776,29988,21472,219.27169256386838,122.52117434772425,0.8293265678921565,223.1882613400624,599.0020920410531,0.9675856929955291
14 Malignant,14 Malignant_roi.png,104030,152333,112633,435.0491959538557,324.2406997196675,0.6667330297792998,450.0244437805573,1375.9280656363571,0.9236191879822077
55 Benign,55 Benign_roi.png,16448,19800,16771,162.3592098869465,130.56895753825134,0.5943614394208169,174.52220489095365,503.9421715174808,0.9807405640689285
26 Malignant,26 Malignant_roi.png,13363,22048,17236,183.6605530546546,103.34662708679608,0.826658091517302,214.11212016137713,664.7350647362942,0.7752958923184033
32 Malignant,32 Malignant_roi.png,42824,66045,52076,261.43352097422905,223.8549484300235,0.5165458226785514,288.76461001999536,1097.1168824543142,0.8223365849911668
85 Benign,85 Benign_roi.png,3853,4608,3950,98.35757076922232,50.3342780623469,0.8591356761471742,97.01546268507923,254.12489168102786,0.9754430379746836
110 Malignant,110 Malignant_roi.png,166969,232815,181900,555.1141187539408,409.4878638340995,0.6751676763052281,571.2871432125879,1830.4448763031717,0.9179164376030786
103 Malignant,103 Malignant_roi.png,42695,61568,45990,291.5860500255322,199.6525340679897,0.7288135319487282,296.4321170183825,905.6538956566621,0.9283539899978256
76 Benign,76 Benign_roi.png,12618,15132,12919,159.09568492506116,101.9361183373379,0.7677728927267522,159.24823389915505,447.52186130069776,0.9767009830482235
13 Malignant,13 Malignant_roi.png,78254,110400,83533,374.22927784629456,271.6467105116478,0.6878180839497351,380.5325216062354,1161.4772721475251,0.9368034190080567
69 Malignant,69 Malignant_roi.png,38329,58240,40756,259.9611819335548,198.98338057593028,0.6435132479852936,277.8488797889961,825.796031280393,0.940450485818039
91 Malignant,91 Malignant_roi.png,42782,91086,50530,349.7594858180508,181.7935347660521,0.854307895366626,380.5325216062354,1041.596067174143,0.8466653473184247
36 Malignant,36 Malignant_roi.png,66454,95228,74575,351.4858918313457,261.9759868002833,0.66668616161728,382.89685295128766,1214.9919907732863,0.8911029165269863
51 Benign,51 Benign_roi.png,41007,51150,42820,319.28536788543175,167.87310096622798,0.8506220628755506,316.53751752359466,869.3279938488577,0.9576599719757123
90 Malignant,90 Malignant_roi.png,112945,159588,121962,413.0240536145472,367.7403926044539,0.45525574486808346,475.53023037447366,1440.95750288788,0.9260671356652072
28 Benign,28 Benign_roi.png,19848,26702,20406,167.5838472097506,151.93634322137942,0.42192915162247185,177.72450590731714,560.0670631985087,0.9726551014407527
94 Malignant,94 Malignant_roi.png,113187,174122,131987,477.13341291373655,333.85887422610716,0.7144190734541648,499.0400785508114,1571.0651506262047,0.8575617295642752
30 Benign,30 Benign_roi.png,21556,27900,22826,237.94219369947987,120.29209030143588,0.8627962894506656,230.54066886343503,628.6700935788386,0.9443616928064488
105 Malignant,105 Malignant_roi.png,13315,20850,14341,151.93894433898274,114.2279671910246,0.6593891867209705,154.26276284314372,490.9898987322333,0.9284568719057248
67 Benign,67 Benign_roi.png,80727,107361,82795,462.41220836775517,224.25954119235257,0.8745265995349402,454.9428535541579,1195.8559518039654,0.9750226462950661
98 Benign,98 Benign_roi.png,21774,27233,22521,257.8964045513837,110.17541212737069,0.9041533655287151,246.9757073074192,641.5634918610405,0.9668309577727454
34 Benign,34 Benign_roi.png,26102,35092,26699,293.2573461002068,114.04112427942493,0.9212895567305095,286.2481440987871,724.4163056034262,0.9776396119704858
117 Malignant,117 Malignant_roi.png,64868,100440,69219,339.9433444305983,257.7650437319465,0.6519536346557236,333.0540496676178,1057.8031739553294,0.9371415362833904
10 Benign,10 Benign_roi.png,13137,19600,14282,238.13645336596647,75.05585675995296,0.9490318976458475,253.2212471338059,589.3624817342638,0.9198291555804509
121 Malignant,121 Malignant_roi.png,71968,122430,81185,400.8946725409511,248.9855816951766,0.7837512890707298,413.81759266614074,1312.2295808265224,0.8864691753402723
76 Malignant,76 Malignant_roi.png,44318,62198,48618,306.5484643651767,193.46879389315774,0.7756854039650112,313.86939959161356,924.5067093990478,0.9115553910074458
62 Malignant,62 Malignant_roi.png,65254,105183,71966,354.49255212973907,247.47282822870787,0.7159959333094804,383.4436073270749,1104.57272657703,0.9067337353750382
111 Malignant,111 Malignant_roi.png,56653,106590,68681,311.3039324619055,255.74436063619947,0.5701706553971787,344.9420241141981,1199.7442994522837,0.8248715074037943
64 Malignant,64 Malignant_roi.png,25493,33456,26355,213.62965586529927,153.05353734422079,0.6976453155869504,214.40615662802222,632.7422074112307,0.9672927338265984
54 Malignant,54 Malignant_roi.png,21247,29736,22954,232.8217444448734,123.55631139881645,0.8475656236567177,241.66091947189145,638.7594513539337,0.9256338764485492
93 Benign,93 Benign_roi.png,37549,46080,37862,262.318334291467,182.515251404976,0.7182571756777517,260.0173071162764,744.9848480983499,0.9917331361259311
19 Benign,19 Benign_roi.png,73148,94956,74126,388.2682170241325,241.36551341484946,0.7832980508128183,391.10740212887816,1082.1635636485403,0.9868062488195775
20 Benign,20 Benign_roi.png,52117,65926,53907,281.663709356751,240.1161827449349,0.5227395530976245,303.5852433831394,911.3401871576773,0.9667946648858219
77 Benign,77 Benign_roi.png,39753,47652,40803,384.3122801243591,132.76534481441155,0.9384326859510587,369.86754385860894,903.1614716074871,0.9742665980442614
43 Malignant,43 Malignant_roi.png,20779,41924,27729,231.65036617509938,138.13410252066208,0.8027585050682209,253.71243564319033,804.8782463805517,0.7493598759421545
11 Malignant,11 Malignant_roi.png,31188,41256,33894,219.91267782195408,187.03385336241672,0.5259888637130767,228.43160902116853,754.8599564173221,0.9201628606833068
108 Malignant,108 Malignant_roi.png,6906,9384,7207,99.09551208282484,89.72861789759651,0.42439725575946596,103.94229168149026,328.5929291125633,0.9582350492576661
103 Benign,103 Benign_roi.png,36486,47696,37643,273.6799595474341,171.52236149317966,0.7792396624046457,280.40149785619906,770.9493141924172,0.9692638737613899
95 Benign,95 Benign_roi.png,29030,34650,29784,326.7607451812914,114.92969308290627,0.9361036371858295,316.62122480970856,769.6173157302028,0.9746843943056674
31 Benign,31 Benign_roi.png,122488,153039,124674,433.83359625674,360.7517530155974,0.5554587875820731,439.7180915086392,1350.9280656363571,0.9824662720374737
58 Benign,58 Benign_roi.png,5618,7440,5759,127.41550129273304,57.070827900789745,0.8940780571373282,127.61269529321916,318.8944443027283,0.975516582740059
27 Malignant,27 Malignant_roi.png,51940,73920,56538,269.50137798451215,254.08061778009065,0.3334143240409767,311.62316987027776,959.9970414071697,0.918674166047614
74 Benign,74 Benign_roi.png,155728,182664,157383,533.4236265039173,375.3765473996167,0.7104854526683443,525.9847906546348,1539.317892581091,0.9894842517933957
69 Benign,69 Benign_roi.png,27857,35595,29659,327.9785747958969,111.38976063957028,0.9405608871231288,315.767319398319,796.1736649163068,0.9392427256482012
42 Benign,42 Benign_roi.png,4534,5670,4650,90.15230028016683,65.23276027601868,0.6902363532554432,90.93404203047393,265.6812408671319,0.9750537634408603
25 Malignant,25 Malignant_roi.png,39258,61256,44104,271.188639647196,196.95512120854093,0.6874136472195422,285.27180021866866,924.3340905032674,0.8901233448213314
49 Benign,49 Benign_roi.png,4505,5632,4669,94.24473491839322,61.647937705266905,0.756385542970234,98.18350166906862,270.12489168102786,0.9648747055043907
105 Benign,105 Benign_roi.png,9531,11748,9816,133.25733751316514,93.49630102650717,0.7125491871629155,135.19245541079576,391.76450198781714,0.9709657701711492
57 Malignant,57 Malignant_roi.png,42953,67599,47410,322.95569627897055,180.94366850157235,0.8283073608546325,333.9371198294673,946.8670990922585,0.9059902974056107
97 Malignant,97 Malignant_roi.png,85946,148080,103869,618.181764566548,205.15934007232732,0.9433232201847545,618.7875241146996,1568.9575028878803,0.8274461100039473
50 Malignant,50 Malignant_roi.png,27288,33936,28760,211.05179974719036,168.54279866141252,0.6018820642492084,214.78593994952277,672.2152954766494,0.948817802503477
109 Malignant,109 Malignant_roi.png,210608,309434,225495,741.2492758979438,386.0016636481959,0.8537124297311754,722.3053370978232,2131.817459305202,0.9339807978003947
82 Malignant,82 Malignant_roi.png,34261,52440,37198,246.09024847877663,190.1744207834857,0.6346700372947592,252.87546342023774,783.0975464705581,0.9210441421581805
46 Benign,46 Benign_roi.png,5722,7772,6132,124.92460048734891,60.51019258552163,0.8748611924961613,121.63058825805291,321.82337649086287,0.9331376386170906
71 Benign,71 Benign_roi.png,9622,12950,10309,188.8875712813462,66.10157148263661,0.936767656172533,186.81809334215998,457.0365799264593,0.9333592006984188
17 Malignant,17 Malignant_roi.png,95169,136001,106355,440.000715921896,295.27922496684624,0.7413776510386182,443.64963653766245,1457.0407640085655,0.8948239386958771
17 Benign,17 Benign_roi.png,52565,73098,58132,424.2167594847712,164.94747513916315,0.9213102434231889,397.1120748604857,1055.3818177180199,0.9042351888804789
22 Malignant,22 Malignant_roi.png,39020,56400,45296,237.5843436109455,219.70206147564622,0.3806166639392424,276.63152387246106,988.1818536117698,0.8614447191805016
13 Benign,13 Benign_roi.png,43245,60738,44369,309.9947392714964,179.7257311762097,0.8147799969391102,321.7530108639234,866.0386719675123,0.9746669972277942
65 Benign,65 Benign_roi.png,12683,15552,13027,196.60309403833423,83.20382527191578,0.9060329743116687,196.9771560359221,488.1076477383247,0.9735933062101788
84 Malignant,84 Malignant_roi.png,27137,47974,33172,281.7973432957999,140.03516934154985,0.8677873456619624,294.96101437308624,818.1919548795365,0.8180694561678524
90 Benign,90 Benign_roi.png,24703,31490,25051,237.46653450139598,132.72694529567002,0.8292154807336803,237.8949347926517,631.7300141024109,0.9861083389884635
49 Malignant,49 Malignant_roi.png,23890,37908,28723,248.29689222536734,137.19170053413788,0.8334924270098384,245.65219315121126,751.7716446627535,0.831737631862967
39 Malignant,39 Malignant_roi.png,74539,106446,79849,349.18980970799583,277.52116540055846,0.6069273149160377,367.4914965002592,1165.5016587651644,0.9334994802690078
66 Malignant,66 Malignant_roi.png,10069,15158,12177,151.61351800034106,95.82255642990441,0.774953254888568,166.43316977093238,499.8477631085023,0.826886753716022
96 Benign,96 Benign_roi.png,71625,109956,75882,481.681380660007,196.05946913579257,0.9134141456847915,465.3815638806505,1210.146319705837,0.9438997390685538
